0,-0.008,26892.314,s,vis,Florja N F,,",,D,Lich,PZ 4.111,",
2,-0.0156,26893.32,s,vis,Florja N F,,",,D,Lich,PZ 4.111,",
3,-0.0134,26893.829,s,vis,Miczaika G R,,"H,0000,H,0000,,",
4,-0.0172,26894.332,s,vis,Florja N F,,",,D,Lich,PZ 4.111,",
6,-0.0108,26895.352,s,vis,Florja N F,,",,D,Lich,PZ 4.111,",
8,-0.0193,26896.357,s,vis,Florja N F,,",,D,Lich,PZ 4.111,",
10,-0.0179,26897.372,s,vis,Florja N F,,",,D,Lich,PZ 4.111,",
11,-0.0187,26897.878,s,vis,Miczaika G R,,"H,0000,H,0000,,",
12,-0.0185,26898.385,s,vis,Florja N F,,",,D,Lich,PZ 4.111,",
14,-0.0181,26899.399,s,vis,Florja N F,,",,D,Lich,PZ 4.111,",
55,-0.0006,26920.195,s,vis,Florja N F,,",,D,Lich,PZ 4.111,",
56,-0.0114,26920.438,p,vis,Martinoff D J,,",,D,Lich,PZ 4.115,",
56,-0.0114,26920.438,p,vis,Miczaika G R,,"H,0000,H,0000,,",
57,-0.0071,26921.202,s,vis,Florja N F,,",,D,Lich,PZ 4.111,",
58,-0.0079,26921.708,s,vis,Miczaika G R,,"H,0000,H,0000,,",
59,-0.0097,26922.213,s,vis,Florja N F,,",,D,Lich,PZ 4.111,",
61,-0.0163,26923.22,s,vis,Florja N F,,",,D,Lich,PZ 4.111,",
63,-0.0179,26924.232,s,vis,Florja N F,,",,D,Lich,PZ 4.111,",
66,-0.0023,26925.768,s,vis,Miczaika G R,,"H,0000,H,0000,,",
67,-0.0171,26926.26,s,vis,Florja N F,,",,D,Lich,PZ 4.111,",
69,-0.0156,26927.275,s,vis,Florja N F,,",,D,Lich,PZ 4.111,",
71,-0.0122,26928.292,s,vis,Florja N F,,",,D,Lich,PZ 4.111,",
71,-0.0092,26928.295,s,vis,Martinoff D J,,",,D,Lich,PZ 4.115,",
73,-0.0128,26929.305,s,vis,Martinoff D J,,",,D,Lich,PZ 4.115,",
83,-0.0057,26934.38,s,vis,Martinoff D J,,",,D,Lich,PZ 4.115,",
83,-0.0047,26934.381,s,vis,Martinoff D J,,"H,0000,H,0000,,",
91,-0.0301,26938.41,s,vis,Martinoff D J,,",,D,Lich,PZ 4.115,",
101,-0.005,26943.25,p,vis,Martinoff D J,,",,D,Lich,PZ 4.115,",
117,-0.0157,26951.348,p,vis,Martinoff D J,,",,D,Lich,PZ 4.115,",
117,-0.0077,26951.356,p,vis,Florja N F,,",,D,Lich,PZ 4.111,",
119,-0.0102,26952.367,p,vis,Miczaika G R,,"H,0000,H,0000,,",
119,-0.0092,26952.368,p,vis,Martinoff D J,,",,D,Lich,PZ 4.115,",
119,-0.0092,26952.368,p,vis,Florja N F,,",,D,Lich,PZ 4.111,",
121,-0.0138,26953.377,p,vis,Florja N F,,",,D,Lich,PZ 4.111,",
121,-0.0088,26953.382,p,vis,Martinoff D J,,",,D,Lich,PZ 4.115,",
121,-0.0078,26953.383,p,vis,Miczaika G R,,"H,0000,H,0000,,",
123,-0.0044,26954.4,p,vis,Martinoff D J,,",,D,Lich,PZ 4.115,",
129,-0.0052,26957.44,p,vis,Martinoff D J,,",,D,Lich,PZ 4.115,",
140,-0.0129,26963.26,s,vis,Martinoff D J,,"H,0000,H,0000,PZ 4.115,",
158,-0.0071,26972.135,p,vis,Florja N F,,",,D,Lich,PZ 4.111,",
160,-0.0097,26973.146,p,vis,Florja N F,,",,D,Lich,PZ 4.111,",
160,-0.0097,26973.146,p,vis,Miczaika G R,,"H,0000,H,0000,,",
162,-0.0113,26974.158,p,vis,Florja N F,,",,D,Lich,PZ 4.111,",
164,-0.0099,26975.173,p,vis,Florja N F,,",,D,Lich,PZ 4.111,",
166,-0.0055,26976.191,p,vis,Florja N F,,",,D,Lich,PZ 4.111,",
167,-0.0043,26976.699,p,vis,Miczaika G R,,"H,0000,H,0000,,",
168,0.0039,26977.214,p,vis,Florja N F,,",,D,Lich,PZ 4.111,",
170,-0.0036,26978.22,p,vis,Florja N F,,",,D,Lich,PZ 4.111,",
174,-0.0068,26980.244,p,vis,Martinoff D J,,",,D,Lich,PZ 4.115,",
174,-0.0068,26980.244,p,vis,Miczaika G R,,"H,0000,H,0000,,",
176,-0.0094,26981.255,p,vis,Martinoff D J,,",,D,Lich,PZ 4.115,",
180,-0.0116,26983.28,p,vis,Martinoff D J,,",,D,Lich,PZ 4.115,",
262,-0.0085,27025.093,s,vis,Martinoff D J,,",,D,Lich,NNVS 55,",
274,-0.008,27031.175,s,vis,Martinoff D J,,",,D,Lich,PZ 5.115,",
634,-0.0091,27213.366,p,vis,Martinoff D J,,",,D,Lich,BKZ 1.4,",
634,-0.0091,27213.366,p,vis,Miczaika G R,,"H,0000,H,0000,,",
876,-0.0018,27336.27,s,vis,Martinoff D J,,",,D,Lich,NNVS 55,",
878,-0.0054,27337.28,s,vis,Martinoff D J,,",,D,Lich,NNVS 55,",
884,-0.0091,27340.317,s,vis,Martinoff D J,,",,D,Lich,NNVS 55,",
888,-0.0103,27342.343,s,vis,Martinoff D J,,",,D,Lich,NNVS 55,",
892,-0.0095,27344.371,s,vis,Martinoff D J,,",,D,Lich,NNVS 55,",
894,-0.008,27345.133,p,vis,Martinoff D J,,",,D,Lich,BKZ 1.4,",
894,-0.009,27345.385,s,vis,Martinoff D J,,",,D,Lich,NNVS 55,",
934,-0.0017,27365.411,p,vis,Lause F,,,"N,0257,D,Lich,AN 257.73,"
936,-0.0053,27366.421,p,vis,Lause F,,,"N,0257,D,Lich,AN 257.73,"
936,-0.0033,27366.423,p,vis,Miczaika G R,,"H,0000,H,0000,,",
939,-0.0067,27368.193,s,vis,Martinoff D J,,",,D,Lich,NNVS 55,",
1441,-0.0053,27622.351,p,vis,Soloviev A V,,",,D,Lich,PZ 5.11,",
1449,-0.0096,27626.401,p,vis,Lause F,,,",,D,Lich,AN 257.73,"
1451,-0.0092,27627.415,p,vis,Lause F,,,",,D,Lich,AN 257.73,"
1453,-0.0078,27628.43,p,vis,Lause F,,,",,D,Lich,AN 257.73,"
1528,-0.0062,27666.441,p,vis,Lause F,,,",,D,Lich,AN 257.73,"
1528,-0.0052,27666.442,p,vis,Miczaika G R,,"H,0000,H,0000,,",
1530,-0.0068,27667.454,p,vis,Lause F,,,",,D,Lich,AN 257.73,"
1536,-0.0045,27670.497,p,vis,Lause F,,,",,D,Lich,AN 257.73,"
1559,-0.0057,27682.405,s,vis,Martinoff D J,,",,D,Lich,NNVS 55,",
1587,-0.0029,27696.345,p,vis,Lause F,,,",,D,Lich,AN 257.73,"
1589,-0.0055,27697.356,p,vis,Lause F,,,",,D,Lich,AN 257.73,"
1591,-0.0001,27698.375,p,vis,Lause F,,,",,D,Lich,AN 257.73,"
1638,-0.0003,27722.194,p,vis,Martinoff D J,,",,D,Lich,NNVS 55,",
1675,-0.0066,27741.192,s,vis,Martinoff D J,,",,D,Lich,NNVS 55,",
1721,0.001,27764.259,p,vis,Lause F,,,",,D,Lich,AN 257.73,"
1723,-0.0116,27765.26,p,vis,Lause F,,,",,D,Lich,AN 257.73,"
2143,0.0047,27978.382,s,pg,Nikonov B,,",,D,Lich,AAOB 1.19,",
2149,-0.007,27981.411,s,pg,Nikonov B,,",,D,Lich,AAOB 1.19,",
2151,-0.0056,27982.426,s,pg,Nikonov B,,",,D,Lich,AAOB 1.19,",
2153,0.0008,27983.446,s,pg,Nikonov B,,",,D,Lich,AAOB 1.19,",
2254,0.0018,28034.38,p,pg,Nikonov B,,",,D,Lich,AAOB 1.19,",
2264,-0.0001,28039.446,p,vis,Martinoff D J,,",,D,Lich,NNVS 55,",
2279,-0.012,28047.289,s,vis,Martinoff D J,,",,D,Lich,NNVS 55,",
2285,0.0023,28050.344,s,vis,Martinoff D J,,",,D,Lich,NNVS 55,",
2287,-0.0003,28051.355,s,vis,Martinoff D J,,",,D,Lich,NNVS 55,",
2409,-0.0039,28113.18,s,vis,Martinoff D J,,",,D,Lich,NNVS 55,",
2958,0.0063,28391.419,s,vis,Martinoff D J,,",,D,Lich,NNVS 55,",
3727,0.0012,28780.884,p,vis,Martinoff D J,,",,D,Lich,NNVS 55,",
4259,0.0099,29050.506,p,pg,Busch Helmut,,"H,,D,Lich,MHAR 1,",
4332,0.0161,29087.508,p,pg,Busch Helmut,,"H,,D,Lich,MHAR 1,",
4456,0.0108,29150.345,p,vis,Piotrowski S,,",,D,Lich,COVS,",
4458,0.0123,29151.36,p,vis,Piotrowski S,,",,D,Lich,COVS,",
4462,0.0081,29153.383,p,vis,Piotrowski S,,",,D,Lich,COVS,",
5060,0.0085,29456.445,p,pg,Busch Helmut,,"H,,D,Lich,MHAR 1,",
5072,-0.01,29462.508,p,pg,Busch Helmut,,"H,,D,Lich,MHAR 1,",
5137,0.0095,29495.469,p,pg,Busch Helmut,,"H,,D,Lich,MHAR 1,",
5141,0.0033,29497.49,p,pg,Busch Helmut,,"H,,D,Lich,MHAR 1,",
5770,0.0092,29816.521,s,pg,Busch Helmut,,"H,,D,Lich,MHAR 1,",
5839,0.0075,29851.488,s,pg,Busch Helmut,,"H,,D,Lich,MHAR 1,",
6056,0.0266,29961.228,p,pg,Busch Helmut,,"H,,D,Lich,MHAR 1,",
7388,0.0417,30636.29,p,pg,Busch Helmut,,"H,,D,Lich,MHAR 1,",
7970,0.0288,30931.483,s,pg,Busch Helmut,,"H,,D,Lich,MHAR 1,",
8801,0.0326,31352.378,p,pg,Busch Helmut,,"H,,D,Lich,MHAR 1,",
10204,0.0454,32063.42,p,pg,Busch Helmut,,"H,,D,Lich,MHAR 1,",
10300,0.0334,32112.313,s,pg,Busch Helmut,,"H,,D,Lich,MHAR 1,",
10908,0.0349,32420.444,s,pg,Busch Helmut,,"H,,D,Lich,MHAR 1,",
11467,0.0471,32703.5,p,pg,Busch Helmut,,"H,,D,Lich,MHAR 1,",
11701,0.0568,32822.352,s,pg,Busch Helmut,,"H,,D,Lich,MHAR 1,",
13811,0.0527,33891.426,p,vis,Jahn A,,,"D,0008,N,0281,,"
13819,0.0404,33895.468,p,vis,Jahn A,,,"D,0008,N,0281,,"
13819,0.0444,33895.472,p,pg,Ahnert P,,"M, 513,,,,",
13829,0.0404,33900.536,p,vis,Jahn A,,,"D,0008,N,0281,,"
13878,0.0458,33925.3742,p,pe,Kwee K K,,"M, 513,,,BAN 14.131,",
14409,0.0471,34194.482,p,pe,Kwee K K,,",,D,Lich,BAN 14.131,",
14431,0.0476,34205.632,p,vis,Ashbrook J,,",,,,AJ 57.259,",
14433,0.0481,34206.646,p,vis,Ashbrook J,,",,D,Lich,AJ 57.259,",
14435,0.0505,34207.662,p,vis,Ashbrook J,,",,D,Lich,AJ 57.259,",
14439,0.0443,34209.683,p,vis,Ashbrook J,,",,D,Lich,AJ 57.259,",
14443,0.0421,34211.708,p,vis,Ashbrook J,,",,D,Lich,AJ 57.259,",
14447,0.043,34213.736,p,vis,Ashbrook J,,",,D,Lich,AJ 57.259,",
14453,0.0502,34216.784,p,vis,Ashbrook J,,",,D,Lich,AJ 57.259,",
14472,0.0485,34226.4113,p,pg,Ahnert P,,"M, 513,,,,",
14504,0.0528,34242.633,p,vis,Ashbrook J,,",,D,Lich,AJ 57.259,",
14508,0.0547,34244.662,p,vis,Ashbrook J,,",,D,Lich,AJ 57.259,",
14514,0.0479,34247.696,p,vis,Ashbrook J,,",,D,Lich,AJ 57.259,",
14516,0.0463,34248.708,p,vis,Ashbrook J,,",,D,Lich,AJ 57.259,",
14518,0.0507,34249.726,p,vis,Ashbrook J,,",,D,Lich,AJ 57.259,",
14522,0.0496,34251.752,p,vis,Ashbrook J,,",,D,Lich,AJ 57.259,",
14565,0.0445,34273.539,p,vis,Ashbrook J,,",,D,Lich,AJ 58.171,",
15049,0.0492,34518.831,p,pe,Fitch W S,,",,D,Lich,AJ 69.316,",
15210,0.0502,34600.4255,p,pe,Kwee K K,,",,D,Lich,BAN 14.131,",
16445,0.0596,35226.576,s,pg,Busch Helmut,,",,D,Lich,MHAR 1,",
16546,0.0596,35277.509,p,pg,Busch Helmut,,",,,,MHAR 1,",
16609,0.0457,35309.423,p,vis,Doerr F,,,"D,0012,D,Lich,,"
16609,0.0487,35309.426,p,vis,Rudolph R,,"D,0012,D,Lich,,",
16611,0.0431,35310.434,p,vis,Mueller J,,"D,0012,D,Lich,,",
16611,0.0501,35310.441,p,vis,Rudolph R,,"D,0012,D,Lich,,",
16613,0.0525,35311.457,p,vis,Mueller J,,"D,0012,D,Lich,,",
16613,0.0555,35311.46,p,vis,Rudolph R,,"D,0012,D,Lich,,",
16615,0.0459,35312.464,p,pg,Busch Helmut,,"H,,D,Lich,MHAR 1,",
16617,0.0533,35313.485,p,vis,Lehmpfuhl F,,"D,0012,D,Lich,,",
16617,0.0533,35313.485,p,vis,Rudolph R,,"D,0012,D,Lich,,",
16659,0.0517,35334.7686,p,pg,Ahnert P,,"M,0513,,,,",
16707,0.0581,35359.354,s,pg,Busch Helmut,,"H,,D,Lich,MHAR 1,",
16717,0.0611,35364.425,s,pg,Busch Helmut,,"H,,D,Lich,MHAR 1,",
16747,0.0504,35379.365,p,vis,Doerr F,,,"D,0012,D,Lich,,"
16747,0.0544,35379.369,p,vis,Rudolph R,,"D,0012,D,Lich,,",
16749,0.0548,35380.383,p,vis,Rudolph R,,"D,0012,D,Lich,,",
16749,0.0558,35380.384,p,vis,Quester Wolfgang,"D,0012,D,Lich,,",,
16749,0.0608,35380.389,p,vis,Doerr F,,,"D,0012,D,Lich,,"
17876,0.0632,35951.546,p,vis,Rudolph R,,"D,0012,D,Lich,,",
17876,0.0662,35951.549,p,vis,none,,,",,,,,"
17941,0.0597,35984.484,p,vis,Rudolph R,,"D,0012,D,Lich,,",
17941,0.0617,35984.486,p,vis,Doerr F,,,"D,0012,D,Lich,,"
18031,0.0122,36030.3008,s,pg,Ahnert P,,"M,0513,,,,",
18118,0.0615,36074.441,s,vis,Doerr F,,,"D,0012,D,Lich,,"
18118,0.0645,36074.444,s,vis,Rudolph R,,"D,0012,D,Lich,,",
18118,0.0675,36074.447,s,vis,Quester Wolfgang,"D,0012,D,Lich,,",,
18118,0.0695,36074.449,s,vis,Braune Werner,,"D,0012,D,Lich,,",
18120,0.067,36075.46,s,vis,Rudolph R,,"D,0012,D,Lich,,",
18122,0.0604,36076.467,s,vis,Rudolph R,,"D,0012,D,Lich,,",
18122,0.0624,36076.469,s,vis,Doerr F,,,"D,0012,D,Lich,,"
18878,0.0766,36459.365,p,pg,Busch H,,,"D,H003,,,HBZ 003,"
18880,0.086,36460.388,p,pg,Busch H,,,"D,H003,,,HBZ 003,"
18882,0.0415,36461.357,p,pg,Busch H,,,"D,H003,,,HBZ 003,"
18882,0.0775,36461.393,p,pg,Busch H,,,"D,H003,,,HBZ 003,"
19377,0.0634,36712.494,s,vis,Rudolph R,,"D,0013,D,Lich,,",
19418,0.0649,36733.021,p,pg,Busch Helmut,,",,,,,",
19578,0.0562,36814.352,s,pg,Busch H,,,"D,H003,,,HBZ 003,"
19582,0.0761,36816.399,s,pg,Busch H,,,"D,H003,,,HBZ 003,"
19586,0.0619,36818.412,s,pg,Busch H,,,"D,H003,,,HBZ 003,"
19588,0.0623,36819.426,s,pg,Busch H,,,"D,H003,,,HBZ 003,"
19624,0.0788,36837.434,p,pg,Busch H,,,"D,H003,,,HBZ 003,"
19628,0.0566,36839.439,p,pg,Busch H,,,"D,H003,,,HBZ 003,"
19643,0.0757,36847.313,s,pg,Busch H,,,"D,H003,,,HBZ 003,"
19683,0.0441,36867.3,p,pg,Busch H,,,"D,H003,,,HBZ 003,"
19685,0.0715,36868.341,p,pg,Busch H,,,"D,H003,,,HBZ 003,"
19746,0.0652,36899.249,p,pg,Busch H,,,"D,H003,,,HBZ 003,"
19752,0.0704,36902.295,p,pg,Busch H,,,"D,H003,,,HBZ 003,"
20165,0.0683,37111.598,p,vis,Ashbrook J,,"A,0008,I,0119,,",
20167,0.0607,37112.604,p,vis,Ashbrook J,,"A,0008,I,0119,,",
20169,0.0602,37113.617,p,vis,Ashbrook J,,"A,0008,I,0119,,",
20179,0.0652,37118.69,p,vis,Ashbrook J,,"A,0008,I,0119,,",
20198,0.0692,37128.576,s,vis,Ashbrook J,,"A,0008,I,0119,,",
20206,0.0588,37132.62,s,vis,Ashbrook J,,"A,0008,I,0119,,",
20236,0.0641,37147.576,p,vis,Ashbrook J,,"A,0008,I,0119,,",
20238,0.0625,37148.588,p,vis,Ashbrook J,,"A,0008,I,0119,,",
20285,0.0623,37172.66,s,vis,Ashbrook J,,"A,0008,I,0119,,",
20287,0.0617,37173.42,p,pg,Ahnert P,,",,M,0513,EBC 1.32,",
20318,0.0731,37189.395,s,pg,Editor,,,"D,H101,,,HBZ 101,"
20320,0.0776,37190.413,s,pg,Editor,,,"D,H101,,,HBZ 101,"
20322,0.065,37191.414,s,pg,Ahnert P,,",,M,0513,EBC 1.32,",
20322,0.083,37191.432,s,pg,Editor,,,"D,H101,,,HBZ 101,"
20324,0.0594,37192.422,s,pg,Ahnert P,,"H,0000,M,0513,EBC 1.32,",
20326,0.0618,37193.185,p,pg,Ahnert P,,"M,0513,,,EBC 1.32,",
20338,0.0513,37199.509,s,vis,Ashbrook J,,"A,0008,I,0119,,",
20340,0.0507,37200.522,s,vis,Ashbrook J,,"A,0008,I,0119,,",
20342,0.0631,37201.548,s,vis,Ashbrook J,,"A,0008,I,0119,,",
20344,0.0646,37202.31,p,pg,Editor,,,"D,H101,,,HBZ 101,"
20346,0.065,37203.324,p,vis,Ahnert P,,",,M,0513,MVS 1.512,",
20352,0.0632,37206.363,p,vis,Ahnert P,,",,M,0513,MVS 1.512,",
20374,0.0678,37217.517,p,vis,Ashbrook J,,"A,0008,I,0119,,",
20883,0.0737,37475.48,p,vis,Lehmann P B,,"D,0015,D,Lich,,",
20948,0.0492,37508.65,s,vis,Ashbrook J,,"A,0008,I,0119,,",
20966,0.0569,37517.527,p,vis,Szeligiewicz E,,"K,0017,K,0017,AA 17.60,",
20966,0.0609,37517.531,p,vis,Slowik A,,"K,0017,D,Lich,AA 17.60,",
20966,0.0609,37517.531,p,vis,Rodzinski J,,"K,0017,K,0017,AA 17.60,",
20966,0.0619,37517.532,p,vis,Flin P,,,"K,0017,K,0017,AA 17.60,"
20966,0.0619,37517.532,p,vis,Branczewicz H,,"K,0017,K,0017,AA 17.60,",
20966,0.0649,37517.535,p,vis,Slowik Z,,"K,0017,K,0017,AA 17.60,",
20968,0.0623,37518.546,p,vis,Ashbrook J,,"A,0008,I,0119,,",
20990,0.0679,37529.701,p,vis,Ayala H,,,"A,0002,A,0002,ST 26.153,"
20998,0.0636,37533.751,p,vis,Ayala H,,,"A,0002,A,0002,ST 26.153,"
21009,0.0579,37539.573,s,vis,Ashbrook J,,"A,0008,I,0119,,",
21019,0.065,37544.395,p,vis,Lehmann P B,,"D,0015,D,Lich,,",
21019,0.091,37544.421,p,pg,Editor,,,"D,H101,,,HBZ 101,"
21021,0.0584,37545.402,p,vis,Czerlunczakiewic,"K,0017,D,Lich,AA 17.60,",,
21021,0.0644,37545.408,p,vis,Kubica B,,"K,0017,D,Lich,AA 17.60,",
21023,0.0568,37546.414,p,vis,Czerlunczakiewic,"K,0017,D,Lich,AA 17.60,",,
21023,0.0608,37546.418,p,vis,Kuzminski J,,"K,0017,K,0017,AA 17.60,",
21023,0.0638,37546.421,p,vis,Pollak M,,"K,0017,K,0017,AA 17.60,",
21023,0.0648,37546.422,p,vis,Slowik A,,"K,0017,K,0017,AA 17.60,",
21023,0.0658,37546.423,p,vis,Luboviecka T,,"K,0017,K,0017,AA 17.60,",
21023,0.0678,37546.425,p,vis,Dohnalik T,,"K,0018,D,Lich,AA 18.332,",
21023,0.0698,37546.427,p,vis,Kubica B,,"K,0017,D,Lich,AA 17.60,",
21080,0.0656,37575.31,p,pg,Editor,,,"D,H101,,,HBZ 101,"
21084,0.0875,37577.359,p,pg,Editor,,,"D,H101,,,HBZ 101,"
21088,0.0683,37579.367,p,vis,Braune Werner,,"D,0015,D,Lich,,",
21088,0.0693,37579.368,p,vis,Krueger P,,"D,0015,H,0000,,",
21088,0.0893,37579.388,p,pg,Editor,,,"D,H101,,,HBZ 101,"
21635,0.0661,37856.58,p,pg?,Busch H,,,"D,H072,,,HBZ 072,"
21680,0.0651,37879.6377,s,pe,Bookmeyer B B,,",,D,Lich,AJ 73.32,",
21694,0.0694,37886.484,p,pg,Editor,,,"D,H101,,,HBZ 101,"
21694,0.0784,37886.493,p,vis,Flin P,,,"K,0017,K,0017,AA 17.60,"
21694,0.0804,37886.495,p,vis,Bracewicz H,,"K,0017,K,0017,AA 17.60,",
21696,0.0818,37887.51,p,vis,Flin P,,,"K,0017,K,0017,AA 17.60,"
21696,0.0848,37887.513,p,vis,Bracewicz H,,"K,0017,K,0017,AA 17.60,",
21698,0.0682,37888.51,p,vis,Flin P,,,"K,0017,K,0017,AA 17.60,"
21698,0.0712,37888.513,p,vis,Bracewicz H,,"K,0017,K,0017,AA 17.60,",
21751,0.0667,37915.6215,s,pe,Binnendijk L,,",,D,Lich,AJ 73.32,",
21779,0.0677,37929.5597,p,pe,Binnendijk L,,",,D,Lich,AJ 73.32,",
21784,0.0691,37932.348,s,vis,Masuch J,,"D,0015,D,Lich,,",
21784,0.0731,37932.352,s,vis,Fernandes Mario,,"D,0015,D,Lich,,",
21784,0.0751,37932.354,s,vis,Braune Werner,,"D,0015,D,Lich,,",
21785,0.068,37932.6007,p,pe,Binnendijk L,,",,D,Lich,AJ 73.32,",
21786,0.0705,37933.363,s,vis,Masuch J,,"D,0015,D,Lich,,",
21788,0.0659,37934.372,s,pg,Editor,,,"D,H101,,,HBZ 101,"
21788,0.0669,37934.373,s,vis,Lehmann P B,,"D,0015,D,Lich,,",
21788,0.0669,37934.373,s,vis,Masuch J,,"D,0015,D,Lich,,",
21788,0.0709,37934.377,s,vis,Braune Werner,,"D,0015,D,Lich,,",
21790,0.0633,37935.383,s,pg,Editor,,,"D,H101,,,HBZ 101,"
21812,0.0669,37946.283,p,vis,Braune Werner,,"D,0015,D,Lich,,",
21816,0.0687,37948.312,p,vis,Dueball J,,"D,0015,D,Lich,,",
21816,0.0697,37948.313,p,vis,Braune Werner,,"D,0015,D,Lich,,",
21853,0.0664,37967.314,s,vis,Braune Werner,,"D,0015,D,Lich,,",
22280,0.0672,38183.462,p,vis,Quester Wolfgang,"D,0018,D,Lich,,",,
22321,0.0678,38204.494,s,vis,Orlovius V,,"N,0288,D,Lich,AN 288.70,",
22388,0.0707,38238.452,s,vis,Orlovius V,,"N,0288,D,Lich,AN 288.70,",
22388,0.0717,38238.453,s,vis,Bode H,,,"N,0288,D,Lich,AN 288.70,"
22390,0.0711,38239.466,s,V,Pohl E,,,"I,0391,H,0000,,"
22418,0.0599,38253.392,p,vis,Flin P,,,"K,0017,K,0017,AA 17.60,"
22418,0.0599,38253.392,p,vis,Slowik A,,"K,0017,K,0017,AA 17.60,",
22418,0.0669,38253.399,p,vis,Dmochowska A,,"K,0017,D,Lich,AA 17.60,",
22422,0.0638,38255.423,p,pg,Editor,,,"D,H101,,,HBZ 101,"
22487,0.0683,38288.369,p,pg,Editor,,,"D,H101,,,HBZ 101,"
22489,0.0827,38289.397,p,pg,Editor,,,"D,H101,,,HBZ 101,"
22517,0.0625,38303.567,p,vis,Pohl R,,,"A,0003,A,0003,ST 27.58,"
22521,0.0654,38305.597,p,vis,Pohl R,,,"A,0003,A,0003,ST 27.58,"
22554,0.0762,38322.332,p,pg,Editor,,,"D,H101,,,HBZ 101,"
22556,0.0626,38323.332,p,pg,Editor,,,"D,H101,,,HBZ 101,"
22581,0.0738,38336.266,s,vis,Orlovius V,,"N,0288,D,Lich,AN 288.70,",
22652,0.0766,38372.251,s,pg,Editor,,,"D,H101,,,HBZ 101,"
23016,0.0663,38556.46,p,pg,Editor,,,"D,H101,,,HBZ 101,"
23054,0.0622,38575.714,p,vis,Howell A,,"A,0005,D,Lich,ST 28.244,",
23056,0.0656,38576.731,p,vis,Howell A,,"A,0005,D,Lich,ST 28.244,",
23067,0.0889,38582.582,s,vis,Howell A,,"A,0005,A,0005,ST 28.244,",
23083,0.0683,38590.67,s,vis,Baldwin Marvin,,"A,0006,I,0111,ST 29.254,",
23085,0.0687,38591.684,s,vis,Baldwin Marvin,,"A,0006,I,0111,ST 29.254,",
23101,0.07,38599.794,s,vis,Baldwin Marvin,,"A,0006,I,0111,ST 29.254,",
23116,0.0821,38607.408,s,pg,Editor,,,"D,H101,,,HBZ 101,"
23124,0.0688,38611.449,s,vis,Peter H,,,"D,0018,D,Lich,,"
23124,0.0688,38611.449,s,vis,Hasler N,,"B,...1,B,...1,,",
23126,0.0672,38612.461,s,vis,Peter H,,,"D,0018,D,Lich,,"
23126,0.0672,38612.461,s,vis,Hasler N,,"B,...1,B,...1,,",
23128,0.0678,38613.2222,p,pg,GCVS,,,"0,GCVS,0,GCVS,,"
23128,0.0666,38613.474,s,vis,Czerlunczakiewic,"K,0017,D,Lich,AA 17.60,",,
23128,0.0686,38613.476,s,vis,Flin P,,,"K,0017,D,Lich,AA 17.60,"
23128,0.0696,38613.477,s,vis,Carbol K,,"C,0006,C,0006,,",
23130,0.071,38614.492,s,pg,Editor,,,"D,H101,,,HBZ 101,"
23181,0.0696,38640.337,s,vis,Marx Harald,,"D,0018,D,Lich,,",
23181,0.0696,38640.337,s,vis,Peter H,,,"D,0018,D,Lich,,"
23181,0.0696,38640.337,s,vis,Hasler N,,"B,...1,B,...1,,",
23184,0.0681,38641.6028,p,pe,Binnendijk L,,",,D,Lich,AJ 73.32,",
23185,0.0775,38642.372,s,pg,Editor,,,"D,H101,,,HBZ 101,"
23192,0.0685,38645.6576,p,pe,Binnendijk L,,",,D,Lich,AJ 73.32,",
23203,0.0812,38651.498,s,vis,Busch Helmut,,",,D,Lich,MVS 8.28,",
23223,0.0674,38661.367,p,vis,Marx Harald,,"D,0018,D,Lich,,",
23225,0.0738,38662.387,p,vis,Peter H,,,"B,...2,D,0018,,"
23306,0.0656,38703.682,s,vis,Baldwin Marvin,,"A,0006,I,0111,ST 29.254,",
23559,0.0503,38831.632,p,vis,Locher Kurt,,"B,...2,B,...2,Ori 93,",
23659,0.0701,38882.584,s,pg,Editor,,,"D,H101,,,HBZ 101,"
23716,0.0709,38911.472,s,pg,Editor,,,"D,H101,,,HBZ 101,"
23748,0.0686,38927.687,s,vis,Ricker C,,"A,0006,I,0111,,",
23750,0.072,38928.704,s,vis,Williams D,,"A,0006,I,0111,,",
23756,0.0722,38931.745,s,vis,Williams D,,"A,0006,I,0111,,",
23764,0.0789,38935.806,s,vis,Murphy M,,"A,0006,I,0111,,",
23766,0.0723,38936.813,s,vis,Monske R,,"A,0006,I,0111,,",
23768,0.0697,38937.824,s,vis,Monske R,,"A,0006,I,0111,,",
23770,0.0722,38938.84,s,vis,Monske R,,"A,0006,I,0111,,",
23813,0.0711,38960.631,s,vis,Monske R,,"A,0007,I,0114,,",
23815,0.0635,38961.637,s,vis,Monske R,,"A,0007,I,0114,,",
23817,0.0689,38962.656,s,vis,Monske R,,"A,0007,I,0114,,",
23819,0.0694,38963.67,s,vis,Monske R,,"A,0007,I,0114,,",
23821,0.0598,38964.674,s,vis,Williams D,,"A,0006,I,0111,,",
23825,0.0736,38966.715,s,vis,Williams D,,"A,0006,I,0111,,",
23827,0.065,38967.72,s,vis,Monske R,,"A,0007,I,0114,,",
23833,0.0613,38970.757,s,vis,Monske R,,"A,0007,I,0114,,",
23837,0.0681,38972.791,s,vis,Monske R,,"A,0007,I,0114,,",
23858,0.0665,38983.432,s,vis,Braune Werner,,"D,0018,D,Lich,,",
23858,0.0775,38983.443,s,vis,Lehmann P B,,"D,0018,D,Lich,,",
23866,0.0691,38987.489,s,vis,Haas G,,,"D,0018,D,Lich,,"
23866,0.0701,38987.49,s,vis,Marx Harald,,"D,0018,D,Lich,,",
23884,0.0719,38996.614,s,vis,Monske R,,"A,0007,I,0114,,",
23886,0.0673,38997.623,s,vis,Monske R,,"A,0007,I,0114,,",
23890,0.0641,38999.647,s,vis,Monske R,,"A,0007,I,0114,,",
23892,0.0635,39000.66,s,vis,Loring D,,"A,0007,I,0114,,",
23894,0.063,39001.673,s,vis,Grady W,,,"A,0007,I,0114,,"
23894,0.072,39001.682,s,vis,Baldwin Marvin,,"A,0007,I,0114,,",
23896,0.0804,39002.451,p,pg,Editor,,,"D,H102,,,HBZ 102,"
23896,0.0694,39002.693,s,vis,Monske R,,"A,0007,I,0114,,",
23898,0.0668,39003.704,s,vis,Grady W,,,"A,0007,I,0114,,"
23939,0.0853,39024.501,s,vis,Busch Helmut,,",,D,Lich,MVS 8.28,",
23957,0.0561,39033.341,p,pg,Editor,,,"D,H102,,,HBZ 102,"
23957,0.0681,39033.353,p,vis,Braune Werner,,"D,0018,D,Lich,,",
23963,0.0723,39036.651,s,vis,Baldwin Marvin,,"A,0008,I,0119,,",
23965,0.0737,39037.413,p,vis,Locher Kurt,,"B,...3,B,...3,Ori 95,",
23965,0.0747,39037.414,p,vis,Locher Kurt,,"D,0018,D,Lich,,",
23982,0.0683,39046.276,s,vis,Locher Kurt,,"B,...3,B,...3,Ori 95,",
23992,0.0703,39051.346,s,vis,Seidl M,,,"H,0000,H,0000,,"
24014,0.0729,39062.245,p,vis,Peter H,,,"B,...3,B,...3,Ori 95,"
24352,0.0762,39233.544,p,vis,Seidl M,,,"D,0023,D,Lich,,"
24360,0.0619,39237.584,p,vis,Locher Kurt,,"B,...4,B,...4,Ori 97,",
24423,0.064,39269.767,s,vis,Monske R,,"A,0010,I,0154,,",
24427,0.0628,39271.793,s,vis,Monske R,,"A,0010,I,0154,,",
24456,0.0598,39286.487,s,vis,Howell A,,"A,0010,I,0154,,",
24458,0.0643,39287.505,s,vis,Howell A,,"A,0010,I,0154,,",
24458,0.0663,39287.507,s,vis,Locher Kurt,,"B,...5,B,...5,Ori 98,",
24459,0.0605,39287.755,p,vis,Monske R,,"A,0010,I,0154,,",
24461,0.0569,39288.765,p,vis,Monske R,,"A,0010,I,0154,,",
24463,0.0643,39289.786,p,vis,Monske R,,"A,0010,I,0154,,",
24467,0.0561,39291.805,p,vis,Williams D,,"A,0010,I,0154,,",
24471,0.065,39293.841,p,vis,Baldwin Marvin,,"A,0011,I,0180,,",
24478,0.0594,39297.636,s,vis,Monske R,,"A,0010,I,0154,,",
24480,0.0618,39298.652,s,vis,Monske R,,"A,0010,I,0154,,",
24482,0.0613,39299.665,s,vis,Monske R,,"A,0010,I,0154,,",
24484,0.0617,39300.679,s,vis,Monske R,,"A,0010,I,0154,,",
24514,0.0739,39315.642,p,vis,Baldwin Marvin,,"A,0011,I,0180,,",
24516,0.0673,39316.649,p,vis,Baldwin Marvin,,"A,0011,I,0180,,",
24518,0.0647,39317.66,p,vis,Baldwin Marvin,,"A,0011,I,0180,,",
24518,0.0657,39317.661,p,vis,Monske R,,"A,0010,I,0154,,",
24520,0.0632,39318.672,p,vis,Monske R,,"A,0010,I,0154,,",
24521,0.0744,39319.443,s,vis,Peter H,,,"B,...5,B,...5,Ori 98,"
24521,0.0754,39319.444,s,vis,Diethelm Roger,,"B,...5,B,...5,Ori 98,",
24522,0.0666,39319.689,p,vis,Baldwin Marvin,,"A,0011,I,0180,,",
24523,0.0698,39320.452,s,vis,Flin P,,,",,D,Lich,AA 18.332,"
24524,0.065,39320.701,p,vis,Baldwin Marvin,,"A,0011,I,0180,,",
24528,0.0618,39322.725,p,vis,Monske R,,"A,0010,I,0154,,",
24528,0.0656,39322.7288,p,pe,Binnendijk L,,",,D,Lich,AJ 73.32,",
24538,0.0656,39327.7967,p,pe,Binnendijk L,,",,D,Lich,AJ 73.32,",
24540,0.0643,39328.809,p,vis,Monske R,,"A,0010,I,0154,,",
24549,0.0762,39333.382,p,vis,Diethelm Roger,,"B,...5,B,...5,Ori 98,",
24557,0.0639,39337.677,s,vis,Monske R,,"A,0011,I,0180,:,",
24559,0.0673,39338.441,p,vis,Diethelm Roger,,"B,...5,B,...5,Ori 98,",
24565,0.0663,39341.7338,s,pe,Binnendijk L,,",,D,Lich,AJ 73.32,",
24567,0.0659,39342.747,s,vis,Monske R,,"A,0011,I,0180,,",
24583,0.0653,39350.602,p,vis,Monske R,,"A,0011,I,0180,,",
24584,0.0635,39351.36,s,vis,Diethelm Roger,,"B,...5,B,...5,Ori 98,",
24586,0.0679,39352.378,s,vis,Braune Werner,,"D,0023,D,Lich,,",
24587,0.0621,39352.626,p,vis,Baldwin Marvin,,"A,0011,I,0180,,",
24593,0.0593,39355.664,p,vis,Monske R,,"A,0011,I,0180,,",
24593,0.0603,39355.665,p,vis,Monske R,,"A,0011,I,0180,,",
24594,0.0636,39356.428,s,vis,Malas Z,,,",,D,Lich,AA 18.332,"
24594,0.0706,39356.435,s,vis,Chodorowski F,,",,D,Lich,AA 18.332,",
24596,0.07,39357.448,s,vis,Czerlunczakiewic,",,D,Lich,AA 18.332,",,
24596,0.074,39357.452,s,vis,Kranas W,,",,D,Lich,AA 18.332,",
24655,0.0662,39387.345,s,vis,Braune Werner,,"D,0023,D,Lich,,",
24657,0.0777,39388.37,s,vis,Peter H,,,"B,...6,B,...6,Ori 100,"
24659,0.0741,39389.38,s,vis,Braune Werner,,"D,0023,D,Lich,,",
24659,0.0801,39389.386,s,vis,Busch Helmut,,",,D,Lich,MVS 8.28,",
24661,0.0705,39390.39,s,vis,Mundry E,,"D,0023,D,Lich,,",
24661,0.0805,39390.4,s,vis,Peter H,,,"B,...6,B,...6,Ori 100,"
24663,0.0609,39391.394,s,vis,Seidl M,,,"D,0023,D,Lich,,"
24665,0.0693,39392.416,s,vis,Peter H,,,"B,...6,B,...6,Ori 100,"
24687,0.0669,39403.31,p,vis,Locher Kurt,,"B,...6,B,...6,Ori 100,",
24693,0.0641,39406.348,p,vis,Huebscher J,,"D,0023,D,Lich,,",
24693,0.0681,39406.352,p,vis,Braune Werner,,"D,0023,D,Lich,,",
24693,0.0691,39406.353,p,vis,Eckert W,,"D,0023,D,Lich,,",
24695,0.0686,39407.366,p,vis,Peter H,,,"B,...6,B,...6,Ori 100,"
24724,0.0586,39422.306,s,vis,Locher Kurt,,"B,...6,B,...6,Ori 100,",
24758,0.0657,39439.291,p,vis,Peter H,,,"B,...6,B,...6,Ori 100,"
24789,0.0581,39455.247,s,vis,Peter H,,,"B,...6,B,...6,Ori 100,"
25193,0.0631,39659.743,p,vis,Anderson Carl,,"A,0014,I,0795,,",
25197,0.068,39661.775,p,vis,Anderson Carl,,"A,0014,I,0795,,",
25216,0.0609,39671.65,s,vis,Baldwin Marvin,,"A,0013,I,0247,,",
25218,0.0643,39672.667,s,vis,Baldwin Marvin,,"A,0013,I,0247,,",
25220,0.0648,39673.428,p,vis,Locher Kurt,,"B,...8,B,...8,Ori 103,",
25222,0.0602,39674.69,s,vis,Baldwin Marvin,,"A,0013,I,0247,,",
25224,0.0636,39675.707,s,vis,Baldwin Marvin,,"A,0013,I,0247,,",
25228,0.0594,39677.73,s,vis,Baldwin Marvin,,"A,0013,I,0247,,",
25230,0.0548,39678.739,s,vis,Anderson Carl,,"A,0014,I,0795,,",
25232,0.0623,39679.76,s,vis,Baldwin Marvin,,"A,0013,I,0247,,",
25236,0.0631,39681.535,p,vis,Locher Kurt,,"B,...8,B,...8,Ori 103,",
25244,0.0668,39685.846,s,vis,Anderson Carl,,"A,0014,I,0795,:,",
25253,0.0706,39690.411,s,vis,Germann R,,"B,...8,B,...8,Ori 103,",
25255,0.068,39691.422,s,vis,Zazula J,,"K,0019,K,0019,AA 19.174,",
25255,0.071,39691.425,s,vis,Srzednicki R,,"K,0019,K,0019,AA 19.174,",
25262,0.0605,39694.709,p,vis,Baldwin Marvin,,"A,0014,I,0795,,",
25264,0.0619,39695.724,p,vis,Cook Stephen,,"A,0013,I,0247,,",
25266,0.0603,39696.736,p,vis,Cook Stephen,,"A,0013,I,0247,,",
25266,0.0623,39696.738,p,vis,Anderson Carl,,"A,0014,I,0795,,",
25269,0.07,39698.519,s,vis,Kurutac H,,"N,0291,D,Lich,AN 291.112,",
25272,0.0626,39699.779,p,vis,Cragg T,,,"A,0014,I,0795,,"
25272,0.0696,39699.786,p,vis,Anderson Carl,,"A,0014,I,0795,,",
25276,0.0614,39701.805,p,vis,Baldwin Marvin,,"A,0014,I,0795,,",
25301,0.0696,39714.736,s,vis,Monske R,,"A,0013,I,0247,,",
25303,0.07,39715.75,s,vis,Cook Stephen,,"A,0014,I,0795,,",
25305,0.0574,39716.751,s,vis,Lowder W,,"A,0013,I,0247,,",
25331,0.0588,39729.676,p,vis,Anderson Carl,,"A,0014,I,0795,,",
25333,0.0543,39730.685,p,vis,Anderson Carl,,"A,0014,I,0795,,",
25341,0.0609,39734.746,p,vis,Anderson Carl,,"A,0014,I,0795,,",
25343,0.0573,39735.756,p,vis,Monske R,,"A,0013,I,0247,,",
25347,0.0572,39737.783,p,vis,Baldwin Marvin,,"A,0014,I,0795,,",
25358,0.0715,39743.625,s,vis,Anderson Carl,,"A,0014,I,0795,,",
25360,0.0639,39744.631,s,vis,Lowder W,,"A,0013,I,0247,,",
25364,0.0587,39746.4,p,vis,Locher Kurt,,"B,...8,B,...8,Ori 103,",
25386,0.0643,39757.808,s,vis,Baldwin Marvin,,"A,0014,I,0795,,",
25387,0.0615,39758.312,s,vis,Locher Kurt,,"B,...9,B,...9,Ori 104,",
25395,0.0602,39762.365,s,pg,Editor,,,"D,H102,,,HBZ 102,"
25400,0.0732,39764.659,p,vis,Anderson Carl,,"A,0014,I,0795,,",
25402,0.0586,39765.658,p,vis,Anderson Carl,,"A,0014,I,0795,,",
25421,0.0556,39775.284,p,vis,Locher Kurt,,"B,...9,B,...9,Ori 104,",
25423,0.059,39776.301,p,vis,Locher Kurt,,"B,...9,B,...9,Ori 104,",
25423,0.063,39776.305,p,vis,Braune Werner,,"D,0023,D,Lich,,",
25423,0.064,39776.306,p,vis,Huebscher J,,"D,0023,D,Lich,,",
25471,0.055,39800.623,p,vis,Baldwin Marvin,,"A,0014,I,0795,,",
25473,0.0554,39801.637,p,vis,Baldwin Marvin,,"A,0014,I,0795,,",
25849,0.0596,39992.448,s,vis,Diethelm Roger,,"B,..12,B,..12,Ori 107,",
25855,0.0588,39995.488,s,vis,Locher Kurt,,"B,..12,B,..12,Ori 107,",
25881,0.0562,40008.409,p,vis,Diethelm Roger,,"B,..13,B,..13,Ori 108,",
25885,0.0691,40010.449,p,vis,Diethelm Roger,,"B,..13,B,..13,Ori 108,",
25903,0.0518,40019.554,p,vis,Diethelm Roger,,"B,..13,B,..13,Ori 108,",
25924,0.0642,40030.462,s,vis,Diethelm Roger,,"B,..13,B,..13,Ori 108,",
25930,0.0664,40033.505,s,vis,Locher Kurt,,"B,..13,B,..13,Ori 108,",
25930,0.0674,40033.506,s,vis,Diethelm Roger,,"B,..13,B,..13,Ori 108,",
25934,0.0533,40035.519,s,vis,Diethelm Roger,,"B,..13,B,..13,Ori 108,",
25956,0.0618,40046.677,s,vis,Anderson Carl,,"A,0014,I,0795,,",
25958,0.0593,40047.688,s,vis,Anderson Carl,,"A,0014,I,0795,,",
25960,0.0587,40048.701,s,vis,Anderson Carl,,"A,0014,I,0795,,",
25968,0.0543,40052.751,s,vis,Anderson Carl,,"A,0014,I,0795,,",
25970,0.0608,40053.771,s,vis,Cragg T,,,"A,0014,I,0795,,"
25972,0.0582,40054.782,s,vis,Cragg T,,,"A,0014,I,0795,,"
25976,0.06,40056.811,s,vis,Baldwin Marvin,,"A,0014,I,0795,,",
25980,0.0558,40058.834,s,vis,Baldwin Marvin,,"A,0014,I,0795,,",
25987,0.0603,40062.386,s,vis,Locher Kurt,,"B,..13,B,..13,Ori 108,",
25989,0.0507,40063.39,s,vis,Locher Kurt,,"B,..13,B,..13,Ori 108,",
25989,0.0587,40063.398,s,vis,Diethelm Roger,,"B,..13,B,..13,Ori 108,",
25991,0.0671,40064.42,s,vis,Peter H,,,"B,..13,B,..13,Ori 108,"
25993,0.0495,40065.416,s,vis,Locher Kurt,,"B,..13,B,..13,Ori 108,",
25993,0.0575,40065.424,s,vis,Braune Werner,,"D,0023,D,Lich,,",
25995,0.087,40066.467,s,vis,Germann R,,"B,..13,B,..13,Ori 108,",
25996,0.0472,40066.681,p,vis,Anderson Carl,,"A,0014,I,0795,,",
25996,0.0522,40066.686,p,vis,Monske R,,"A,0014,I,0795,,",
25997,0.0514,40067.445,s,vis,Braune Werner,,"D,0023,D,Lich,,",
25998,0.0546,40067.702,p,vis,Monske R,,"A,0014,I,0795,,",
25999,0.0508,40068.458,s,pg,Editor,,,"D,H102,,,HBZ 102,"
25999,0.0566,40068.4638,s,V,Ibanoglu C,,"I,0391,I,0456,,",
26002,0.0534,40069.728,p,vis,Baldwin Marvin,,"A,0014,I,0795,,",
26004,0.0518,40070.74,p,vis,Baldwin Marvin,,"A,0014,I,0795,,",
26009,0.0469,40073.522,s,vis,Diethelm Roger,,"B,..13,B,..13,Ori 108,",
26009,0.0569,40073.532,s,vis,Locher Kurt,,"B,..13,B,..13,Ori 108,",
26009,0.0789,40073.554,s,vis,Germann R,,"B,..13,B,..13,Ori 108,",
26025,0.0612,40081.392,p,vis,Locher Kurt,,"B,..14,B,..14,Ori 109,",
26025,0.0642,40081.648,s,vis,Bortle J,,"A,0014,I,0795,,",
26031,0.0524,40084.424,p,vis,Locher Kurt,,"B,..14,B,..14,Ori 109,",
26039,0.0661,40088.492,p,vis,Diethelm Roger,,"B,..14,B,..14,Ori 109,",
26048,0.084,40093.324,s,vis,Germann R,,"B,..14,B,..14,Ori 109,",
26052,0.0498,40095.317,s,vis,Peter H,,,"B,..14,B,..14,Ori 109,"
26052,0.0948,40095.362,s,vis,Germann R,,"B,..14,B,..14,Ori 109,",
26055,0.0534,40096.588,p,vis,Bortle J,,"A,0014,I,0795,,",
26064,0.0603,40101.409,s,vis,Locher Kurt,,"B,..14,B,..14,Ori 109,",
26064,0.0653,40101.414,s,vis,Peter H,,,"B,..14,B,..14,Ori 109,"
26086,0.0709,40112.316,p,vis,Germann R,,"B,..14,B,..14,Ori 109,",
26088,0.0653,40113.324,p,vis,Locher Kurt,,"B,..14,B,..14,Ori 109,",
26088,0.0633,40113.575,s,vis,Simmons K,,"A,0014,I,0795,,",
26092,0.0571,40115.596,s,vis,Bortle J,,"A,0014,I,0795,,",
26094,0.0466,40116.346,p,pg,Editor,,,"D,H102,,,HBZ 102,"
26100,0.0568,40119.397,p,vis,Peter H,,,"B,..14,B,..14,Ori 109,"
26100,0.0628,40119.403,p,vis,Locher Kurt,,"B,..14,B,..14,Ori 109,",
26100,0.0658,40119.406,p,vis,Diethelm Roger,,"B,..14,B,..14,Ori 109,",
26114,0.0597,40126.748,s,vis,Cragg T,,,"A,0014,I,0795,,"
26115,0.0769,40127.272,s,vis,Germann R,,"B,..14,B,..14,Ori 109,",
26118,0.0595,40128.775,s,vis,Baldwin Marvin,,"A,0014,I,0795,,",
26129,0.0568,40134.347,s,vis,Locher Kurt,,"B,..14,B,..14,Ori 109,",
26129,0.0608,40134.351,s,vis,Peter H,,,"B,..15,B,..15,Ori 110,"
26130,0.061,40134.605,p,vis,Bortle J,,"A,0014,I,0795,,",
26135,0.0561,40137.387,s,vis,Locher Kurt,,"B,..15,B,..15,Ori 110,",
26161,0.0565,40150.311,p,vis,Peter H,,,"B,..15,B,..15,Ori 110,"
26163,0.0589,40151.58,s,vis,Bortle J,,"A,0014,I,0795,,",
26173,0.055,40156.644,s,vis,Baldwin Marvin,,"A,0014,I,0795,,",
26194,0.0544,40167.286,s,vis,Locher Kurt,,"B,..15,B,..15,Ori 110,",
26220,0.0568,40180.212,p,vis,Locher Kurt,,"B,..15,B,..15,Ori 110,",
26230,0.0398,40185.263,p,vis,Locher Kurt,,"B,..15,B,..15,Ori 110,",
26234,0.0417,40187.292,p,vis,Locher Kurt,,"B,..15,B,..15,Ori 110,",
26255,0.062,40198.208,s,vis,Locher Kurt,,"B,..15,B,..15,Ori 110,",
26495,0.055,40319.578,p,vis,Locher Kurt,,"B,..18,B,..18,Ori 113,",
26530,0.0502,40337.564,s,vis,Locher Kurt,,"B,..18,B,..18,Ori 113,",
26562,0.0519,40353.53,p,vis,Locher Kurt,,"B,..18,B,..18,Ori 113,",
26564,0.0563,40354.548,p,vis,Diethelm Roger,,"B,..18,B,..18,Ori 113,",
26566,0.0527,40355.558,p,vis,Locher Kurt,,"B,..18,B,..18,Ori 113,",
26587,0.0531,40366.454,s,V,Ibanoglu C,,"I,0456,I,0456,,",
26587,0.0535,40366.4544,s,V,Kurutac H,,"I,0391,I,0391,,",
26589,0.0515,40367.466,s,vis,Locher Kurt,,"B,..18,B,..18,Ori 113,",
26601,0.05,40373.546,s,vis,Locher Kurt,,"B,..18,B,..18,Ori 113,",
26617,0.0633,40381.415,p,vis,Locher Kurt,,"B,..18,B,..18,Ori 113,",
26619,0.0448,40382.41,p,vis,Locher Kurt,,"B,..18,B,..18,Ori 113,",
26621,0.0562,40383.435,p,vis,Locher Kurt,,"B,..18,B,..18,Ori 113,",
26635,0.0571,40390.531,p,vis,Locher Kurt,,"B,..19,B,..19,Ori 114,",
26658,0.0489,40402.432,s,vis,Germann R,,"B,..19,B,..19,Ori 114,",
26658,0.0559,40402.439,s,vis,Peter H,,,"B,..19,B,..19,Ori 114,"
26684,0.0543,40415.361,p,vis,Locher Kurt,,"B,..19,B,..19,Ori 114,",
26688,0.0611,40417.648,s,vis,Bortle J,,"A,0014,I,0795,,",
26690,0.0595,40418.66,s,vis,Bortle J,,"A,0014,I,0795,,",
26690,0.0595,40418.66,s,vis,Hampton W,,"A,0014,I,0795,,",
26692,0.0519,40419.413,p,vis,Peter H,,,"B,..20,B,..20,Ori 115,"
26723,0.0344,40435.359,s,vis,Germann R,,"B,..20,B,..20,Ori 115,",
26732,0.0343,40439.667,p,vis,Monske R,,"A,0014,I,0795,,",
26738,0.0485,40442.722,p,vis,Baldwin Marvin,,"A,0014,I,0795,,",
26740,0.0489,40443.736,p,vis,Baldwin Marvin,,"A,0014,I,0795,,",
26748,0.0386,40447.78,p,vis,Baldwin Marvin,,"A,0014,I,0795,,",
26759,0.0429,40453.359,p,vis,Germann R,,",,D,Lich,ORI 115,",
26759,0.0559,40453.625,s,vis,Anderson Carl,,"A,0014,I,0795,,",
26761,0.0563,40454.639,s,vis,Bortle J,,"A,0014,I,0795,,",
26763,0.0587,40455.655,s,vis,Monske R,,"A,0014,I,0795,,",
26763,0.0647,40455.661,s,vis,Hampton W,,"A,0014,I,0795,,",
26822,0.055,40485.299,p,vis,Locher Kurt,,"B,..20,B,..20,Ori 115,",
26834,0.0185,40491.344,p,vis,Germann R,,"B,..20,B,..20,Ori 115,",
26857,0.0473,40503.282,s,vis,Locher Kurt,,"B,..20,B,..20,Ori 115,",
26865,0.0469,40507.336,s,vis,Locher Kurt,,"B,..21,B,..21,Ori 116,",
26891,0.0563,40520.269,p,vis,Locher Kurt,,"B,..21,B,..21,Ori 116,",
26895,0.0512,40522.291,p,vis,Locher Kurt,,"B,..21,B,..21,Ori 116,",
26922,0.0568,40536.233,s,vis,Locher Kurt,,"B,..21,B,..21,Ori 116,",
26934,0.0643,40542.322,s,vis,Diethelm Roger,,"B,..21,B,..21,Ori 116,",
27235,0.0529,40694.602,p,vis,Locher Kurt,,"B,..24,B,..24,Ori 119,",
27266,0.0503,40710.563,s,vis,Locher Kurt,,"B,..24,B,..24,Ori 119,",
27296,0.0496,40725.513,p,vis,Diethelm Roger,,"B,..24,B,..24,Ori 119,",
27306,0.0576,40730.589,p,vis,Locher Kurt,,"B,..24,B,..24,Ori 119,",
27325,0.0556,40740.469,s,vis,Diethelm Roger,,"B,..24,B,..24,Ori 119,",
27327,0.05,40741.477,s,vis,Locher Kurt,,"B,..24,B,..24,Ori 119,",
27329,0.0534,40742.494,s,vis,Locher Kurt,,"B,..24,B,..24,Ori 119,",
27331,0.0428,40743.497,s,vis,Locher Kurt,,"B,..24,B,..24,Ori 119,",
27335,0.0527,40745.534,s,vis,Diethelm Roger,,"B,..24,B,..24,Ori 119,",
27336,0.0519,40745.787,p,vis,Conner B,,"A,0016,A,0016,AVSJ 4.87,",
27351,0.054,40753.391,p,vis,Peter H,,,"B,..25,B,..25,Ori 120,"
27371,0.0412,40763.514,p,vis,Diethelm Roger,,"B,..25,B,..25,Ori 120,",
27391,0.0563,40773.665,p,vis,Mayer E,,,"A,0016,A,0016,AVSJ 4.87,"
27392,0.0535,40774.422,s,vis,Diethelm Roger,,"B,..25,B,..25,Ori 120,",
27392,0.0545,40774.423,s,vis,Raeuber N,,"B,..25,B,..25,Ori 120,",
27393,0.0547,40774.677,p,vis,Ortwein D,,"A,0016,A,0016,AVSJ 4.87,",
27395,0.0642,40775.7,p,vis,Conner B,,"A,0016,A,0016,AVSJ 4.87,",
27397,0.0526,40776.702,p,vis,Conner B,,"A,0016,A,0016,AVSJ 4.87,",
27400,0.0262,40778.449,s,vis,Germann R,,"B,..25,B,..25,Ori 120,",
27404,0.02,40780.47,s,vis,Germann R,,"B,..25,B,..25,Ori 120,",
27404,0.042,40780.492,s,vis,Raeuber N,,"B,..25,B,..25,Ori 120,",
27404,0.05,40780.5,s,vis,Locher Kurt,,"B,..25,B,..25,Ori 120,",
27414,0.0521,40785.57,s,vis,Locher Kurt,,"B,..25,B,..25,Ori 120,",
27422,0.0728,40789.645,s,vis,Ortwein D,,"A,0016,A,0016,AVSJ 4.87,",
27424,0.0482,40790.381,p,vis,Locher Kurt,,"B,..25,B,..25,Ori 120,",
27424,0.0602,40790.393,p,vis,Diethelm Roger,,"B,..25,B,..25,Ori 120,",
27426,0.0506,40791.397,p,vis,Locher Kurt,,"B,..25,B,..25,Ori 120,",
27432,0.0649,40794.705,s,vis,Cook Stephen,,"A,0016,A,0016,AVSJ 4.87,",
27434,0.0413,40795.442,p,vis,Diethelm Roger,,"B,..25,B,..25,Ori 120,",
27434,0.0483,40795.449,p,vis,Locher Kurt,,"B,..25,B,..25,Ori 120,",
27436,0.0517,40796.466,p,vis,Locher Kurt,,"B,..25,B,..25,Ori 120,",
27442,0.0569,40799.512,p,vis,Diethelm Roger,,"B,..25,B,..25,Ori 120,",
27446,0.0558,40801.538,p,vis,Diethelm Roger,,"B,..25,B,..25,Ori 120,",
27451,0.0548,40804.071,p,vis,Hataya Suguru,,"J,0047,,,,",
27456,0.0498,40806.6,p,vis,Hampton W,,"A,0016,A,0016,AVSJ 4.87,",
27456,0.0588,40806.609,p,vis,Ortwein D,,"A,0016,A,0016,AVSJ 4.87,",
27465,0.0509,40811.4152,s,pe,Doenmez H,,"I,0530,I,0530,,48 cm",
27467,0.0511,40812.429,s,vis,Braune Werner,,"D,0025,D,Lich,,",
27467,0.0581,40812.436,s,vis,Peter H,,,"B,..26,B,..26,Ori 121,"
27477,0.0482,40817.494,s,pe,Sengonca H,,"I,0530,I,0530,,48 cm",
27489,0.0767,40823.604,s,vis,Ortwein D,,"A,0016,A,0016,AVSJ 4.87,",
27491,0.0611,40824.349,p,vis,Peter H,,,"B,..26,B,..26,Ori 121,"
27491,0.0711,40824.612,s,vis,Ortwein D,,"A,0016,A,0016,AVSJ 4.87,",
27493,0.0335,40825.335,p,vis,Bosshard M,,"B,..26,B,..26,Ori 121,",
27493,0.05,40825.3515,p,pe,Gueduer N,,"I,0530,I,0530,,48 cm",
27503,0.0466,40830.416,p,vis,Schlatter P,,"B,..26,B,..26,Ori 121,",
27507,0.0145,40832.411,p,vis,Germann R,,"B,..26,B,..26,Ori 121,",
27507,0.0515,40832.448,p,vis,Diethelm Roger,,"B,..26,B,..26,Ori 121,",
27530,0.0502,40844.356,s,vis,Diethelm Roger,,"B,..26,B,..26,Ori 121,",
27532,0.0527,40845.372,s,vis,Braune Werner,,"D,0025,D,Lich,,",
27538,0.0499,40848.41,s,vis,Diethelm Roger,,"B,..26,B,..26,Ori 121,",
27538,0.0509,40848.411,s,vis,Peter H,,,"B,..26,B,..26,Ori 121,"
27538,0.0519,40848.412,s,vis,Braune Werner,,"D,0025,D,Lich,,",
27542,0.0497,40850.437,s,vis,Baldwin Marvin,,"A,0016,A,0016,AVSJ 4.87,",
27558,0.0481,40858.291,p,pe,Pohl E,,,"I,0530,I,0530,,34 cm"
27560,0.0475,40859.304,p,vis,Locher Kurt,,"B,..26,B,..26,Ori 121,",
27560,0.0485,40859.305,p,vis,Baldwin Marvin,,"A,0016,A,0016,AVSJ 4.87,",
27562,0.0629,40860.586,s,vis,Conner B,,"A,0016,A,0016,AVSJ 4.87,",
27566,0.0527,40862.603,s,vis,Mayer E,,,"A,0016,A,0016,AVSJ 4.87,"
27572,0.05,40865.388,p,vis,Locher Kurt,,"B,..27,B,..27,Ori 122,",
27574,0.0544,40866.406,p,vis,Locher Kurt,,"B,..27,B,..27,Ori 122,",
27593,0.0513,40876.285,s,vis,Diethelm Roger,,"B,..27,B,..27,Ori 122,",
27593,0.0533,40876.287,s,vis,Locher Kurt,,"B,..27,B,..27,Ori 122,",
27595,0.0468,40877.294,s,vis,Baldwin Marvin,,"A,0016,A,0016,AVSJ 4.87,",
27604,0.0586,40881.614,p,vis,Conner B,,"A,0016,A,0016,AVSJ 4.87,",
27662,0.0437,40911.246,s,vis,Diethelm Roger,,"B,..27,B,..27,Ori 122,",
27671,0.0506,40915.561,p,vis,Conner B,,"A,0016,A,0016,AVSJ 4.87,",
27906,0.0544,41034.661,p,vis,Locher Kurt,,"B,..29,B,..29,Ori 124,",
27933,0.0531,41048.596,s,vis,Locher Kurt,,"B,..29,B,..29,Ori 124,",
27996,0.0552,41080.526,s,vis,Diethelm Roger,,"B,..30,B,..30,Ori 125,",
28000,0.045,41082.543,s,vis,Diethelm Roger,,"B,..30,B,..30,Ori 125,",
28000,0.05,41082.548,s,vis,Locher Kurt,,"B,..30,B,..30,Ori 125,",
28067,0.0489,41116.502,s,vis,Peter H,,,"B,..31,B,..31,Ori 126,"
28105,0.0518,41135.51,p,vis,Peter H,,,"B,..31,B,..31,Ori 126,"
28107,0.0413,41136.513,p,vis,Diethelm Roger,,"B,..31,B,..31,Ori 126,",
28107,0.0433,41136.515,p,vis,Marx Harald,,"D,0025,D,Lich,,",
28113,0.0445,41139.557,p,vis,Diethelm Roger,,"B,..31,B,..31,Ori 126,",
28128,0.0436,41147.411,s,vis,Locher Kurt,,"B,..31,B,..31,Ori 126,",
28128,0.0466,41147.414,s,vis,Diethelm Roger,,"B,..31,B,..31,Ori 126,",
28130,0.052,41148.433,s,vis,Locher Kurt,,"B,..31,B,..31,Ori 126,",
28130,0.052,41148.433,s,vis,Germann R,,"B,..31,B,..31,Ori 126,",
28137,0.0465,41151.722,p,vis,Cragg T,,,"A,0017,A,0017,AVSJ 5.32,"
28138,0.0517,41152.487,s,vis,Frasnicki L,,"I,0584,I,0584,,",
28138,0.0557,41152.491,s,vis,Krzanik,,,"I,0584,I,0584,,"
28140,0.0511,41153.5,s,vis,Letkowski A,,"I,0584,I,0584,,",
28140,0.0541,41153.503,s,vis,Frasnicki L,,"I,0584,I,0584,,",
28140,0.0541,41153.503,s,vis,Soska A,,,"I,0584,I,0584,,"
28142,0.0485,41154.511,s,vis,Locher Kurt,,"B,..31,B,..31,Ori 126,",
28142,0.0515,41154.514,s,vis,Diethelm Roger,,"B,..31,B,..31,Ori 126,",
28144,0.048,41155.524,s,vis,Soska A,,,"I,0584,I,0584,,"
28148,0.0528,41157.556,s,vis,Peter H,,,"B,..31,B,..31,Ori 126,"
28156,0.0472,41161.3518,p,pe,Gueduer N,,"I,0647,I,0647,,48 cm",
28160,0.0453,41163.377,p,vis,Locher Kurt,,"B,..31,B,..31,Ori 126,",
28162,0.0407,41164.386,p,vis,Germann R,,"B,..31,B,..31,Ori 126,",
28162,0.0607,41164.659,s,vis,Ortwein D,,"A,0017,A,0017,AVSJ 5.32,",
28164,0.0461,41165.405,p,vis,Peter H,,,"B,..32,B,..32,Ori 127,"
28164,0.0511,41165.41,p,vis,Diethelm Roger,,"B,..31,B,..31,Ori 126,",
28166,0.0405,41166.413,p,vis,Germann R,,"B,..31,B,..31,Ori 126,",
28170,0.0564,41168.456,p,vis,Peter H,,,"B,..32,B,..32,Ori 127,"
28180,0.0494,41173.517,p,vis,Peter H,,,"B,..32,B,..32,Ori 127,"
28186,0.0427,41176.551,p,vis,Peter H,,,"B,..32,B,..32,Ori 127,"
28188,0.0571,41177.579,p,vis,Locher Kurt,,"B,..31,B,..31,Ori 126,",
28191,0.0504,41179.3457,s,pe,Sengonca H,,"I,0647,I,0647,,48 cm",
28192,0.0599,41179.609,p,vis,Ortwein D,,"A,0017,A,0017,AVSJ 5.32,",
28193,0.0521,41180.361,s,vis,Germann R,,"B,..31,B,..31,Ori 126,",
28195,0.0476,41181.37,s,vis,Peter H,,,"B,..32,B,..32,Ori 127,"
28195,0.0536,41181.376,s,vis,Meyer A,,,"B,..31,B,..31,Ori 126,"
28195,0.0636,41181.386,s,vis,Diethelm Roger,,"B,..31,B,..31,Ori 126,",
28197,0.0485,41182.3845,s,pe,Sengonca H,,"I,0647,I,0647,,48 cm",
28197,0.053,41182.389,s,vis,Meyer A,,,"B,..31,B,..31,Ori 126,"
28201,0.0508,41184.414,s,vis,Quester Wolfgang,"D,0025,D,Lich,,",,
28207,0.0492,41187.4531,s,pe,Sengonca H,,"I,0647,I,0647,,48 cm",
28217,0.0491,41192.521,s,vis,Peter H,,,"B,..32,B,..32,Ori 127,"
28231,0.056,41199.37,p,vis,Diethelm Roger,,"B,..32,B,..32,Ori 127,",
28231,0.056,41199.37,p,vis,Peter H,,,"B,..33,B,..33,Ori 128,"
28233,0.0475,41200.375,p,vis,Peter H,,,"B,..33,B,..33,Ori 128,"
28235,0.0469,41201.388,p,vis,Diethelm Roger,,"B,..32,B,..32,Ori 127,",
28235,0.0499,41201.391,p,vis,Meyer A,,,"B,..32,B,..32,Ori 127,"
28237,0.0533,41202.408,p,vis,Locher Kurt,,"B,..32,B,..32,Ori 127,",
28237,0.0603,41202.415,p,vis,Bader H,,,"B,..32,B,..32,Ori 127,"
28241,0.0571,41204.439,p,vis,Peter H,,,"B,..33,B,..33,Ori 128,"
28262,0.0465,41215.324,s,vis,Germann R,,"B,..32,B,..32,Ori 127,",
28262,0.0575,41215.335,s,vis,Peter H,,,"B,..33,B,..33,Ori 128,"
28264,0.0529,41216.344,s,vis,Locher Kurt,,"B,..32,B,..32,Ori 127,",
28266,0.0463,41217.351,s,vis,Diethelm Roger,,"B,..32,B,..32,Ori 127,",
28266,0.0473,41217.352,s,vis,Bader H,,,"B,..32,B,..32,Ori 127,"
28267,0.0535,41217.612,p,vis,Ortwein D,,"A,0017,A,0017,AVSJ 5.32,",
28294,0.0452,41231.287,p,vis,Locher Kurt,,"B,..32,B,..32,Ori 127,",
28296,0.0476,41232.303,p,vis,Locher Kurt,,"B,..32,B,..32,Ori 127,",
28298,0.041,41233.31,p,vis,Locher Kurt,,"B,..32,B,..32,Ori 127,",
28300,0.0434,41234.326,p,vis,Locher Kurt,,"B,..32,B,..32,Ori 127,",
28302,0.0448,41235.341,p,vis,Locher Kurt,,"B,..32,B,..32,Ori 127,",
28302,0.0518,41235.348,p,vis,Bischof W,,"D,0025,D,Lich,,",
28304,0.0662,41236.629,s,vis,Lenss I,,,"A,0017,A,0017,AVSJ 5.32,"
28312,0.0459,41240.41,p,vis,Baldwin Marvin,,"A,0017,A,0017,AVSJ 5.32,",
28327,0.048,41248.267,s,vis,Germann R,,"B,..33,B,..33,Ori 128,",
28327,0.05,41248.269,s,vis,Peter H,,,"B,..33,B,..33,Ori 128,"
28328,0.0482,41248.521,p,vis,Small B.,,"A,0017,A,0017,AVSJ 5.32,",
28329,0.0454,41249.278,s,vis,Baldwin Marvin,,"A,0017,A,0017,AVSJ 5.32,",
28330,0.0506,41249.537,p,vis,Small B.,,"A,0017,A,0017,AVSJ 5.32,",
28331,0.0478,41250.294,s,vis,Locher Kurt,,"B,..33,B,..33,Ori 128,",
28334,0.0465,41251.56,p,vis,Small B.,,"A,0017,A,0017,AVSJ 5.32,",
28337,0.0491,41253.336,s,vis,Baldwin Marvin,,"A,0017,A,0017,AVSJ 5.32,",
28344,0.0456,41256.627,p,vis,Lenss I,,,"A,0017,A,0017,AVSJ 5.32,"
28365,0.0489,41267.273,p,vis,Braune Werner,,"D,0025,D,Lich,,",
28432,0.0479,41301.227,p,vis,Germann R,,"B,0001,B,0001,,",
28432,0.0509,41301.23,p,vis,Locher Kurt,,"B,0001,B,0001,,",
28744,0.0388,41459.59,s,vis,Locher Kurt,,"B,0003,B,0003,,",
28770,0.0522,41472.527,p,vis,Locher Kurt,,"B,0003,B,0003,,",
28791,0.0435,41483.414,s,vis,Germann R,,"B,0003,B,0003,,",
28799,0.0482,41487.473,s,vis,Peter H,,,"B,0003,B,0003,,"
28805,0.0534,41490.519,s,vis,Locher Kurt,,"B,0003,B,0003,,",
28825,0.0476,41500.396,p,vis,Locher Kurt,,"B,0004,B,0004,,",
28825,0.0506,41500.652,s,vis,Small B.,,"A,0017,A,0017,AVSJ 5.32,",
28827,0.051,41501.413,p,vis,Peter H,,,"B,0004,B,0004,,"
28829,0.0484,41502.677,s,vis,Small B.,,"A,0017,A,0017,AVSJ 5.32,",
28831,0.0508,41503.44,p,vis,Peter H,,,"B,0004,B,0004,,"
28839,0.0515,41507.495,p,vis,Locher Kurt,,"B,0004,B,0004,,",
28839,0.0575,41507.501,p,vis,Peter H,,,"B,0004,B,0004,,"
28849,0.0486,41512.56,p,vis,Locher Kurt,,"B,0004,B,0004,,",
28868,0.0645,41522.458,s,vis,Locher Kurt,,"B,0004,B,0004,,",
28882,0.0565,41529.545,s,vis,Locher Kurt,,"B,0004,B,0004,,",
28892,0.0505,41534.607,s,vis,Small B.,,"A,0017,A,0017,AVSJ 5.32,",
28896,0.0504,41536.381,p,vis,Locher Kurt,,"B,0005,B,0005,,",
28896,0.0614,41536.392,p,vis,Peter H,,,"B,0005,B,0005,,"
28902,0.0366,41539.408,p,vis,Frasincki L,,"I,0740,I,0740,,",
28902,0.0506,41539.422,p,vis,Szlachcic K,,"I,0740,I,0740,,",
28904,0.048,41540.433,p,vis,Peter H,,,"B,0005,B,0005,,"
28908,0.0409,41542.453,p,vis,Frasincki L,,"I,0740,I,0740,,",
28912,0.0407,41544.48,p,vis,Klimek Z,,"I,0779,I,0779,,203 mm refr",
28924,0.0532,41550.574,p,vis,Locher Kurt,,"B,0005,B,0005,,",
28931,0.0616,41554.383,s,vis,Locher Kurt,,"B,0005,B,0005,,",
28933,0.0371,41555.372,s,vis,Braune Werner,,"D,0026,D,Lich,,",
28933,0.0471,41555.382,s,vis,Diethelm Roger,,"B,0005,B,0005,,",
28933,0.0521,41555.387,s,vis,Peter H,,,"B,0005,B,0005,,"
28933,0.0531,41555.388,s,vis,Germann R,,"B,0005,B,0005,,",
28939,0.0393,41558.415,s,vis,Braune Werner,,"D,0026,D,Lich,,",
28940,0.0485,41558.678,p,vis,Mayer E,,,"A,0017,A,0017,AVSJ 5.32,"
28947,0.041,41562.471,s,vis,Baldwin Marvin,,"A,0017,A,0017,AVSJ 5.32,",
28953,0.0492,41565.52,s,vis,Locher Kurt,,"B,0005,B,0005,,",
28963,0.0373,41570.323,p,vis,Peter H,,,"B,0005,B,0005,,"
28963,0.0693,41570.355,p,pg,Editor,,,"D,H102,,,HBZ 102,"
28965,0.0475,41571.3468,p,B,Demircan O,,"I,0937,I,0937,,",
28965,0.0483,41571.3476,p,V,Demircan O,,"I,0937,I,0937,,",
28971,0.052,41574.392,p,vis,Peter H,,,"B,0005,B,0005,,"
28975,0.0478,41576.415,p,vis,Braune Werner,,"D,0026,D,Lich,,",
28990,0.0659,41584.288,s,vis,Germann R,,"B,0005,B,0005,,",
28994,0.0458,41586.295,s,vis,Germann R,,"B,0005,B,0005,,",
28996,0.0502,41587.313,s,vis,Locher Kurt,,"B,0005,B,0005,,",
29006,0.0532,41592.384,s,vis,Braune Werner,,"D,0026,D,Lich,,",
29012,0.0445,41595.416,s,vis,Diethelm Roger,,"B,0006,B,0006,,",
29028,0.0588,41603.286,p,vis,Germann R,,"B,0006,B,0006,,",
29030,0.0482,41604.289,p,vis,Baldwin Marvin,,"A,0017,A,0017,AVSJ 5.32,",
29030,0.0512,41604.292,p,vis,Germann R,,"B,0006,B,0006,,",
29032,0.0397,41605.294,p,vis,Locher Kurt,,"B,0006,B,0006,,",
29032,0.0467,41605.301,p,vis,Baldwin Marvin,,"A,0017,A,0017,AVSJ 5.32,",
29034,0.0421,41606.31,p,vis,Baldwin Marvin,,"A,0017,A,0017,AVSJ 5.32,",
29034,0.0441,41606.565,s,vis,Small B.,,"A,0017,A,0017,AVSJ 5.32,",
29063,0.0471,41621.265,s,vis,Germann R,,"B,0006,B,0006,,",
29065,0.0405,41622.272,s,vis,Germann R,,"B,0006,B,0006,,",
29067,0.0449,41623.29,s,vis,Locher Kurt,,"B,0006,B,0006,,",
29067,0.0459,41623.291,s,vis,Peter H,,,"B,0006,B,0006,,"
29067,0.0469,41623.292,s,vis,Baldwin Marvin,,"A,0017,A,0017,AVSJ 5.32,",
29068,0.0461,41623.545,p,vis,Small B.,,"A,0017,A,0017,AVSJ 5.32,",
29069,0.0434,41624.302,s,vis,Baldwin Marvin,,"A,0017,A,0017,AVSJ 5.32,",
29071,0.0418,41625.314,s,vis,Germann R,,"B,0006,B,0006,,",
29072,0.049,41625.575,p,vis,Small B.,,"A,0017,A,0017,AVSJ 5.32,",
29073,0.0262,41626.312,s,vis,Germann R,,"B,0006,B,0006,,",
29073,0.0452,41626.331,s,V,Demircan O,,"I,0937,I,0937,,",
29074,0.0454,41626.585,p,vis,Small B.,,"A,0017,A,0017,AVSJ 5.32,",
29095,0.0278,41637.21,p,vis,Locher Kurt,,"B,0007,B,0007,,",
29095,0.0498,41637.232,p,vis,Locher Kurt,,"B,0006,B,0006,,",
29099,0.0456,41639.255,p,vis,Germann R,,"B,0006,B,0006,,",
29134,0.0389,41657.239,s,vis,Germann R,,"B,0007,B,0007,,",
29134,0.0399,41657.24,s,vis,Germann R,,"B,0007,B,0007,,",
29166,0.0455,41673.21,p,vis,Locher Kurt,,",,D,Lich,BBS 7,",
29170,0.0484,41675.24,p,vis,Germann R,,",,D,Lich,BBS 7,",
29273,0.0348,41727.679,s,vis,Locher Kurt,,"B,0008,B,0008,,",
29429,0.0372,41806.488,p,vis,Germann R,,",,D,Lich,BBS 9,",
29445,0.0426,41814.602,p,vis,Locher Kurt,,",,D,Lich,BBS 9,",
29506,0.0372,41845.511,p,vis,Locher Kurt,,"B,0010,B,0010,,",
29514,0.0409,41849.569,p,vis,Locher Kurt,,"B,0010,B,0010,,",
29516,0.0443,41850.586,p,vis,Locher Kurt,,"B,0010,B,0010,,",
29533,0.0489,41859.459,s,vis,Locher Kurt,,"B,0010,B,0010,,",
29547,0.0408,41866.546,s,vis,Locher Kurt,,"B,0010,B,0010,,",
29569,0.0454,41877.447,p,vis,Locher Kurt,,"B,0010,B,0010,,",
29594,0.0477,41890.3721,s,B,Demircan O,,"I,0937,I,0937,,",
29598,0.0494,41892.401,s,vis,Locher Kurt,,"B,0010,B,0010,,",
29602,0.0472,41894.426,s,vis,Germann R,,"B,0010,B,0010,,",
29604,0.0346,41895.427,s,vis,Germann R,,"B,0010,B,0010,,",
29622,0.0544,41904.569,s,vis,Diethelm Roger,,"B,0011,B,0011,,",
29646,0.0484,41916.473,p,vis,Locher Kurt,,"B,0011,B,0011,,",
29657,0.0464,41922.2987,s,V,Ibanoglu C,,"I,0937,I,0937,,",
29661,0.0455,41924.325,s,vis,Germann R,,"B,0011,B,0011,,",
29665,0.0733,41926.38,s,vis,Jucker Brigitte,,"B,0011,B,0011,,",
29667,0.0647,41927.385,s,vis,Boss Ursula,,"B,0011,B,0011,,",
29670,0.0354,41928.623,p,vis,Mayer E,,,"A,0018,A,0018,AVSJ 5.84,"
29671,0.0596,41929.407,s,vis,Peter H,,,"B,0011,B,0011,,"
29673,0.056,41930.417,s,vis,Peter H,,,"B,0011,B,0011,,"
29675,0.0424,41931.417,s,vis,Germann R,,"B,0011,B,0011,,",
29682,0.0509,41934.72,p,vis,Cragg T,,,"A,0018,A,0018,AVSJ 5.84,"
29693,0.0447,41940.2886,p,V,Ibanoglu C,,"I,0937,I,0937,,",
29695,0.0446,41941.302,p,vis,Germann R,,"B,0011,B,0011,,",
29695,0.0526,41941.31,p,vis,Locher Kurt,,"B,0011,B,0011,,",
29697,0.042,41942.313,p,vis,Locher Kurt,,"B,0011,B,0011,,",
29699,0.0434,41943.328,p,vis,Locher Kurt,,"B,0011,B,0011,,",
29719,0.0376,41953.458,p,vis,Locher Kurt,,"B,0011,B,0011,,",
29730,0.0458,41959.294,s,vis,Locher Kurt,,"B,0012,B,0012,,",
29732,0.0333,41960.295,s,vis,Locher Kurt,,"B,0012,B,0012,,",
29734,0.0507,41961.326,s,vis,Germann R,,"B,0012,B,0012,,",
29744,0.0358,41966.379,s,vis,Germann R,,"B,0012,B,0012,,",
29762,0.0505,41975.263,p,vis,Germann R,,"B,0012,B,0012,,",
29766,0.0413,41977.534,s,vis,Baldwin Marvin,,"A,0018,A,0018,AVSJ 5.84,",
29768,0.0367,41978.543,s,vis,Baldwin Marvin,,"A,0018,A,0018,AVSJ 5.84,",
29770,0.0372,41979.557,s,vis,Baldwin Marvin,,"A,0018,A,0018,AVSJ 5.84,",
29772,0.0416,41980.575,s,vis,Baldwin Marvin,,"A,0018,A,0018,AVSJ 5.84,",
29772,0.0416,41980.575,s,vis,Small B.,,"A,0018,A,0018,AVSJ 5.84,",
29774,0.045,41981.592,s,vis,Small B.,,"A,0018,A,0018,AVSJ 5.84,",
29776,0.0414,41982.602,s,vis,Small B.,,"A,0018,A,0018,AVSJ 5.84,",
29778,0.0438,41983.618,s,vis,Small B.,,"A,0018,A,0018,AVSJ 5.84,",
29804,0.0442,41996.542,p,vis,Small B.,,"A,0018,A,0018,AVSJ 5.84,",
29831,0.0458,42010.227,p,vis,Germann R,,"B,0012,B,0012,,",
29833,0.0333,42011.228,p,vis,Locher Kurt,,"B,0012,B,0012,,",
30076,0.0408,42134.639,s,vis,Locher Kurt,,"B,0014,B,0014,,",
30138,0.0467,42165.813,p,vis,Baldwin Marvin,,"A,0019,A,0019,AVSJ 6.24,",
30206,0.0428,42200.524,s,vis,Locher Kurt,,"B,0016,B,0016,,",
30208,0.0463,42201.541,s,vis,Locher Kurt,,"B,0016,B,0016,,",
30234,0.0477,42214.466,p,vis,Germann R,,"B,0016,B,0016,,",
30236,0.0461,42215.478,p,vis,Marx Harald,,"D,0028,D,Lich,,",
30266,0.0453,42230.681,p,vis,Krobusek Bruce,,",,D,Lich,IBVS 954,",
30270,0.0462,42232.709,p,vis,Mallama Anthony,,"I,0954,I,0954,,",
30270,0.0462,42232.709,p,vis,Krobusek Bruce,,"I,0954,I,0954,,",
30271,0.0354,42233.458,s,vis,Peter H,,,"B,0016,B,0016,,"
30274,0.031,42234.721,p,vis,Krobusek Bruce,,"I,0954,I,0954,,",
30274,0.034,42234.724,p,vis,Mallama Anthony,,"I,0954,I,0954,,",
30276,0.0404,42235.744,p,vis,Mallama Anthony,,"I,0954,I,0954,,",
30276,0.0464,42235.75,p,vis,Krobusek Bruce,,"I,0954,I,0954,,",
30295,0.0554,42245.641,s,vis,Krobusek Bruce,,"I,0954,I,0954,,",
30299,0.0425,42247.4023,p,V,Gueduer N,,"I,1053,I,1053,,",
30299,0.0312,42247.644,s,vis,Krobusek Bruce,,"I,0954,I,0954,,",
30301,0.0406,42248.667,s,vis,Krobusek Bruce,,"I,0954,I,0954,,",
30303,0.053,42249.44,p,vis,Locher Kurt,,"B,0016,B,0016,,",
30303,0.042,42249.682,s,vis,Baldwin Marvin,,"A,0019,A,0019,AVSJ 6.24,",
30303,0.045,42249.685,s,vis,Farrar W,,"A,0019,A,0019,AVSJ 6.24,",
30305,0.0534,42250.454,p,vis,Locher Kurt,,"B,0016,B,0016,,",
30305,0.0454,42250.699,s,vis,Krobusek Bruce,,"I,0954,I,0954,,",
30307,0.0359,42251.45,p,vis,Diethelm Roger,,"B,0016,B,0016,,",
30307,0.0389,42251.453,p,vis,Germann R,,"B,0016,B,0016,,",
30307,0.0449,42251.459,p,vis,Bischof W,,"D,0028,D,Lich,,",
30309,0.042,42252.4697,p,B,Gueduer N,,"I,1053,I,1053,,",
30309,0.0427,42252.4704,p,V,Gueduer N,,"I,1053,I,1053,,",
30311,0.0487,42253.49,p,vis,Locher Kurt,,"B,0016,B,0016,,",
30315,0.0305,42255.499,p,vis,Diethelm Roger,,"B,0016,B,0016,,",
30315,0.0305,42255.499,p,vis,Germann R,,"B,0016,B,0016,,",
30317,0.0509,42256.786,s,vis,Krobusek Bruce,,"I,0954,I,0954,,",
30325,0.0436,42260.58,p,vis,Locher Kurt,,"B,0016,B,0016,,",
30327,0.038,42261.588,p,vis,Locher Kurt,,"B,0017,B,0017,,",
30328,0.0572,42262.367,s,vis,Germann R,,"B,0017,B,0017,,",
30333,0.0443,42264.635,p,vis,Krobusek Bruce,,"I,0954,I,0954,,",
30335,0.0427,42265.647,p,vis,Krobusek Bruce,,"I,0954,I,0954,,",
30335,0.0487,42265.653,p,vis,Smith H A,,"A,0019,A,0019,AVSJ 6.24,",
30336,0.0459,42266.41,s,vis,Bischof W,,"D,0028,D,Lich,,",
30336,0.0499,42266.414,s,vis,Peter H,,,"B,0017,B,0017,,"
30337,0.0201,42266.638,p,vis,Krobusek Bruce,,"I,0954,I,0954,,",
30337,0.0511,42266.669,p,vis,Farrar W,,"A,0019,A,0019,AVSJ 6.24,",
30338,0.0413,42267.419,s,vis,Diethelm Roger,,"B,0017,B,0017,,",
30366,0.0441,42281.359,p,vis,Bischof W,,"D,0028,D,Lich,,",
30366,0.0521,42281.62,s,vis,Smith H A,,"A,0019,A,0019,AVSJ 6.24,",
30372,0.0304,42284.639,s,vis,Samolyk Gerry,,"A,0019,A,0019,AVSJ 6.24,",
30372,0.0444,42284.653,s,vis,Small B.,,"A,0019,A,0019,AVSJ 6.24,",
30395,0.0282,42296.293,s,vis,Diethelm Roger,,"B,0017,B,0017,,",
30395,0.0412,42296.306,s,vis,Germann R,,"B,0017,B,0017,,",
30395,0.0462,42296.311,s,vis,Locher Kurt,,"B,0017,B,0017,,",
30398,0.0448,42297.577,p,vis,Mayer E,,,"A,0019,A,0019,AVSJ 6.24,"
30405,0.043,42301.3758,s,V,Gueduer N,,"I,1163,I,1163,,",
30407,0.0347,42302.381,s,vis,Germann R,,"B,0017,B,0017,,",
30409,0.0211,42303.381,s,vis,Germann R,,"B,0017,B,0017,,",
30409,0.0321,42303.392,s,vis,Locher Kurt,,"B,0017,B,0017,,",
30409,0.0401,42303.4,s,vis,Diethelm Roger,,"B,0017,B,0017,,",
30411,0.0325,42304.406,s,vis,Germann R,,"B,0017,B,0017,,",
30411,0.0385,42304.412,s,vis,Peter H,,,"B,0017,B,0017,,"
30414,0.0261,42305.667,p,vis,Baldwin Marvin,,"A,0019,A,0019,AVSJ 6.24,",
30416,0.0525,42306.707,p,vis,Cragg T,,,"A,0019,A,0019,AVSJ 6.24,"
30418,0.0429,42307.711,p,vis,Samolyk Gerry,,"A,0019,A,0019,AVSJ 6.24,",
30418,0.0439,42307.712,p,vis,Wedemayer G,,"A,0019,A,0019,AVSJ 6.24,",
30420,0.0444,42308.726,p,vis,Wedemayer G,,"A,0019,A,0019,AVSJ 6.24,",
30422,0.0588,42309.754,p,vis,Samolyk Gerry,,"A,0019,A,0019,AVSJ 6.24,",
30425,0.0424,42311.258,p,V,Gueduer N,,"I,1163,I,1163,,",
30439,0.0293,42318.34,p,vis,Germann R,,"B,0017,B,0017,,",
30451,0.0418,42324.687,s,vis,Krobusek Bruce,,"I,0954,I,0954,,",
30471,0.051,42334.579,p,vis,Fortier G,,"A,0019,A,0019,AVSJ 6.24,",
30476,0.026,42337.341,s,vis,Germann R,,"B,0018,B,0018,,",
30477,0.0402,42337.609,p,vis,Krobusek Bruce,,"I,0954,I,0954,,",
30480,0.0338,42339.376,s,vis,Germann R,,"B,0018,B,0018,,",
30510,0.0371,42354.33,p,vis,Peter H,,,"B,0018,B,0018,,"
30522,0.0336,42360.661,s,vis,Awe B,,,"A,0019,A,0019,AVSJ 6.24,"
30522,0.0346,42360.662,s,vis,Samolyk Gerry,,"A,0019,A,0019,AVSJ 6.24,",
30522,0.0396,42360.667,s,vis,Halbach E,,"A,0019,A,0019,AVSJ 6.24,",
30535,0.0383,42367.254,s,vis,Germann R,,"B,0019,B,0019,,",
30539,0.0401,42369.283,s,vis,Germann R,,"B,0018,B,0018,,",
30554,0.0342,42376.626,p,vis,Wedemayer G,,"A,0019,A,0019,AVSJ 6.24,",
30569,0.0434,42384.237,p,vis,Locher Kurt,,"B,0019,B,0019,,",
30571,0.0488,42385.256,p,vis,Germann R,,"B,0019,B,0019,,",
30604,0.0356,42402.22,s,vis,Diethelm Roger,,"B,0019,B,0019,,",
30604,0.0416,42402.226,s,vis,Locher Kurt,,"B,0019,B,0019,,",
30606,0.046,42403.244,s,vis,Diethelm Roger,,"B,0019,B,0019,,",
30710,0.0427,42455.694,p,vis,Locher Kurt,,"B,0021,B,0021,,",
30744,0.0398,42472.922,p,vis,Wedemayer G,,"A,0021,A,0021,AVSJ 7.29,",
30744,0.0438,42472.926,p,vis,Samolyk Gerry,,"A,0021,A,0021,AVSJ 7.29,",
30745,0.042,42473.684,s,vis,Locher Kurt,,"B,0021,B,0021,,",
30811,0.0417,42506.879,p,vis,Samolyk Gerry,,"A,0021,A,0021,AVSJ 7.29,",
30813,0.0271,42507.878,p,vis,Wedemayer G,,"A,0021,A,0021,AVSJ 7.29,",
30813,0.0381,42507.889,p,vis,Samolyk Gerry,,"A,0021,A,0021,AVSJ 7.29,",
30818,0.0321,42510.67,s,vis,Locher Kurt,,"B,0022,B,0022,,",
30838,0.0643,42520.838,s,vis,Harvin R,,"A,0021,A,0021,AVSJ 7.29,",
30848,0.0374,42525.626,p,vis,Locher Kurt,,"B,0022,B,0022,,",
30850,0.0408,42526.643,p,vis,Locher Kurt,,"B,0022,B,0022,,",
30866,0.0551,42534.766,p,vis,Samolyk Gerry,,"A,0021,A,0021,AVSJ 7.29,",
30867,0.0373,42535.508,s,vis,Peter H,,,"B,0022,B,0022,,"
30867,0.0533,42535.524,s,vis,Locher Kurt,,"B,0022,B,0022,,",
30874,0.0238,42538.789,p,vis,Harvin R,,"A,0021,A,0021,AVSJ 7.29,",
30895,0.0442,42549.452,p,vis,Germann R,,"B,0022,B,0022,,",
30895,0.0502,42549.711,s,vis,Ganiere B,,"A,0021,A,0021,AVSJ 7.29,",
30895,0.0502,42549.711,s,vis,Samolyk Gerry,,"A,0021,A,0021,AVSJ 7.29,",
30897,0.0536,42550.728,s,vis,Harvin R,,"A,0021,A,0021,AVSJ 7.29,",
30899,0.032,42551.467,p,vis,Germann R,,"B,0022,B,0022,,",
30913,0.0439,42558.574,p,vis,Locher Kurt,,"B,0022,B,0022,,",
30921,0.0506,42562.888,s,vis,Atwood P,,"A,0021,A,0021,AVSJ 7.29,",
30934,0.0433,42569.469,s,vis,Peter H,,,"B,0023,B,0023,,"
30935,0.0415,42569.721,p,vis,Baldwin Marvin,,"A,0021,A,0021,AVSJ 7.29,",
30937,0.0479,42570.741,p,vis,Baldwin Marvin,,"A,0021,A,0021,AVSJ 7.29,",
30939,0.0403,42571.747,p,vis,Baldwin Marvin,,"A,0021,A,0021,AVSJ 7.29,",
30940,0.0505,42572.517,s,vis,Locher Kurt,,"B,0023,B,0023,,",
30941,0.0437,42572.764,p,vis,Baldwin Marvin,,"A,0021,A,0021,AVSJ 7.29,",
30950,0.0386,42577.573,s,vis,Locher Kurt,,"B,0023,B,0023,,",
30952,0.04,42578.588,s,vis,Locher Kurt,,"B,0023,B,0023,,",
30958,0.0543,42581.643,s,vis,Samolyk Gerry,,"A,0021,A,0021,AVSJ 7.29,",
30974,0.0436,42589.488,p,vis,Locher Kurt,,"B,0023,B,0023,,",
30988,0.0225,42596.562,p,vis,Germann R,,"B,0023,B,0023,,",
30998,0.0466,42601.654,p,vis,Krobusek Bruce,,"I,1249,I,1249,,",
31000,0.038,42602.659,p,vis,Krobusek Bruce,,"I,1249,I,1249,,",
31002,0.0354,42603.67,p,vis,Krobusek Bruce,,"I,1249,I,1249,,",
31003,0.0486,42604.443,s,vis,Locher Kurt,,"B,0023,B,0023,,",
31004,0.0438,42604.692,p,vis,Baldwin Marvin,,"A,0021,A,0021,AVSJ 7.29,",
31006,0.0402,42605.702,p,vis,Wedemayer G,,"A,0021,A,0021,AVSJ 7.29,",
31007,0.0385,42606.46,s,vis,Germann R,,"B,0023,B,0023,,",
31007,0.0435,42606.465,s,vis,Diethelm Roger,,"B,0023,B,0023,,",
31009,0.0179,42607.453,s,vis,Germann R,,"B,0023,B,0023,,",
31009,0.0404,42607.4755,s,pg,Ahnert P,,"I,1030,I,1030,,",
31009,0.0499,42607.485,s,vis,Peter H,,,"B,0023,B,0023,,"
31010,0.0421,42607.731,p,vis,Baldwin Marvin,,"A,0021,A,0021,AVSJ 7.29,",
31012,0.0335,42608.736,p,vis,Baldwin Marvin,,"A,0021,A,0021,AVSJ 7.29,",
31016,0.0433,42610.773,p,vis,Samolyk Gerry,,"A,0021,A,0021,AVSJ 7.29,",
31035,0.0423,42620.401,p,vis,Diethelm Roger,,"B,0023,B,0023,,",
31037,0.0267,42621.399,p,vis,Diethelm Roger,,"B,0023,B,0023,,",
31045,0.0384,42625.465,p,vis,Germann R,,"B,0023,B,0023,,",
31045,0.0374,42625.717,s,vis,Baldwin Marvin,,"A,0021,A,0021,AVSJ 7.29,",
31057,0.0429,42631.804,s,vis,Baldwin Marvin,,"A,0021,A,0021,AVSJ 7.29,",
31059,0.0363,42632.811,s,vis,Baldwin Marvin,,"A,0021,A,0021,AVSJ 7.29,",
31098,0.0454,42652.332,p,vis,Germann R,,"B,0023,B,0023,,",
31110,0.0309,42658.652,s,vis,Baldwin Marvin,,"A,0021,A,0021,AVSJ 7.29,",
31114,0.0277,42660.676,s,vis,Baldwin Marvin,,"A,0021,A,0021,AVSJ 7.29,",
31118,0.0355,42662.711,s,vis,Baldwin Marvin,,"A,0021,A,0021,AVSJ 7.29,",
31131,0.0372,42669.301,s,vis,Germann R,,"B,0024,B,0024,,",
31137,0.0425,42672.347,s,vis,Braune Werner,,"D,0029,D,Lich,,",
31150,0.0432,42678.683,p,vis,Samolyk Gerry,,"A,0021,A,0021,AVSJ 7.29,",
31160,0.0433,42683.751,p,vis,Wedemayer G,,"A,0021,A,0021,AVSJ 7.29,",
31160,0.0523,42683.76,p,vis,Ruokonen D,,"A,0021,A,0021,AVSJ 7.29,",
31169,0.0272,42688.296,p,vis,Germann R,,"B,0024,B,0024,,",
31173,0.045,42690.594,s,vis,Ruokonen D,,"A,0021,A,0021,AVSJ 7.29,",
31173,0.052,42690.601,s,vis,Laskowski C,,"A,0021,A,0021,AVSJ 7.29,",
31177,0.0488,42692.372,p,vis,Peter H,,,"B,0024,B,0024,,"
31193,0.0261,42700.711,s,vis,Cragg T,,,"A,0021,A,0021,AVSJ 7.29,"
31208,0.0363,42708.323,s,vis,Locher Kurt,,"B,0024,B,0024,,",
31211,0.0459,42709.6,p,vis,Krobusek Bruce,,"I,1249,I,1249,,",
31212,0.0371,42710.351,s,vis,Germann R,,"B,0024,B,0024,,",
31242,0.0433,42725.308,p,vis,Locher Kurt,,"B,0024,B,0024,,",
31267,0.0365,42738.224,s,vis,Kissling M,,"B,0024,B,0024,,",
31267,0.0385,42738.226,s,vis,Wuethrich T,,"B,0024,B,0024,,",
31267,0.0435,42738.231,s,vis,Baumann M,,"B,0024,B,0024,,",
31267,0.0445,42738.232,s,vis,Peter H,,,"B,0024,B,0024,,"
31269,0.04,42739.241,s,vis,Braune Werner,,"D,0029,D,Lich,,",
31307,0.0369,42758.243,p,vis,Germann R,,"B,0025,B,0025,,",
31338,0.0393,42774.209,s,vis,Locher Kurt,,"B,0025,B,0025,,",
31446,0.0488,42828.699,p,vis,Locher Kurt,,"B,0026,B,0026,,",
31544,0.0432,42878.612,s,vis,Locher Kurt,,"B,0027,B,0027,,",
31546,0.0346,42879.617,s,vis,Locher Kurt,,"B,0027,B,0027,,",
31578,0.0442,42895.844,s,vis,Samolyk Gerry,,"A,0021,A,0021,AVSJ 7.29,",
31582,0.0341,42897.608,p,vis,Locher Kurt,,"B,0027,B,0027,,",
31600,0.0408,42906.737,p,vis,Stephan Chris,,"A,0021,I,1350,AVSJ 7.29,",
31604,0.0496,42908.773,p,vis,Samolyk Gerry,,"A,0021,A,0021,AVSJ 7.29,",
31637,0.0415,42925.742,s,vis,Hesseltine C,,"A,0021,A,0021,AVSJ 7.29,",
31637,0.0495,42925.75,s,vis,Samolyk Gerry,,"A,0021,A,0021,AVSJ 7.29,",
31639,0.0419,42926.503,p,vis,Peter H,,,"B,0028,B,0028,,"
31655,0.0342,42934.604,p,vis,Locher Kurt,,"B,0028,B,0028,,",
31674,0.0402,42944.492,s,vis,Locher Kurt,,"B,0028,B,0028,,",
31679,0.0362,42946.769,p,vis,Baldwin Marvin,,"A,0021,A,0021,AVSJ 7.29,",
31681,0.0366,42947.783,p,vis,Krueger K,,"A,0021,A,0021,AVSJ 7.29,",
31681,0.0376,42947.784,p,vis,Ruokonen D,,"A,0021,A,0021,AVSJ 7.29,",
31681,0.0406,42947.787,p,vis,Samolyk Gerry,,"A,0021,A,0021,AVSJ 7.29,",
31687,0.0379,42950.825,p,vis,Ruokonen D,,"A,0021,A,0021,AVSJ 7.29,",
31696,0.0368,42955.638,s,vis,Ruokonen D,,"A,0021,A,0021,AVSJ 7.29,",
31698,0.0402,42956.402,p,vis,Germann R,,"B,0028,B,0028,,",
31698,0.0402,42956.655,s,vis,Baldwin Marvin,,"A,0021,A,0021,AVSJ 7.29,",
31700,0.0406,42957.416,p,vis,Germann R,,"B,0028,B,0028,,",
31700,0.0406,42957.416,p,vis,Peter H,,,"B,0028,B,0028,,"
31700,0.0526,42957.681,s,vis,Stephan Chris,,"I,1350,A,0021,,",
31702,0.047,42958.436,p,vis,Germann R,,"B,0028,B,0028,,",
31704,0.0394,42959.442,p,vis,Locher Kurt,,"B,0028,B,0028,,",
31704,0.0484,42959.451,p,vis,Germann R,,"B,0028,B,0028,,",
31706,0.0379,42960.4541,p,V,Groebel R,,"I,1358,I,1358,,",
31708,0.0443,42961.474,p,vis,Peter H,,,"B,0029,B,0029,,"
31710,0.0507,42962.494,p,vis,Kunzmann B,,"D,0031,D,Lich,,",
31710,0.0397,42962.736,s,vis,Ruokonen D,,"A,0021,A,0021,AVSJ 7.29,",
31714,0.0305,42964.754,s,vis,Baldwin Marvin,,"A,0021,A,0021,AVSJ 7.29,",
31727,0.0482,42971.36,s,vis,Locher Kurt,,"B,0029,B,0029,,",
31733,0.0355,42974.388,s,vis,Locher Kurt,,"B,0029,B,0029,,",
31735,0.0369,42975.403,s,vis,Germann R,,"B,0029,B,0029,,",
31742,0.0343,42978.695,p,vis,Baldwin Marvin,,"A,0021,A,0021,AVSJ 7.29,",
31746,0.0342,42980.722,p,vis,Baldwin Marvin,,"A,0021,A,0021,AVSJ 7.29,",
31749,0.0278,42982.489,s,vis,Lichtenknecker D,"D,0029,D,Lich,,",,
31754,0.0368,42984.779,p,vis,Wedemayer G,,"A,0021,A,0021,AVSJ 7.29,",
31754,0.0428,42984.785,p,vis,Baldwin Marvin,,"A,0021,A,0021,AVSJ 7.29,",
31755,0.022,42985.524,s,vis,Lichtenknecker D,"D,0029,D,Lich,,",,
31758,0.0393,42986.8086,p,V,Scarfe C D,,"I,1379,I,1379,,",
31759,0.0279,42987.557,s,vis,Lichtenknecker D,"D,0029,D,Lich,,",,
31765,0.0381,42990.355,p,vis,Germann R,,"B,0029,B,0029,,",
31771,0.0354,42993.393,p,vis,Germann R,,"B,0029,B,0029,,",
31771,0.0354,42993.393,p,vis,Peter H,,,"B,0029,B,0029,,"
31771,0.0484,42993.406,p,vis,Peter H,,,"B,0029,B,0029,,"
31773,0.0338,42994.658,s,vis,Baldwin Marvin,,"A,0021,A,0021,AVSJ 7.29,",
31773,0.0458,42994.67,s,vis,Ruokonen D,,"A,0021,A,0021,AVSJ 7.29,",
31779,0.041,42997.453,p,vis,Peter H,,,"B,0029,B,0029,,"
31801,0.0366,43008.598,p,vis,Krobusek Bruce,,"I,1249,I,1249,,",
31805,0.0404,43010.629,p,vis,Krobusek Bruce,,"I,1249,I,1249,,",
31806,0.0496,43011.398,s,vis,Germann R,,"B,0029,B,0029,,",
31807,0.0399,43011.642,p,vis,Ruokonen D,,"A,0021,A,0021,AVSJ 7.29,",
31807,0.0409,43011.643,p,vis,Mayer E,,,"A,0021,A,0021,AVSJ 7.29,"
31808,0.0321,43012.394,s,vis,Lichtenknecker D,"D,0029,D,Lich,,",,
31812,0.0229,43014.412,s,vis,Lichtenknecker D,"D,0029,D,Lich,,",,
31814,0.0383,43015.441,s,vis,Peter H,,,"B,0029,B,0029,,"
31815,0.0505,43015.707,p,vis,Samolyk Gerry,,"A,0021,A,0021,AVSJ 7.29,",
31816,0.0207,43016.437,s,vis,Lichtenknecker D,"D,0029,D,Lich,,",,
31840,0.0437,43028.623,s,vis,Samolyk Gerry,,"A,0021,A,0021,AVSJ 7.29,",
31842,0.0361,43029.376,p,vis,Peter H,,,"B,0030,B,0030,,"
31842,0.0361,43029.376,p,vis,Peter H,,,"B,0030,B,0030,,"
31842,0.0461,43029.386,p,vis,Germann R,,"B,0030,B,0030,,",
31842,0.0461,43029.386,p,vis,Germann R,,"B,0030,B,0030,,",
31844,0.0376,43030.391,p,vis,Locher Kurt,,"B,0030,B,0030,,",
31850,0.0428,43033.69,s,vis,Ruokonen D,,"A,0021,A,0021,AVSJ 7.29,",
31869,0.0288,43043.305,s,vis,Germann R,,"B,0030,B,0030,,",
31877,0.0464,43047.377,s,vis,Kunzmann B,,"D,0031,D,Lich,,",
31897,0.0406,43057.254,p,vis,Locher Kurt,,"B,0030,B,0030,,",
31899,0.059,43058.286,p,vis,Locher Kurt,,"B,0030,B,0030,,",
31905,0.0432,43061.311,p,vis,Royer A,,,"B,0030,B,0030,,"
31905,0.0462,43061.314,p,vis,Germann R,,"B,0030,B,0030,,",
31907,0.0377,43062.319,p,vis,Royer A,,,"B,0030,B,0030,,"
31921,0.0376,43069.414,p,vis,Royer A,,,"B,0030,B,0030,,"
31970,0.0418,43094.251,p,vis,Royer A,,,"G,EB03,,EB03,,"
31974,0.0446,43096.534,s,vis,Ruokonen D,,"A,0021,A,0021,AVSJ 7.29,",
32217,0.0361,43219.676,s,vis,Locher Kurt,,"B,0033,B,0033,,",
32241,0.0381,43231.588,p,vis,Locher Kurt,,"B,0033,B,0033,,",
32280,0.0362,43251.604,s,vis,Germann R,,"B,0033,B,0033,,",
32350,0.0388,43286.829,p,vis,Samolyk Gerry,,"A,0021,A,0021,AVSJ 7.29,",
32398,0.0418,43311.411,s,vis,Germann R,,"B,0033,B,0033,,",
32400,0.0452,43312.428,s,vis,Royer A,,,"G,EB03,,EB03,,"
32403,0.0368,43313.687,p,vis,Ruokonen D,,"A,0021,A,0021,AVSJ 7.29,",
32403,0.0388,43313.689,p,vis,Baldwin Marvin,,"A,0021,A,0021,AVSJ 7.29,",
32421,0.0356,43322.808,p,vis,Goodwin P,,"A,0021,A,0021,AVSJ 7.29,",
32430,0.0424,43327.376,p,vis,Locher Kurt,,"B,0034,B,0034,,",
32432,0.0369,43328.384,p,vis,Locher Kurt,,"B,0034,B,0034,,",
32452,0.023,43338.759,s,vis,Kirby P,,,"A,0021,A,0021,AVSJ 7.29,"
32456,0.0508,43340.561,p,vis,Locher Kurt,,"B,0034,B,0034,,",
32469,0.0376,43347.389,s,vis,Germann R,,"B,0034,B,0034,,",
32471,0.034,43348.399,s,vis,Germann R,,"B,0034,B,0034,,",
32472,0.0362,43348.655,p,vis,Stephen Chris,,"A,0021,I,1502,AVSJ 7.29,",
32476,0.032,43350.678,p,vis,Baldwin Marvin,,"A,0021,A,0021,AVSJ 7.29,",
32478,0.0304,43351.69,p,vis,Baldwin Marvin,,"A,0021,A,0021,AVSJ 7.29,",
32491,0.0371,43358.538,s,vis,Locher Kurt,,"B,0034,B,0034,,",
32503,0.0436,43364.373,p,vis,Royer A,,,"B,0034,B,0034,,"
32503,0.0506,43364.38,p,vis,Bouzin B,,"B,0035,B,0035,,",
32505,0.024,43365.367,p,vis,Bouzin B,,"B,0035,B,0035,,",
32505,0.034,43365.377,p,vis,Royer A,,,"B,0034,G,EB06,,"
32507,0.0365,43366.393,p,vis,Boninsegna V,,"G,EB06,,EB06,,",
32507,0.0395,43366.396,p,vis,Royer A,,,"B,0034,B,0034,,"
32507,0.0405,43366.397,p,vis,Penna M,,,"G,EB06,,EB06,,"
32507,0.0445,43366.401,p,vis,Boninsegna Rolan,"G,EB06,,EB06,,",,
32507,0.0475,43366.404,p,vis,Bouzin B,,"B,0035,B,0035,,",
32509,0.0359,43367.406,p,vis,Royer A,,,"B,0034,G,EB06,,"
32515,0.0364,43370.4473,p,V,Groebel R,,"I,1449,I,1449,,34",
32550,0.0304,43388.432,s,vis,Bouzin B,,"B,0035,B,0035,,",
32550,0.0534,43388.455,s,vis,Royer A,,,"B,0035,G,EB06,,"
32558,0.0351,43392.491,s,vis,Bouzin B,,"B,0035,B,0035,,",
32558,0.0401,43392.496,s,vis,Nezry E,,,"B,0035,B,0035,,"
32558,0.0431,43392.499,s,vis,Duquesne J L,,"B,0035,B,0035,,",
32560,0.0335,43393.503,s,vis,Nezry E,,,"B,0035,B,0035,,"
32560,0.0385,43393.508,s,vis,Duquesne J L,,"B,0035,B,0035,,",
32562,0.0279,43394.511,s,vis,Bouzin B,,"B,0035,B,0035,,",
32562,0.0309,43394.514,s,vis,Duquesne J L,,"B,0035,B,0035,,",
32562,0.0349,43394.518,s,vis,Nezry E,,,"B,0035,B,0035,,"
32568,0.0341,43397.305,p,vis,Germann R,,"B,0035,B,0035,,",
32568,0.0371,43397.308,p,vis,Locher Kurt,,"B,0035,B,0035,,",
32578,0.0312,43402.37,p,vis,Germann R,,"B,0035,B,0035,,",
32582,0.0361,43404.402,p,vis,Royer A,,,"B,0035,G,EB06,,"
32601,0.042,43414.29,s,vis,Germann R,,"B,0035,B,0035,,",
32609,0.0277,43418.33,s,vis,Nezry E,,,"B,0036,B,0036,,"
32623,0.0386,43425.436,s,vis,Royer A,,,"B,0035,G,EB06,,"
32637,0.0395,43432.279,p,vis,Royer A,,,"B,0035,G,EB06,,"
32639,0.0339,43433.287,p,vis,Royer A,,,"B,0035,B,0035,,"
32643,0.0377,43435.318,p,vis,Germann R,,"B,0035,B,0035,,",
32643,0.0387,43435.319,p,vis,Peter H,,,"B,0035,B,0035,,"
32666,0.0435,43447.233,s,vis,Royer A,,,"B,0036,G,EB06,,"
32672,0.0428,43450.273,s,vis,Nezry E,,,"B,0036,B,0036,,"
32677,0.0458,43452.557,p,vis,Samolyk Gerry,,"A,0021,A,0021,AVSJ 7.29,",
32678,0.029,43453.3,s,vis,Germann R,,"B,0035,B,0035,,",
32678,0.033,43453.304,s,vis,Nezry E,,,"B,0036,B,0036,,"
32684,0.0273,43456.339,s,vis,Germann R,,"B,0035,B,0035,,",
32684,0.0373,43456.349,s,vis,Royer A,,,"B,0036,G,EB06,,"
32708,0.0403,43468.262,p,vis,Peter H,,,"B,0035,B,0035,,"
32745,0.034,43487.26,s,vis,Nezry E,,,"B,0036,B,0036,,"
33081,0.0408,43657.549,s,vis,Locher Kurt,,"B,0037,B,0037,,",
33083,0.0313,43658.553,s,vis,Locher Kurt,,"B,0037,B,0037,,",
33109,0.0367,43671.482,p,vis,Locher Kurt,,"B,0037,B,0037,,",
33109,0.0377,43671.483,p,vis,Peter H,,,"B,0037,B,0037,,"
33111,0.0381,43672.75,s,vis,Samolyk Gerry,,"A,0021,A,0021,AVSJ 7.29,",
33113,0.0375,43673.51,p,vis,Locher Kurt,,"B,0037,B,0037,,",
33123,0.0376,43678.578,p,vis,Locher Kurt,,"B,0037,B,0037,,",
33144,0.039,43689.475,s,vis,Locher Kurt,,"B,0037,B,0037,,",
33153,0.0358,43693.78,p,vis,Wedemayer G,,"A,0021,A,0021,AVSJ 7.29,",
33164,0.0311,43699.603,s,vis,Nezry E,,,"G,EB13,,EB13,,"
33172,0.0318,43703.405,p,vis,Germann R,,"B,0038,B,0038,,",
33172,0.0388,43703.412,p,vis,Locher Kurt,,"B,0038,B,0038,,",
33178,0.038,43706.452,p,vis,Peter H,,,"B,0038,B,0038,,"
33178,0.033,43706.7,s,vis,Kirby P,,,"A,0021,A,0021,AVSJ 7.29,"
33201,0.0438,43718.367,s,vis,Locher Kurt,,"B,0038,B,0038,,",
33211,0.0349,43723.426,s,vis,Peter H,,,"B,0038,B,0038,,"
33216,0.0249,43725.697,p,vis,Kirby P,,,"A,0021,A,0021,AVSJ 7.29,"
33235,0.0379,43735.339,p,vis,Germann R,,"B,0038,B,0038,,",
33241,0.0361,43738.378,p,vis,Diethelm Roger,,"B,0038,B,0038,,",
33243,0.0355,43739.391,p,vis,Germann R,,"B,0038,B,0038,,",
33247,0.0354,43741.671,s,vis,Baldwin Marvin,,"A,0021,A,0021,AVSJ 7.29,",
33272,0.0326,43754.338,s,vis,Diethelm Roger,,"B,0039,B,0039,,",
33273,0.0368,43754.596,p,vis,Baldwin Marvin,,"A,0021,A,0021,AVSJ 7.29,",
33274,0.033,43755.352,s,vis,Diethelm Roger,,"B,0039,B,0039,,",
33276,0.0314,43756.364,s,vis,Diethelm Roger,,"B,0039,B,0039,,",
33276,0.0414,43756.374,s,vis,Germann R,,"B,0039,B,0039,,",
33316,0.0327,43776.384,p,vis,Germann R,,"B,0039,B,0039,,",
33316,0.0387,43776.643,s,vis,Kirby P,,,"A,0021,A,0021,AVSJ 7.29,"
33322,0.042,43779.687,s,vis,Samolyk Gerry,,"A,0021,A,0021,AVSJ 7.29,",
33337,0.0351,43787.282,s,vis,Germann R,,"B,0039,B,0039,,",
33339,0.0285,43788.289,s,vis,Germann R,,"B,0039,B,0039,,",
33341,0.0339,43789.308,s,vis,Diethelm Roger,,"B,0039,B,0039,,",
33343,0.0333,43790.321,s,vis,Diethelm Roger,,"B,0039,B,0039,,",
33345,0.0378,43791.339,s,vis,Germann R,,"B,0039,B,0039,,",
33345,0.0398,43791.341,s,vis,Peter H,,,"B,0039,B,0039,,"
33373,0.0396,43805.278,p,vis,Germann R,,"B,0039,B,0039,,",
33375,0.037,43806.289,p,vis,Germann R,,"B,0039,B,0039,,",
33408,0.0399,43823.269,s,vis,Germann R,,"B,0040,B,0040,,",
33410,0.0353,43824.278,s,vis,Germann R,,"B,0040,B,0040,,",
33715,0.0377,43978.599,p,vis,Germann R,,"B,0043,B,0043,,",
33719,0.0386,43980.88,s,vis,Samolyk Gerry,,"A,0021,A,0021,AVSJ 7.29,",
33874,0.0358,44059.43,s,vis,Diethelm Roger,,"B,0044,B,0044,,",
33876,0.0392,44060.447,s,vis,Locher Kurt,,"B,0044,B,0044,,",
33902,0.0416,44073.373,p,vis,Germann R,,"B,0044,B,0044,,",
33914,0.0291,44079.442,p,vis,Peter H,,,"B,0044,B,0044,,"
33922,0.0338,44083.754,s,vis,Atwood P,,"A,0021,A,0021,AVSJ 7.29,",
33935,0.0435,44090.352,s,vis,Germann R,,"B,0044,B,0044,,",
33948,0.0342,44096.678,p,vis,Goodwin P,,"A,0021,A,0021,AVSJ 7.29,",
33954,0.0324,44099.717,p,vis,Baldwin Marvin,,"A,0021,A,0021,AVSJ 7.29,",
33991,0.0321,44118.468,p,vis,Peter H,,,"B,0045,B,0045,,"
34012,0.0375,44129.369,s,vis,Germann R,,"B,0045,B,0045,,",
34023,0.0228,44134.676,p,vis,Baldwin Marvin,,"A,0021,A,0021,AVSJ 7.29,",
34033,0.0279,44139.749,p,vis,Goodwin P,,"A,0021,A,0021,AVSJ 7.29,",
34050,0.0314,44148.368,p,vis,Peter H,,,"B,0045,B,0045,,"
34115,0.0309,44181.309,p,vis,Germann R,,"B,0045,B,0045,,",
34176,0.0386,44212.231,p,vis,Peter H,,,"B,0046,B,0046,,"
34211,0.0169,44230.2,s,vis,Locher Kurt,,"B,0046,B,0046,,",
34536,0.0375,44394.675,p,vis,Hanson G,,"A,0021,A,0021,AVSJ 7.29,",
34551,0.0336,44402.526,s,vis,Peter H,,,"B,0048,B,0048,,"
34620,0.027,44437.488,s,vis,Locher Kurt,,"B,0049,B,0049,,",
34628,0.0256,44441.541,s,vis,Locher Kurt,,"B,0049,B,0049,,",
34630,0.029,44442.558,s,vis,Locher Kurt,,"B,0049,B,0049,,",
34632,0.0335,44443.576,s,vis,Locher Kurt,,"B,0049,B,0049,,",
34642,0.0375,44448.395,p,vis,Diethelm Roger,,"B,0049,B,0049,,",
34644,0.034,44449.405,p,vis,Peter H,,,"B,0049,B,0049,,"
34666,0.0281,44460.8016,s,pe,Delaney P A,,"I,2545,I,2545,,",
34672,0.0338,44463.848,s,vis,Hanson G,,"A,0021,A,0021,AVSJ 7.29,",
34677,0.0348,44466.383,s,vis,Germann R,,"B,0049,B,0049,,",
34698,0.0303,44476.7681,p,pe,Barlow D J,,"I,2545,I,2545,,",
34703,0.0362,44479.308,p,vis,Mavrofridis G,,"B,0049,B,0049,,",
34705,0.0286,44480.314,p,vis,Mavrofridis G,,"B,0049,B,0049,,",
34707,0.0261,44481.325,p,vis,Mavrofridis G,,"B,0049,B,0049,,",
34709,0.0245,44482.337,p,vis,Mavrofridis G,,"B,0049,B,0049,,",
34711,0.0349,44483.361,p,vis,Mavrofridis G,,"B,0049,B,0049,,",
34711,0.0379,44483.364,p,vis,Stefanopoulos G,,"B,0052,B,0052,,",
34713,0.0353,44484.375,p,vis,Stefanopoulos G,,"B,0052,B,0052,,",
34715,0.0307,44485.384,p,vis,Diethelm Roger,,"B,0050,B,0050,,",
34717,0.0181,44486.385,p,vis,Diethelm Roger,,"B,0050,B,0050,,",
34717,0.0311,44486.398,p,vis,Germann R,,"B,0050,B,0050,,",
34719,0.0326,44487.413,p,vis,Mavrofridis G,,"B,0051,B,0051,,",
34721,0.032,44488.426,p,vis,Mavrofridis G,,"B,0051,B,0051,,",
34723,0.0324,44489.44,p,vis,Mavrofridis G,,"B,0051,B,0051,,",
34725,0.0308,44490.452,p,vis,Mavrofridis G,,"B,0051,B,0051,,",
34727,0.0292,44491.464,p,vis,Mavrofridis G,,"B,0051,B,0051,,",
34729,0.0296,44492.478,p,vis,Mavrofridis G,,"B,0051,B,0051,,",
34731,0.029,44493.491,p,vis,Mavrofridis G,,"B,0051,B,0051,,",
34740,0.0459,44498.322,s,vis,Germann R,,"B,0050,B,0050,,",
34748,0.0236,44502.354,s,vis,Hasubick W,,"D,0032,D,Lich,,",
34748,0.0296,44502.36,s,vis,Germann R,,"B,0050,B,0050,,",
34778,0.0378,44517.319,p,vis,Mavrofridis G,,"B,0051,B,0051,,",
34790,0.0213,44523.384,p,vis,Stoikidis N,,"B,0051,B,0051,,",
34790,0.0233,44523.386,p,vis,Locher Kurt,,"B,0051,B,0051,,",
34794,0.0542,44525.444,p,vis,Peter H,,,"B,0051,B,0051,,"
34809,0.0293,44533.274,s,vis,Germann R,,"B,0051,B,0051,,",
34872,0.0284,44565.201,s,vis,Germann R,,"B,0052,B,0052,,",
34876,0.0242,44567.224,s,vis,Germann R,,"B,0051,B,0051,,",
34880,0.038,44569.265,s,vis,Germann R,,"B,0051,B,0051,,",
34951,0.0258,44605.235,s,vis,Germann R,,"B,0052,B,0052,,",
35153,0.0268,44707.608,s,vis,Germann R,,"B,0054,B,0054,,",
35177,0.0508,44719.542,p,vis,Mavrofridis G,,"B,0057,B,0057,,",
35242,0.0393,44752.725,s,vis,Samolyk Gerry,,"A,0021,A,0021,AVSJ 7.29,",
35304,0.0352,44783.889,p,vis,Cook L,,,"A,0021,A,0021,AVSJ 7.29,"
35307,0.0309,44785.405,p,vis,Diethelm Roger,,"B,0056,B,0056,,",
35313,0.0251,44788.44,p,vis,Carbol K,,"C,0026,C,0026,,",
35323,0.0252,44793.508,p,vis,Diethelm Roger,,"B,0056,B,0056,,",
35378,0.0156,44821.372,p,vis,Diethelm Roger,,"B,0056,B,0056,,",
35378,0.0176,44821.374,p,vis,Germann R,,"B,0056,B,0056,,",
35378,0.0308,44821.3872,p,vis,Diethelm Roger,,"B,0056,B,0056,,",
35384,0.0359,44824.433,p,vis,Mavrofridis G,,"B,0057,B,0057,,",
35400,0.0291,44832.7879,s,pg,Forbes D W,,"I,2545,I,2545,,",
35419,0.0282,44842.416,s,vis,Germann R,,"B,0056,B,0056,,",
35423,0.024,44844.439,s,vis,Brelstaff T,,"R,0005,R,0005,,",
35443,0.0261,44854.324,p,vis,Germann R,,"B,0056,B,0056,,",
35443,0.0251,44854.576,s,vis,Baldwin Marvin,,"A,0021,A,0021,AVSJ 7.29,",
35487,0.0293,44876.626,p,vis,Baldwin Marvin,,"A,0021,A,0021,AVSJ 7.29,",
35490,0.0309,44878.401,s,vis,Germann R,,"B,0056,B,0056,,",
35514,0.0299,44890.31,p,vis,Brelstaff T,,"R,0005,R,0005,,",
35559,0.0213,44913.36,s,vis,Germann R,,"B,0057,B,0057,,",
35583,0.0273,44925.276,p,vis,Germann R,,"B,0057,B,0057,,",
35990,0.0379,45131.804,s,vis,Samolyk Gerry,,"A,0021,A,0021,AVSJ 7.29,",
36003,0.0246,45138.379,s,vis,Germann R,,"B,0061,B,0061,,",
36045,0.0284,45159.415,p,vis,Germann R,,"B,0061,B,0061,,",
36047,0.0308,45160.431,p,vis,Germann R,,"B,0061,B,0061,,",
36086,0.0269,45180.445,s,V,Buchlae A,,"I,2385,,,,",
36096,0.0221,45185.2551,p,pe,Lafta,,,",,D,Lich,ASS 114.27,"
36112,0.0293,45193.371,p,vis,Germann R,,"B,0062,B,0062,,",
36118,0.0305,45196.413,p,vis,Carbol K,,"C,0026,C,0026,,",
36120,0.022,45197.418,p,vis,Brelstaff T,,"R,0006,R,0006,,",
36122,0.0264,45198.436,p,vis,Brelstaff T,,"R,0006,R,0006,,",
36126,0.0092,45200.446,p,pg,Wenzel Wolfgang,,"M,10.4,,,p 104,",
36130,0.019,45202.736,s,vis,Williams D,,"A,0021,A,0021,AVSJ 7.29,",
36755,0.025,45519.487,s,vis,Vielmetter H,,"D,0038,D,0038,,",
36779,0.027,45531.399,p,vis,Diethelm Roger,,"B,0067,B,0067,,",
36795,0.0284,45539.509,p,vis,Braune Werner,,"D,0038,D,0038,,",
36868,0.0235,45576.5,p,vis,Brelstaff T,,"R,0006,R,0006,,",
36870,0.028,45577.518,p,vis,Brelstaff T,,"R,0006,R,0006,,",
36883,0.0127,45584.344,s,vis,Brelstaff T,,"R,0006,R,0006,,",
36886,0.0233,45585.622,p,vis,Krobusek Bruce,,"B,0069,B,0069,,",
36890,0.0231,45587.649,p,vis,Krobusek Bruce,,"B,0069,B,0069,,",
36921,0.0206,45603.357,p,vis,Wils P,,,"B,0069,B,0069,,"
36921,0.0276,45603.364,p,vis,Brelstaff T,,"R,0006,R,0006,,",
36923,0.017,45604.367,p,vis,Braune Werner,,"D,0038,D,0038,,",
36923,0.021,45604.371,p,vis,Fuls,,,"D,0038,D,0038,,"
36923,0.021,45604.371,p,vis,Perovic,,,"D,0039,D,0039,,"
36988,0.0195,45637.311,p,vis,Mundry E,,"D,0038,D,0038,,",
37015,0.0271,45651.255,s,vis,Mundry E,,"D,0038,D,0038,,",
37426,0.0126,45859.532,s,vis,Wheeler P J,,"R,0007,R,0007,VSSC 61.16,",
37515,0.0131,45904.637,s,vis,Krobusek Bruce,,"B,0073,B,0073,,",
37521,0.0194,45907.431,p,vis,Cervinka T,,"C,0027,C,0027,,",
37527,0.0216,45910.727,s,vis,Williams D,,"A,0021,A,0021,AVSJ 7.29,",
37556,0.0256,45925.428,s,vis,Brelstaff T,,"R,0007,R,0007,VSSC 61.16,",
37564,0.0223,45929.479,s,vis,Schmidt,,,"D,0039,D,0039,,"
37568,0.0141,45931.498,s,vis,Brelstaff T,,"R,0007,R,0007,VSSC 61.16,",
37577,0.013,45936.058,s,vis,Kato Taichi,,"J,0047,,,,",
37586,0.0189,45940.372,p,vis,Berka M,,,"C,0027,C,0027,,"
37586,0.0229,45940.376,p,vis,Tesar J,,,"C,0027,C,0027,,"
37586,0.0239,45940.377,p,vis,Cervinka T,,"C,0027,C,0027,,",
37588,0.0263,45941.393,p,vis,Berka M,,,"C,0027,C,0027,,"
37588,0.0273,45941.394,p,vis,Cervinka T,,"C,0027,C,0027,,",
37588,0.0343,45941.401,p,vis,Vilcak P,,"C,0027,C,0027,,",
37590,0.0247,45942.405,p,vis,Brelstaff T,,"R,0007,R,0007,VSSC 61.16,",
37598,0.0314,45946.466,p,vis,Cervinka T,,"C,0027,C,0027,,",
37620,0.023,45957.607,p,vis,Cook Stephen,,"A,0021,A,0021,AVSJ 7.29,",
37638,0.0187,45966.725,p,vis,Atwood P,,"A,0021,A,0021,AVSJ 7.29,",
37653,0.0218,45974.33,p,vis,Brelstaff T,,"R,0007,R,0007,VSSC 61.16,",
37726,0.021,46011.578,s,vis,Baldwin Marvin,,"A,0021,A,0021,AVSJ 7.29,",
38119,0.0268,46210.753,s,vis,Samolyk Gerry,,"A,0021,A,0021,AVSJ 7.29,",
38121,0.0132,46211.5,p,vis,Braune Werner,,"D,0039,D,0039,,",
38123,0.0146,46212.515,p,vis,Braune Werner,,"D,0039,D,0039,,",
38148,0.0188,46225.442,s,vis,Braune Werner,,"D,0039,D,0039,,",
38151,0.0214,46226.712,p,vis,Hill R,,,"A,0021,A,0021,AVSJ 7.29,"
38153,0.0298,46227.734,p,vis,Hill R,,,"A,0021,A,0021,AVSJ 7.29,"
38155,0.0202,46228.738,p,vis,Hill R,,,"A,0021,A,0021,AVSJ 7.29,"
38157,0.0167,46229.748,p,vis,Hill R,,,"A,0021,A,0021,AVSJ 7.29,"
38162,0.0217,46232.54,s,vis,Paschke Anton,,"B,0077,B,0077,,",
38190,0.0155,46246.724,s,vis,Goodwin P,,"A,0021,A,0021,AVSJ 7.29,",
38217,0.0131,46260.405,s,vis,Paschke Anton,,"B,0077,B,0077,,",
38221,0.025,46262.191,p,vis,Kato Taichi,,"J,0047,,,,",
38223,0.0124,46263.192,p,vis,Kato Taichi,,"J,0047,,,,",
38224,0.0206,46263.707,p,vis,Samolyk Gerry,,"A,0021,A,0021,AVSJ 7.29,",
38225,0.0108,46264.457,s,vis,Paschke Anton,,"B,0078,B,0078,,",
38232,0.0143,46267.755,p,vis,Atwood P,,"A,0021,A,0021,AVSJ 7.29,",
38253,0.0206,46278.404,p,vis,Berka M,,,"C,0027,C,0027,,"
38253,0.0236,46278.66,s,vis,Cook Stephen,,"A,0021,A,0021,AVSJ 7.29,",
38257,0.0115,46280.675,s,vis,Baldwin Marvin,,"A,0021,A,0021,AVSJ 7.29,",
38272,0.0136,46288.026,p,vis,Kato Taichi,,"J,0047,,,,",
38283,0.0289,46293.616,p,vis,Samolyk Gerry,,"A,0021,A,0021,AVSJ 7.29,",
38285,0.0143,46294.615,p,vis,Cook Stephen,,"A,0021,A,0021,AVSJ 7.29,",
38290,0.0243,46297.412,s,vis,Brelstaff T,,"R,0008,R,0008,VSSC 63.21,",
38292,0.0108,46298.4121,s,pe,Diethelm Roger,,"B,0078,B,0078,,",
38332,-0.0018,46318.4181,p,vis,Zejda Miloslav,,"C,   0,C,   0,,",
38338,0.0133,46321.474,p,vis,Paschke Anton,,"B,0078,B,0078,,",
38354,0.0186,46329.588,p,vis,Cook Stephen,,"A,0021,A,0021,AVSJ 7.29,",
38387,-0.0035,46346.29,p,vis,Paschke Stefan,,"B,0078,B,0078,,",
38387,-0.0025,46346.291,p,vis,Paschke Anton,,"B,0078,B,0078,,",
38395,0.0132,46350.361,p,vis,Paschke Anton,,"B,0078,B,0078,,",
38397,0.0186,46351.38,p,vis,Brelstaff T,,"R,0008,R,0008,VSSC 63.21,",
38421,0.0196,46363.544,p,vis,Samolyk Gerry,,"A,0021,A,0021,AVSJ 7.29,",
38433,0.0101,46369.616,p,vis,Samolyk Gerry,,"A,0021,A,0021,AVSJ 7.29,",
38454,0.0214,46380.27,p,vis,Brelstaff T,,"R,0008,R,0008,VSSC 63.21,",
38880,0.024,46596.419,s,vis,Braune Werner,,"D,0046,,,,",
38882,0.0155,46597.424,s,vis,Braune Werner,,"D,0046,,,,",
38889,0.0149,46600.718,p,vis,Hill R,,,"A,0021,A,0021,AVSJ 7.29,"
38891,0.0183,46601.735,p,vis,Hill R,,,"A,0021,A,0021,AVSJ 7.29,"
38893,0.0157,46602.746,p,vis,Samolyk Gerry,,"A,0021,A,0021,AVSJ 7.29,",
38920,0.0144,46616.428,p,vis,Pleskac R,,"C,0028,C,0028,,",
38920,0.0174,46616.431,p,vis,Znojilova P,,"C,0028,C,0028,,",
38920,0.0184,46616.432,p,vis,Kokes A,,,"C,0028,C,0028,,"
38920,0.0254,46616.439,p,vis,Vystavel R,,"C,0028,C,0028,,",
38920,0.0259,46616.4395,p,vis,Berka M,,,"C,0000,C,0000,,"
38969,0.0226,46641.522,s,vis,Brelstaff T,,"R,0010,R,0010,VSSC 66.33,",
38973,0.0054,46643.532,s,vis,Isles J E,,"R,0010,R,0010,VSSC 66.33,",
38991,0.0081,46652.404,p,vis,Isles J E,,"R,0010,R,0010,VSSC 66.33,",
39005,0.012,46659.503,p,vis,Brelstaff T,,"R,0010,R,0010,VSSC 66.33,",
39005,0.016,46659.76,s,vis,Samolyk Gerry,,"A,0021,A,0021,AVSJ 7.29,",
39016,0.0149,46665.3336,s,vis,Hanzl Dalibor,,"C,   0,C,   0,,",
39022,0.0326,46668.392,s,vis,Brelstaff T,,"R,0010,R,0010,VSSC 66.33,",
39039,0.0041,46676.726,p,vis,Atwood P,,"A,0021,A,0021,AVSJ 7.29,",
39050,0.0264,46682.576,s,vis,Samolyk Gerry,,"A,0021,A,0021,AVSJ 7.29,",
39088,0.0173,46701.572,p,vis,Cook Stephen,,"A,0021,A,0021,AVSJ 7.29,",
39090,0.0107,46702.579,p,vis,Baldwin Marvin,,"A,0021,A,0021,AVSJ 7.29,",
39095,0.0103,46705.3655,s,V,Lichtschlag G,,"I,3078,I,3078,,",
39101,0.017,46708.413,s,vis,Wenzel Wolfgang,,"D,0046,,,,",
39117,0.0123,46716.264,p,vis,Meyer J,,,"D,0046,,,,"
39121,0.0162,46718.295,p,vis,Koch B,,,"D,0046,,,,"
39127,0.0154,46721.335,p,vis,Schroeder E,,"D,0046,,,,",
39127,0.0114,46721.584,s,vis,Baldwin Marvin,,"A,0021,A,0021,AVSJ 7.29,",
39133,0.0087,46724.622,s,vis,Baldwin Marvin,,"A,0021,A,0021,AVSJ 7.29,",
39158,0.0069,46737.29,s,vis,Wenzel Wolfgang,,"D,0046,,,,",
39528,0.0128,46924.556,p,vis,Altweier D,,"D,0046,,,,",
39581,0.0248,46951.681,s,vis,Samolyk Gerry,,"A,0021,A,0021,AVSJ 7.29,",
39593,0.0123,46957.497,p,vis,Isles J E,,"R,0013,R,0013,VSSC 70.18,",
39595,0.0118,46958.51,p,vis,Isles J E,,"R,0013,R,0013,VSSC 70.18,",
39599,0.0076,46960.533,p,vis,Isles J E,,"R,0013,R,0013,VSSC 70.18,",
39616,-0.0037,46969.3902,s,V,none,,,",,,,,"
39616,-0.003,46969.3909,s,B,none,,,",,,,,"
39618,0.0002,46970.4077,s,V,none,,,",,,,,"
39618,0.0013,46970.4088,s,B,none,,,",,,,,"
39618,0.0145,46970.422,s,vis,Isles J E,,"R,0013,R,0013,VSSC 70.18,",
39627,0.0084,46974.724,p,vis,Baldwin Marvin,,"A,0021,A,0021,AVSJ 7.29,",
39630,0.0094,46976.4984,s,V,Wunder Edgar,,"I,3355,I,3355,,",
39637,0.0145,46979.798,p,vis,Atwood P,,"A,0021,A,0021,AVSJ 7.29,",
39638,0.0032,46980.2935,p,B,none,,,",,,,,"
39638,0.0076,46980.2979,p,V,none,,,",,,,,"
39640,0.0084,46981.3123,p,B,none,,,",,,,,"
39640,0.0092,46981.3131,p,V,none,,,",,,,,"
39652,0.0236,46987.409,p,vis,Mavrofridis G,,"B,0084,B,0084,,",
39654,0.01,46988.409,p,pe,Diethelm Roger,,"B,0084,B,0084,,",
39666,0.0115,46994.492,p,vis,Znojilova P,,"C,0030,C,0030,,",
39666,0.0145,46994.495,p,vis,Brazda R,,"C,0030,C,0030,,",
39666,0.0145,46994.495,p,vis,Hajek P,,,"C,0030,C,0030,,"
39666,0.0235,46994.504,p,vis,Lenz M,,,"C,0030,C,0030,,"
39670,0.0074,46996.768,s,vis,Baldwin Marvin,,"A,0021,A,0021,AVSJ 7.29,",
39687,0.0088,47005.3849,s,V,none,,,",,,,,"
39687,0.0113,47005.3874,s,B,none,,,",,,,,"
39689,0.0203,47006.41,s,vis,Vystavel R,,"C,0030,C,0030,,",
39721,0.012,47022.619,s,vis,Baldwin Marvin,,"A,0021,A,0021,AVSJ 7.29,",
39725,0.0096,47024.3908,p,V,Altweier D,,"D,0050,D,0050,,",
39731,-0.002,47027.42,p,vis,Paschke Anton,,"B,0086,B,0086,,",
39733,0.0107,47028.4462,p,V,Altweier D,,"D,0050,D,0050,,",
39752,0.0204,47038.338,s,vis,Zejda Miloslav,,"C,0030,C,0030,,",
39754,0.0158,47039.347,s,vis,Moschner Wolfg,,"D,0050,D,0050,,",
39760,0.0101,47042.382,s,vis,Blendin W,,"D,0050,D,0050,,",
39784,0.0131,47054.295,p,vis,Mavrofridis G,,"B,0086,B,0086,,",
39792,0.0059,47058.3422,p,V,Hegedues Tibor,,"I,3125,I,3125,,",
39794,0.0099,47059.3597,p,B,Altweier D,,"D,0050,D,0050,,",
39794,0.0127,47059.3625,p,V,Altweier D,,"D,0050,D,0050,,",
39796,0.0075,47060.3709,p,V,Hegedues Tibor,,"I,3125,I,3125,,",
39798,0.0076,47061.3846,p,V,Svoboda,,,"I,3423,I,3423,,"
39798,0.0083,47061.3853,p,B,Svoboda,,,"I,3423,I,3423,,"
39800,0.0144,47062.658,s,vis,Samolyk Gerry,,"A,0021,A,0021,AVSJ 7.29,",
39802,0.0028,47063.66,s,vis,Baldwin Marvin,,"A,0021,A,0021,AVSJ 7.29,",
39822,0.019,47073.559,p,vis,Samolyk Gerry,,"A,0021,A,0021,AVSJ 7.29,",
39848,0.0044,47086.721,p,vis,Atwood P,,"A,0021,A,0021,AVSJ 7.29,",
40197,0.0053,47263.5923,p,V,Wunder Edgar,,"I,3355,I,3355,,",
40321,0.0053,47326.4345,p,V,Wunder Edgar,,"I,3355,I,3355,,",
40321,0.0056,47326.4348,p,pe,Wieck M,,,"I,3355,D,Lich,,"
40329,0.0024,47330.486,p,vis,Birkner C,,"D,0052,D,0052,,",
40359,0.0167,47345.704,p,vis,Lubbers T,,"A,0021,A,0021,AVSJ 7.29,",
40386,0.0133,47359.384,p,vis,Mavrofridis G,,"B,0089,B,0089,,",
40392,0.0065,47362.418,p,vis,Moschner Wolfg,,"D,0052,D,0052,,",
40392,0.0185,47362.43,p,vis,Girrbach D,,"D,0052,D,0052,,",
40427,0.0027,47380.4049,s,B,Altweier D,,"D,0052,D,0052,,",
40427,0.0027,47380.4049,s,V,Altweier D,,"D,0052,D,0052,,",
40427,0.0027,47380.4049,s,V,Agerer Franz,,"D,0052,D,0052,,",
40428,0.001,47380.657,p,vis,Baldwin Marvin,,"A,0021,A,0021,AVSJ 7.29,",
40429,0.0023,47381.4181,s,B,Agerer Franz,,"D,0052,D,0052,,",
40432,0.0099,47382.693,p,vis,Lubbers T,,"A,0021,A,0021,AVSJ 7.29,",
40461,0.0149,47397.395,p,vis,Kriebel W,,"D,0052,D,0052,,",
40469,0.0126,47401.447,p,vis,Samolyk Gerry,,"A,0021,A,0021,AVSJ 7.29,",
40488,0.0165,47411.333,s,vis,Samolyk Gerry,,"A,0021,A,0021,AVSJ 7.29,",
40490,-0.0031,47412.327,s,vis,Paschke Anton,,"B,0089,B,0089,,",
40491,0.0081,47412.592,p,vis,Lux B,,,"A,0021,A,0021,AVSJ 7.29,"
40492,0.0063,47413.35,s,vis,Moschner Wolfg,,"D,0052,D,0052,,",
40493,0.0105,47413.608,p,vis,Lux B,,,"A,0021,A,0021,AVSJ 7.29,"
40493,0.0135,47413.611,p,vis,Lubbers T,,"A,0021,A,0021,AVSJ 7.29,",
40495,0.007,47414.618,p,vis,Smith M,,,"A,0021,A,0021,AVSJ 7.29,"
40530,0.0092,47432.358,p,vis,Kriebel W,,"D,0052,D,0052,,",
40547,0.0088,47441.226,s,vis,Srinivasan S,,"R,0014,R,0014,,",
40563,-0.0009,47449.325,s,vis,Paschke Anton,,"B,0090,B,0090,,",
40565,-0.0065,47450.333,s,vis,Paschke Anton,,"B,0090,B,0090,,",
40593,0.0003,47464.277,p,vis,Moschner Wolfg,,"D,0052,D,0052,,",
40593,0.0061,47464.2828,p,V,Altweier D,,"D,0052,D,0052,,",
40593,0.0103,47464.287,p,B,Altweier D,,"D,0052,D,0052,,",
40593,0.0223,47464.299,p,vis,Samolyk Gerry,,"A,0021,A,0021,AVSJ 7.29,",
40597,0.0162,47466.32,p,vis,Samolyk Gerry,,"A,0021,A,0021,AVSJ 7.29,",
41022,0.0116,47681.702,p,vis,Samolyk Gerry,,"A,0021,A,0021,AVSJ 7.29,",
41036,0.0155,47688.801,p,vis,Samolyk Gerry,,"A,0021,A,0021,AVSJ 7.29,",
41063,0.0031,47702.472,p,vis,Brelstaff T,,"R,0015,R,0015,VSSC 73,",
41117,0.0073,47730.096,s,vis,Watanabe Tutomu,,"J,0047,,,,",
41126,0.0111,47734.4079,p,vis,Znojilova P,,"C,0030,C,0030,,",
41126,0.0232,47734.42,p,vis,Lakostik A,,"C,0030,C,0030,,",
41134,0.0032,47738.4543,p,vis,Dedoch A,,"C,0030,C,0030,,",
41146,0.0214,47744.807,s,vis,Samolyk Gerry,,"A,0021,A,0021,AVSJ 7.29,",
41163,0.0119,47753.413,s,vis,Seifert K,,"D,0056,D,0056,,",
41171,0.0106,47757.466,s,vis,Brelstaff T,,"R,0015,R,0015,VSSC 73,",
41197,0.0028,47770.3818,p,vis,Nejeschleba T,,"C,0030,C,0030,,",
41199,0.0044,47771.397,p,vis,Vrastak M,,"C,0030,C,0030,,",
41207,0.0121,47775.459,p,vis,Brelstaff T,,"R,0015,R,0015,VSSC 73,",
41209,0.0115,47776.472,p,vis,Brelstaff T,,"R,0015,R,0015,VSSC 73,",
41245,0.018,47794.723,p,vis,Samolyk Gerry,,"A,0021,A,0021,AVSJ 7.29,",
41262,0,47803.3205,p,B,Altweier D,,"D,0056,D,0056,,",
41262,0.0025,47803.323,p,vis,Seifert K,,"D,0056,D,0056,,",
41262,0.0105,47803.584,s,vis,Samolyk Gerry,,"A,0021,A,0021,AVSJ 7.29,",
41266,-0.0001,47805.3476,p,V,Lichtschlag G,,"I,3760,I,3760,,",
41302,-0.0012,47823.591,p,vis,Samolyk Gerry,,"A,0021,A,0021,AVSJ 7.29,",
41361,0.0181,47853.511,p,vis,Stephan Chris,,"A,0021,A,0021,AVSJ 7.29,",
41866,0.0035,48109.4264,p,V,Hanzl Dalibor,,"I,3615,I,4097,,",
41872,-0.0166,48112.447,p,vis,Walas O,,,"B,0096,B,0096,,"
41883,0.0287,48118.067,p,vis,Watanabe Tutomu,,"J,0047,,,,",
41885,0.0101,48119.062,p,vis,Watanabe Tutomu,,"J,0047,,,,",
41889,0.0099,48121.342,s,vis,Walas O,,,"B,0096,B,0096,,"
41891,0.0003,48122.346,s,vis,Walas O,,,"B,0096,B,0096,,"
41893,0.0017,48123.361,s,vis,Walas O,,,"B,0096,B,0096,,"
41901,-0.0066,48127.407,s,vis,Walas O,,,"B,0096,B,0096,,"
41906,-0.0006,48129.694,p,vis,Samolyk Gerry,,"A,0021,A,0021,AVSJ 7.29,",
41922,0.0088,48137.812,p,vis,Samolyk Gerry,,"A,0021,A,0021,AVSJ 7.29,",
41963,0.0133,48158.595,p,vis,Samolyk Gerry,,"A,0021,A,0021,AVSJ 7.29,",
41998,0.0096,48176.582,s,vis,Samolyk Gerry,,"A,0021,A,0021,AVSJ 7.29,",
42065,0.0115,48210.539,s,vis,Samolyk Gerry,,"A,0021,A,0021,AVSJ 7.29,",
42067,-0.0071,48211.534,s,vis,Baldwin Marvin,,"A,0021,A,0021,AVSJ 7.29,",
42527,0.0022,48444.4146,p,vis,Fedorisin J,,"C,   0,C,   0,,",
42527,0.005,48444.4174,p,vis,Parada M,,"C,0031,C,0031,,",
42529,-0.0128,48445.4132,p,vis,Fedorisin J,,"C,0031,C,0031,,",
42529,-0.0107,48445.4153,p,vis,Parada M,,"C,0031,C,0031,,",
42529,-0.009,48445.417,p,vis,Maturkanic M,,"C,0031,C,0031,,",
42529,0.001,48445.427,p,vis,Vrastak M,,"C,0031,C,0031,,",
42531,0.0014,48446.441,p,vis,Vrastak M,,"C,0031,C,0031,,",
42533,-0.0101,48447.443,p,vis,Vrastak M,,"C,0031,C,0031,,",
42537,0.0007,48449.481,p,vis,Seifert K,,"D,0060,D,0060,,",
42543,0.0059,48452.78,s,vis,Samolyk Gerry,,"A,0021,A,0021,AVSJ 7.29,",
42572,-0.005,48467.466,s,vis,Dahm Michael,,"D,0060,D,0060,,",
42588,-0.005,48475.3217,p,B,Guerol B,,"I,4103,I,4103,,",
42592,-0.0062,48477.3477,p,B,Guerol B,,"I,4103,I,4103,,",
42592,-0.006,48477.3479,p,B,Guerol B,,",,D,Lich,IBVS 4103,",
42598,0.0034,48480.398,p,vis,Sojka J,,,"C,0031,C,0031,,"
42598,0.0094,48480.657,s,vis,Samolyk Gerry,,"A,0021,A,0021,AVSJ 7.29,",
42600,0.0138,48481.422,p,vis,Koss Karel,,"C,0031,C,0031,,",
42600,0.0148,48481.423,p,vis,Marek T,,,"C,0031,C,0031,,"
42604,0.0016,48483.437,p,vis,Girrbach D,,"D,0060,D,0060,,",
42637,-0.0044,48500.4081,s,V,Garzarolli M,,"I,3760,I,3760,,",
42661,0.0075,48512.33,p,vis,Seifert K,,"D,0060,D,0060,,",
42696,-0.0044,48530.3088,s,B,Guerol B,,"I,4103,I,4103,,",
42696,-0.0033,48530.3099,s,V,Guerol B,,"I,4103,I,4103,,",
42698,-0.0044,48531.3224,s,B,Guerol B,,"I,4103,I,4103,,",
42700,-0.0045,48532.3359,s,B,Guerol B,,"I,4103,I,4103,,",
42763,-0.0033,48564.265,s,ccd,Paschke Anton,,"B,0099,B,0099,normal,",
42772,-0.0054,48568.571,p,vis,Samolyk Gerry,,"A,0021,A,0021,AVSJ 7.29,",
43177,-0.0032,48773.824,p,vis,Samolyk Gerry,,"A,0021,A,0021,AVSJ 7.29,",
43231,-0.0064,48801.4406,s,B,Blaettler Ernst,,"B,0101,B,0101,,",
43232,0.0083,48801.709,p,vis,Samolyk Gerry,,"A,0021,A,0021,AVSJ 7.29,",
43299,0.0012,48835.657,p,vis,Samolyk Gerry,,"A,0021,A,0021,AVSJ 7.29,",
43304,-0.0071,48838.4357,s,U,Guerol B,,"I,4103,I,4103,,",
43304,-0.0068,48838.436,s,B,Guerol B,,"I,4103,I,4103,,",
43304,-0.006,48838.4368,s,V,Guerol B,,"I,4103,I,4103,,",
43308,-0.0059,48840.464,s,vis,Dahm Michael,,"D,0062,D,0062,,",
43330,0.0036,48851.623,s,vis,Samolyk Gerry,,"A,0021,A,0021,AVSJ 7.29,",
43334,-0.0073,48853.3862,p,U,Guerol B,,"I,4103,I,4103,,",
43334,-0.0072,48853.3863,p,B,Guerol B,,"I,4103,I,4103,,",
43334,-0.007,48853.3865,p,V,Guerol B,,"I,4103,I,4103,,",
43334,-0.0025,48853.391,p,vis,Girrbach D,,"D,0062,D,0062,,",
43336,-0.0084,48854.3987,p,U,Guerol B,,"I,4103,I,4103,,",
43336,-0.0077,48854.3994,p,B,Guerol B,,"I,4103,I,4103,,",
43336,-0.0075,48854.3996,p,V,Guerol B,,"I,4103,I,4103,,",
43348,-0.0026,48860.486,p,vis,Moroz A,,,"C,0031,C,0031,,"
43348,-0.0016,48860.487,p,vis,Stolarik J,,"C,0031,C,0031,,",
43348,-0.0016,48860.487,p,vis,Vilagi J,,"C,0031,C,0031,,",
43348,-0.0003,48860.4883,p,vis,Klima K,,,"C,0031,C,0031,,"
43348,0.0081,48860.4967,p,vis,Kundrat M.,,"C,0031,C,0031,,",
43366,0.0051,48869.616,p,vis,Samolyk Gerry,,"A,0023,A,0023,JRAC 73.321,",
43380,-0.01,48876.696,p,vis,Hill R,,,"A,0023,A,0023,JRAC 73.321,"
43403,-0.0055,48888.3567,p,vis,Vrastak M.,,"C,0031,C,0031,,",
43403,-0.0048,48888.3574,p,vis,Sirucek I,,"C,0031,C,0031,,",
43403,0.0048,48888.62,s,vis,Samolyk Gerry,,"A,0023,A,0023,JRAC 73.321,",
43798,0.006,49088.551,p,vis,Ofek,,,"A,0024,,,AVSJ 24.12,"
43800,0.0154,49089.574,p,vis,Ofek,,,"A,0024,,,,"
43802,0.0088,49090.581,p,vis,Ofek,,,"A,0024,,,,"
43804,0.0062,49091.592,p,vis,Ofek,,,"A,0024,,,,"
43806,-0.0124,49092.587,p,vis,Ofek,,,"A,0024,,,,"
43808,-0.0059,49093.607,p,vis,Ofek,,,"A,0024,,,,"
43833,-0.0067,49106.529,s,vis,Ofek,,,"A,0024,,,,"
43837,0.0041,49108.567,s,vis,Ofek,,,"A,0024,,,,"
43904,-0.011,49142.507,s,vis,Ofek,,,"A,0024,,,,"
43906,-0.0186,49143.513,s,vis,Ofek,,,"A,0024,,,,"
43908,-0.0121,49144.533,s,vis,Ofek,,,"A,0024,,,,"
43912,-0.0183,49146.554,s,vis,Ofek,,,"A,0024,,,,"
43920,-0.0126,49150.361,p,vis,Ofek,,,"A,0024,,,,"
43947,-0.018,49164.292,s,vis,Ofek,,,"A,0024,,,,"
43977,-0.0079,49179.5059,s,V,Guerol B,,"I,4103,I,4103,,",
43977,-0.007,49179.5068,s,U,Guerol B,,"I,4103,I,4103,,",
43987,-0.0137,49184.315,p,vis,Ofek,,,"A,0024,,,,"
43989,-0.0353,49185.307,p,vis,Ofek,,,"A,0024,,,,"
43991,-0.0219,49186.334,p,vis,Ofek,,,"A,0024,,,,"
43991,-0.0092,49186.3467,p,U,Guerol B,,"I,4103,I,4103,,",
43991,-0.0088,49186.3471,p,V,Guerol B,,"I,4103,I,4103,,",
43991,-0.0086,49186.3473,p,I,Guerol B,,"I,4103,I,4103,,",
43991,-0.0084,49186.3475,p,B,Guerol B,,"I,4103,I,4103,,",
43995,-0.009,49188.374,p,vis,Ofek,,,"A,0024,,,,"
43995,0.004,49188.64,s,vis,Samolyk Gerry,,"A,0023,A,0023,JRAC 73.321,",
44003,-0.0094,49192.428,p,vis,Ofek,,,"A,0024,,,,"
44005,-0.0093,49193.4417,p,V,Guerol B,,"I,4103,I,4103,,",
44005,-0.0091,49193.4419,p,U,Guerol B,,"I,4103,I,4103,,",
44005,-0.0087,49193.4423,p,B,Guerol B,,"I,4103,I,4103,,",
44005,-0.0081,49193.4429,p,V,Guerol B,,"I,4103,I,4103,,",
44009,-0.0071,49195.471,p,vis,Baule R,,,"D,0068,D,0068,,"
44037,0.0017,49209.67,p,vis,Cook Stephen,,"A,0023,A,0023,JRAC 73.321,",
44039,-0.0009,49210.681,p,vis,Cook Stephen,,"A,0023,A,0023,JRAC 73.321,",
44066,-0.0023,49224.616,s,vis,Samolyk Gerry,,"A,0023,A,0023,JRAC 73.321,",
44070,0.0026,49226.395,p,vis,Girrbach D,,"D,0068,D,0068,,",
44074,-0.0086,49228.411,p,vis,Dahm Michael,,"D,0068,D,0068,,",
44093,-0.0092,49238.2925,s,V,Guerol B,,"I,4103,I,4103,,",
44093,-0.0087,49238.293,s,B,Guerol B,,"I,4103,I,4103,,",
44100,-0.0062,49241.59,p,vis,Williams D,,"A,0023,A,0023,JRAC 73.321,",
44100,0.0018,49241.598,p,vis,Samolyk Gerry,,"A,0023,A,0023,JRAC 73.321,",
44127,-0.0156,49255.264,p,vis,Ofek,,,"A,0024,,,,"
44129,-0.0192,49256.274,p,vis,Ofek,,,"A,0024,,,,"
44131,-0.0098,49257.297,p,vis,Ofek,,,"A,0024,,,,"
44150,-0.0118,49267.177,s,vis,Ofek,,,"A,0024,,,,"
44152,-0.0164,49268.186,s,vis,Ofek,,,"A,0024,,,,"
44156,-0.0066,49269.97,p,vis,Sekino Yuji,,"J,0047,,,,",
44156,-0.0166,49270.213,s,vis,Ofek,,,"A,0024,,,,"
44158,-0.0191,49271.224,s,vis,Ofek,,,"A,0024,,,,"
44160,-0.0227,49272.234,s,vis,Ofek,,,"A,0024,,,,"
44173,-0.008,49278.584,p,vis,Samolyk Gerry,,"A,0023,A,0023,JRAC 73.321,",
44572,-0.003,49480.799,p,vis,Samolyk Gerry,,"A,0023,A,0023,JRAC 73.321,",
44697,-0.012,49544.392,s,vis,Diethelm Roger,,"B,0107,B,0107,,",
44709,-0.0105,49550.475,s,vis,Barani Carlo,,"B,0108,B,0108,,",
44709,-0.0055,49550.48,s,vis,Acerbi Francesco,"B,0107,B,0107,,",,
44741,0.003,49566.4529,p,vis,Marek T,,,"C,0031,C,0031,,"
44754,-0.0092,49573.029,p,vis,Sekino Yuji,,"J,0047,,,,",
44754,-0.0092,49573.029,p,vis,Sekino Yuji,,"J,0023,,,,28SC",
44808,0.0018,49600.4067,p,vis,Polloczek R,,"C,0032,,,,SB",
44877,-0.0046,49635.622,s,vis,Samolyk Gerry,,"A,0023,A,0023,JRAC 73.321,",
45398,0.0038,49899.669,s,vis,Samolyk Gerry,,"A,0023,A,0023,JRAC 73.321,",
45400,-0.0093,49900.4165,p,vis,Tichy T,,,"C,0032,,,,SB"
45400,-0.0066,49900.4192,p,vis,Hala M,,,"C,0032,,,,SB"
45400,0.0082,49900.434,p,vis,Cechal J,,"C,0032,,,,SB",
45412,0.0007,49906.761,s,vis,Samolyk Gerry,,"A,0023,A,0023,JRAC 73.321,",
45434,-0.0077,49917.649,p,ccd,Cook Stephen,,"A,0023,A,0023,JRAC 73.321,",
45443,0.0021,49922.473,s,vis,Vohla F,,,"D,0093,D,0093,,"
45447,-0.0124,49924.4856,s,ccd,Birkner C,,"D,0090,I,4382,,",
45450,-0.0024,49925.763,p,vis,Hill R,,,"A,0023,A,0023,JRAC 73.321,"
45503,-0.0064,49952.619,p,vis,Samolyk Gerry,,"A,0023,A,0023,JRAC 73.321,",
45509,-0.0161,49955.65,p,vis,Hays R,,,"A,0023,A,0023,JRAC 73.321,"
45511,-0.0067,49956.673,p,vis,Williams D,,"A,0023,A,0023,JRAC 73.321,",
45555,-0.0086,49978.97,p,vis,Sekino Yuji,,"J,0047,,,,",
45555,-0.0086,49978.97,p,vis,Sekino Yuji,,"J,0023,,,,20SC",
45574,-0.0046,49988.603,p,vis,Samolyk Gerry,,"A,0023,A,0023,JRAC 73.321,",
45576,-0.0142,49989.607,p,vis,Hays R,,,"A,0023,A,0023,JRAC 73.321,"
45603,-0.0016,50003.556,s,vis,Samolyk Gerry,,"A,0023,A,0023,JRAC 73.321,",
45609,0.0007,50006.599,s,vis,Samolyk Gerry,,"A,0023,A,0023,JRAC 73.321,",
45682,-0.0141,50043.58,s,vis,Samolyk Gerry,,"A,0023,A,0023,JRAC 73.321,",
46158,-0.0091,50284.818,s,vis,Samolyk,,,"A,A005,,,,"
46168,-0.0051,50289.637,p,vis,Stephan,,,"A,A005,,,,"
46217,-0.0189,50314.456,p,vis,Vetrovcova M,,"C,0032,,,,RF70",
46219,-0.0047,50315.4837,p,vis,Polloczek R,,"C,0032,,,,SB",
46221,-0.0114,50316.4906,p,vis,Polloczek R,,"C,0032,,,,SB",
46221,0.0025,50316.5045,p,vis,Zejda Miloslav,,"C,0032,,,,SB",
46245,-0.014,50328.651,p,vis,Hays,,,"A,A005,,,,"
46274,-0.009,50343.353,p,vis,Girrbach D,,"D,0101,D,Lich,,",
46276,-0.0096,50344.619,s,vis,Samolyk,,,"A,A005,,,,"
46313,-0.0089,50363.371,s,ccd,Maintz Gisela,,"D,0128,I,4912,,LC14",
46377,-0.0076,50395.554,p,vis,Stephan,,,"A,A005,,,,"
46799,-0.0096,50609.4182,p,vis,Polloczek R,,"C,0032,,,,SB",
46801,-0.0168,50610.4246,p,vis,Polloczek R,,"C,0032,,,,SB",
46809,0.0023,50614.751,s,vis,Samolyk,,,"A,A005,,,,"
46908,-0.0121,50664.656,p,ccd,Cook,,,"A,A005,,,,"
46910,-0.0117,50665.67,p,vis,Hays,,,"A,A005,,,,"
46918,-0.0091,50669.727,p,vis,Samolyk,,,"A,A005,,,,"
46937,-0.0091,50679.609,s,vis,Chaple,,,"A,A005,,,,"
46945,-0.0104,50683.662,s,vis,Samolyk,,,"A,A005,,,,"
46973,-0.0106,50697.599,p,vis,Chaple,,,"A,A005,,,,"
46973,-0.0046,50697.605,p,vis,Stephan,,,"A,A005,,,,"
46975,-0.0142,50698.609,p,vis,Hays,,,"A,A005,,,,"
47004,-0.0142,50713.559,s,vis,Chaple,,,"A,A005,,,,"
47006,-0.0128,50714.321,p,vis,Wischnewski M,,"D,0113,D,0113,,",
47006,-0.0098,50714.324,p,ccd,Maintz Gisela,,"D,0128,I,4912,,LC14",
47008,-0.0053,50715.342,p,vis,Girrbach D,,"D,0113,D,0113,,",
47010,-0.0029,50716.358,p,vis,Wischnewski M,,"D,0113,D,0113,,",
47010,-0.0049,50716.609,s,vis,Samolyk,,,"A,A005,,,,"
47014,-0.0315,50718.3566,p,vis,Nevaril F,,"C,0032,,,,RL200",
47014,-0.028,50718.3601,p,vis,Rottenborn M,,"C,0032,,,,SM",
47014,-0.0131,50718.375,p,ccd,Maintz Gisela,,"D,0128,I,4912,,LC14",
47014,-0.0111,50718.377,p,vis,Meyer R,,,"D,0113,D,0113,,"
47016,-0.0095,50719.3922,p,Ir,Quester Wolfgang,"D,0111,I,4606,,ST-7",,
47044,-0.0088,50733.583,p,vis,Williams,,"A,A005,,,,",
47050,-0.0126,50736.62,p,vis,Hays,,,"A,A005,,,,"
47113,-0.0015,50768.559,p,vis,Stephan,,,"A,A005,,,,"
47472,-0.0228,50950.476,p,vis,Meyer R,,,"D,0113,D,0113,,"
47472,-0.0128,50950.486,p,V,Borkovits Tamas,,"I,4633,I,4633,,Baja 50 cm",
47484,-0.0145,50956.5658,p,V,Biro Imre Barna,,"I,4633,I,4633,,Baja 50 cm",
47505,-0.0101,50967.4659,s,V,Borkovits Tamas,,"I,4633,I,4633,,Baja 50 cm",
47514,-0.0201,50971.764,p,vis,Hays,,,"A,A005,,,,"
47541,-0.0225,50985.445,p,vis,Girrbach D,,"D,0112,D,0112,,",
47579,-0.0036,51004.722,p,vis,Berg Ray,,"A,A005,,,,",
47581,-0.01,51005.7292,p,ccd,Dvorak S W,,"A,0025,A,A006,,",
47581,-0.0082,51005.731,p,vis,Berg Ray,,"A,A005,,,,",
47583,-0.0057,51006.747,p,vis,Samolyk,,,"A,A005,,,,"
47595,0.0008,51012.835,p,vis,Samolyk,,,"A,A005,,,,"
47608,-0.0244,51019.3981,p,vis,Nevaril F,,"C,0032,,,,RL200",
47612,-0.0107,51021.439,p,vis,Hajek Petr,,"C,0032,,,,RL170",
47640,-0.0189,51035.621,p,vis,Hays,,,"A,A005,,,,"
47649,-0.01,51040.444,s,ccd,Quester Wolfgang,"D,0117,I,4711,,",,
47652,-0.0004,51041.721,p,vis,Samolyk,,,"A,A005,,,,"
47705,-0.0094,51068.572,p,vis,Chaple,,,"A,A005,,,,"
47717,-0.0059,51074.657,p,vis,Berg Ray,,"A,A005,,,,",
47721,-0.003,51076.687,p,vis,Samolyk,,,"A,A005,,,,"
47744,-0.0062,51088.593,s,vis,Samolyk,,,"A,A005,,,,"
47762,-0.0095,51097.712,s,vis,Samolyk,,,"A,A005,,,,"
47776,-0.0106,51104.553,p,vis,Stephan,,,"A,A005,,,,"
47780,-0.0048,51106.586,p,vis,Berg Ray,,"A,A005,,,,",
47786,-0.0175,51109.614,p,vis,Samolyk,,,"A,A005,,,,"
47786,-0.0115,51109.62,p,vis,Berg Ray,,"A,A005,,,,",
47788,-0.0121,51110.633,p,vis,Berg Ray,,"A,A005,,,,",
47849,-0.0094,51141.55,p,vis,Samolyk,,,"A,A005,,,,"
48118,-0.0115,51277.875,p,ccd,Paschke Anton,,"0,home,,,,Rotse",
48285,-0.0177,51362.503,p,vis,Meyer R,,,"D,0131,D,0131,,"
48313,-0.0069,51376.704,p,vis,Stephan Chris,,"A,0025,A,A006,,",
48316,-0.0333,51378.451,s,vis,Scharnhorst Dann,"D,0131,D,0131,,",,
48316,-0.0053,51378.479,s,vis,Quester Wolfgang,"D,0131,D,0131,,",,
48320,-0.011,51380.5004,s,ccd,Biro Imre Barna,,"I,4967,I,4967,,AP7",
48329,-0.0096,51384.81,p,vis,Hays R,,,"A,0025,A,A006,,"
48338,-0.0097,51389.371,p,vis,Braune Werner,,"D,0131,D,0131,,",
48342,-0.0379,51391.37,p,vis,Braune Werner,,"D,0131,D,0131,,",
48346,-0.0112,51393.4238,p,-Ir,Kleikamp Wilhelm,"D,0132,I,5016,,1",,
48346,-0.0106,51393.4244,p,ccd,Diethelm Roger,,"B,0121,B,0121,,",
48357,-0.0107,51398.999,p,V,Nagai Kazuo,,"J,0047,,,,",
48357,-0.0107,51398.999,p,V,Nagai Kazuhiro,,"J,0037,,,,10L+ST-5",
48361,-0.0099,51401.027,p,vis,Sato Minoru,,"J,0047,,,,",
48361,-0.0099,51401.027,p,vis,Sato M,,,"J,0037,,,,40L"
48363,-0.0105,51402.04,p,V,Nagai Kazuo,,"J,0047,,,,",
48363,-0.0103,51402.0402,p,V,Nagai Kazuhiro,,"J,0037,,,,10L+ST-5",
48372,-0.0109,51406.6007,p,ccd,Howell A,,"A,0025,A,A006,,",
48375,-0.011,51408.121,p,vis,Maehara Hiroyuki,"J,0047,,,,",,
48375,-0.011,51408.121,p,vis,Maehara Hiroyuki,"J,0037,,,,20L",,
48376,-0.0098,51408.629,p,vis,Williams D,,"A,0025,A,A006,,",
48377,-0.0086,51409.137,p,vis,Kanai Kiyotaka,,"J,0047,,,,",
48377,-0.0086,51409.137,p,vis,Kanai Kiyotaka,,"W,0004,J,0037,,12B",
48379,-0.0142,51410.398,s,vis,Scharnhorst Dann,"D,0131,D,0131,,",,
48382,-0.0075,51411.672,p,vis,Williams D,,"A,0025,A,A006,,",
48382,-0.0065,51411.673,p,vis,Samolyk Gerry,,"A,0025,A,A006,,",
48398,-0.0113,51419.7769,p,ccd,Dvorak S W,,"A,0025,A,A006,,",
48402,-0.0124,51422.056,s,vis,Makiguchi Nobuhi,"J,0047,,,,",,
48402,-0.0124,51422.056,s,vis,Makiguchi Nobuhi,"W,0001,J,0037,,13L",,
48402,-0.0104,51422.058,s,vis,Maehara Hiroyuki,"J,0047,,,,",,
48402,-0.0104,51422.058,s,vis,Maehara Hiroyuki,"W,0008,J,0037,,20L",,
48405,-0.0198,51423.316,p,vis,Scharnhorst Dann,"D,0131,D,0131,,",,
48410,-0.0087,51426.114,s,vis,Kanai Kiyotaka,,"J,0047,,,,",
48410,-0.0087,51426.114,s,vis,Kanai Kiyotaka,,"W,0015,J,0037,,12B",
48411,-0.0115,51426.365,p,vis,Scharnhorst Dann,"D,0131,D,0131,,",,
48412,-0.0107,51427.1256,s,Ic,Kiyota Seichiiro,"W,0042,J,0037,,25SC+AP-7",,
48412,-0.0103,51427.126,s,I,Kiyota Seiichiro,"J,0047,,,,",,
48419,-0.0268,51430.404,p,vis,Girrbach D,,"D,0131,D,0131,,",
48439,-0.0117,51440.555,p,vis,Chaple G,,"A,0025,A,A006,,",
48440,-0.0285,51441.045,p,vis,Momose Masahiko,,"J,0047,,,,",
48445,-0.0114,51443.596,p,vis,Hays R,,,"A,0025,A,A006,,"
48457,-0.0109,51449.931,s,I,Kiyota Seiichiro,"J,0047,,,,",,
48457,-0.0105,51449.9314,s,ccd,Kiyota Seichiiro,"W,0042,J,0037,,",,
48465,-0.0133,51453.983,s,vis,Sakuma Seiichi,,"J,0047,,,,",
48465,-0.0125,51453.9838,s,vis,Sakuma S,,"W,0041,J,0037,,",
48465,-0.0053,51453.991,s,vis,Ito Hiroshi,,"J,0047,,,,",
48465,-0.0053,51453.991,s,vis,Itoh Hiroshi,,"W,0035,J,0035,,30SC",
48471,-0.012,51456.772,p,ccd,Nelson Robert,,"I,4840,I,4840,,",
48480,-0.0252,51461.573,s,vis,Samolyk Gerry,,"A,0025,A,A006,,",
48480,-0.0202,51461.578,s,vis,Weier D,,,"A,0025,A,A006,,"
48480,-0.0132,51461.585,s,vis,Weier M,,,"A,0025,A,A006,,"
48486,-0.0264,51464.3595,p,vis,Polloczek R,,"C,0032,,,,SB",
48486,-0.0166,51464.3693,p,ccd,Salvaggio F,,"A,0025,A,A006,,",
48499,-0.0142,51470.96,p,vis,Sato Minoru,,"J,0047,,,,",
48499,-0.0142,51470.96,p,vis,Sato M,,,"W,0054,J,0037,,"
48509,-0.0141,51476.028,p,vis,Ito Hiroshi,,"J,0047,,,,",
48509,-0.0141,51476.028,p,vis,Itoh Hiroshi,,"W,0058,J,0037,,",
48510,-0.0089,51476.54,p,vis,Stephan Chris,,"A,0025,A,A006,,",
48514,-0.0161,51478.56,p,vis,Hays R,,,"A,0025,A,A006,,"
48515,-0.0199,51479.316,s,vis,Foglia S,,"A,0025,A,A006,,",
48519,-0.0198,51481.3432,s,ccd,Salvaggio F,,"A,0025,A,A006,,",
48520,-0.0078,51481.609,p,vis,Stephan Chris,,"A,0025,A,A006,,",
48532,-0.0063,51487.945,s,vis,Kanai Kiyotaka,,"J,0047,,,,",
48532,-0.0063,51487.945,s,vis,Kanai Kiyotaka,,"W,0084,J,0037,,",
48534,-0.0149,51488.95,s,vis,Takane Fumiki,,"J,0047,,,,",
48534,-0.0129,51488.952,s,vis,Tuchiyama Yukiko,"J,0047,,,,",,
48534,-0.0129,51488.952,s,vis,Naito Ryosuke,,"J,0047,,,,",
48534,-0.0129,51488.952,s,vis,Muaramatu Miyuki,"J,0047,,,,",,
48534,-0.0109,51488.954,s,vis,Sekino Yuji,,"J,0047,,,,",
48534,-0.0109,51488.954,s,vis,Oishi Masaru,,"J,0047,,,,",
48534,-0.0099,51488.955,s,vis,Takeuchi Taiko,,"J,0047,,,,",
48534,-0.0099,51488.955,s,vis,Sugai Akira,,"J,0047,,,,",
48534,-0.0089,51488.956,s,vis,Funada Masao,,"J,0047,,,,",
48534,-0.0089,51488.956,s,vis,Nagai Kazuo,,"J,0047,,,,",
48534,-0.0079,51488.957,s,vis,Makiguchi Nobuhi,"J,0047,,,,",,
48534,-0.0079,51488.957,s,vis,Kusakabe Keiko,,"J,0047,,,,",
48534,-0.0079,51488.957,s,vis,Makiguchi Nobuhi,"J,0037,,,,20SC",,
48534,-0.0069,51488.958,s,vis,Ikeuchi Takeshi,,"J,0047,,,,",
48547,-0.0172,51495.283,p,vis,Foglia S,,"A,0025,A,A006,,",
48583,-0.0147,51513.53,p,vis,Hays,,,"A,A006,,,,"
48583,-0.0147,51513.53,p,vis,Hays R,,,"A,0025,A,A006,,"
48910,-0.0094,51679.5093,s,ccd,Borkovits Tamas,,"I,4967,I,4967,,AP7",
48948,-0.0078,51698.769,s,vis,Samolyk Gerry,,"A,0025,A,A006,,",
48973,-0.0196,51711.427,s,vis,Foglia,,,"A,A007,,,,"
48992,-0.0147,51720.808,p,vis,Samolyk Gerry,,"A,0025,A,A006,,",
49011,-0.0167,51730.435,p,vis,Meyer Ralf,,"D,0143,D,0143,,",
49013,-0.0196,51731.4457,p,vis,Sobotka P,,"C,0034,E,0074,,SB",
49013,-0.0143,51731.451,p,vis,Foglia,,,"A,A007,,,,"
49015,-0.0139,51732.465,p,vis,Foglia,,,"A,A007,,,,"
49047,-0.0042,51748.692,p,vis,Williams,,"A,A007,,,,",
49109,-0.0095,51780.3608,s,-Ir,Kleikamp Wilhelm,"D,0152,I,5296,,ST-6",,
49112,-0.0197,51781.618,p,vis,Crumrine,,"A,A007,,,,",
49116,-0.0089,51783.656,p,vis,Samolyk,,,"A,A007,,,,"
49118,-0.0075,51784.671,p,vis,Berg Ray,,"A,A007,,,,",
49120,-0.017,51785.675,p,vis,Berg Ray,,"A,A007,,,,",
49124,-0.0042,51787.715,p,vis,Berg Ray,,"A,A007,,,,",
49134,-0.0061,51792.781,p,vis,Hays,,,"A,A007,,,,"
49157,-0.0003,51804.696,s,vis,Samolyk,,,"A,A007,,,,"
49175,-0.0156,51813.55,p,vis,Stephan,,,"A,A007,,,,"
49175,-0.0146,51813.551,p,vis,Stephan Chris,,"W,0224,W,0224,,",
49181,-0.0099,51816.5965,p,ccd,Howell,,,"A,A007,,,,"
49189,-0.0147,51820.646,p,vis,Hays,,,"A,A007,,,,"
49220,-0.0052,51836.619,s,vis,Samolyk,,,"A,A007,,,,"
49247,-0.0226,51850.285,s,vis,Foglia,,,"A,A007,,,,"
49281,-0.0216,51867.264,p,vis,Foglia,,,"A,A007,,,,"
49586,-0.0075,52021.8496,p,ccd,Dvorak,,,"A,A007,,,,"
49586,-0.0031,52021.854,p,vis,Samolyk,,,"A,A007,,,,"
49646,-0.0176,52052.5,s,vis,Proksch Willi,,"D,0143,D,0143,,",
49657,-0.0078,52057.8315,p,ccd,Dvorak,,,"A,A007,,,,"
49680,-0.0086,52069.74,s,vis,Samolyk,,,"A,A007,,,,"
49696,-0.0022,52077.855,s,vis,Manske,,,"A,A007,,,,"
49719,-0.0104,52089.503,s,vis,Samolyk,,,"A,A007,,,,"
49749,-0.0002,52104.717,s,vis,Samolyk,,,"A,A007,,,,"
49755,-0.0075,52107.4975,p,R,Borkovits Tamas,,"I,5206,I,5206,,ST7",
49777,-0.0064,52118.648,p,vis,Stephan Chris,,"W,0373,A,A007,,",
49782,-0.0076,52121.4337,s,V,Quester Wolfgang,"D,0158,I,5484,,",,
49783,-0.0151,52121.68,p,vis,Hays,,,"A,A007,,,,"
49791,-0.0075,52125.742,p,vis,Samolyk,,,"A,A007,,,,"
49791,0.0015,52125.751,p,vis,Weier,,,"A,A007,,,,"
49791,0.0025,52125.752,p,vis,Manske,,,"A,A007,,,,"
49812,-0.0304,52136.3617,p,vis,Cihal R,,,"C,0034,E,0074,,RL90"
49814,-0.0069,52137.3988,p,ccd,Walter Frank,,"D,0152,I,5296,,1616XT",
49822,-0.0124,52141.4476,p,vis,Kucakova H,,"C,0034,E,0074,,SB",
49822,0.005,52141.465,p,vis,Novak L,,,"C,0034,E,0074,,SB"
49822,0.0078,52141.4678,p,vis,Svaton R,,"C,0034,E,0074,,SB",
49826,-0.0032,52143.737,s,vis,Samolyk,,,"A,A007,,,,"
49828,-0.0118,52144.742,s,vis,Hill,,,"A,A007,,,,"
49850,-0.0082,52155.642,p,vis,Hays,,,"A,A007,,,,"
49889,-0.0076,52175.4075,p,-Ir,Maintz Gisela,,"D,0152,I,5296,,AlphaMini",
49909,-0.007,52185.5439,p,ccd,Dvorak,,,"A,A007,,,,"
49917,-0.0063,52189.599,p,vis,Stephan Chris,,"W,0402,A,A007,,",
49958,-0.0137,52210.623,s,vis,Samolyk,,,"A,A009,,,,"
49980,-0.0022,52221.531,p,vis,Stephan Chris,,"W,0417,A,A007,,",
49984,-0.0093,52223.551,p,vis,Stephan Chris,,"W,0420,A,A009,,",
49988,-0.0085,52225.579,p,vis,Hays,,,"A,A007,,,,"
49988,-0.0005,52225.587,p,vis,Samolyk,,,"A,A009,,,,"
50298,-0.004,52382.689,p,V,Paschke Anton,,"0,home,,,,Asas",
50326,-0.0073,52396.8759,p,ccd,Dvorak,,,"A,A007,,,,"
50385,-0.0139,52426.77,p,vis,Simmons,,,"A,A009,,,,"
50385,-0.0009,52426.783,p,vis,Manske,,,"A,A009,,,,"
50385,0.0001,52426.784,p,vis,Samolyk,,,"A,A009,,,,"
50408,-0.005,52438.4351,p,vis,Fidler P,,"C,0034,E,0074,,MB60",
50412,-0.0078,52440.4595,p,ccd,Ehrenberger R,,"C,0034,E,0074,,RL150",
50412,-0.0064,52440.4609,p,vis,Fidler P,,"C,0034,E,0074,,MB60",
50448,-0.0058,52458.706,p,vis,Hays,,,"A,A009,,,,"
50458,-0.0047,52463.775,p,vis,Stephan Chris,,"W,0636,,,,",
50475,-0.0086,52472.3866,p,ccd,Bal-Mai,,,"A,A009,,,,"
50481,-0.015,52475.421,p,vis,Proksch Willi,,"D,0157,,,,",
50493,-0.008,52481.5095,p,RVB,Biro Imre Barna,,"I,5313,,,,AP7",
50509,-0.0081,52489.618,p,ccd,Samolyk,,,"A,A009,,,,"
50523,-0.0132,52496.708,p,vis,Stephan Chris,,"W,0647,A,A009,,",
50524,-0.0071,52497.4739,s,UBV,Elmasli Asli,,"I,5471,,,,",
50525,-0.0028,52497.732,p,vis,Williams,,"A,A009,,,,",
50526,-0.0069,52498.4877,s,UBV,Tanriverdi T,,"I,5471,,,,",
50533,-0.0064,52502.0357,s,Rc,Nagai Kazuhiro,,"W,0651,J,0040,,",
50540,-0.009,52505.3277,p,ccd,Demircan O,,"I,5364,I,5364,,",
50546,-0.0079,52508.3695,p,ccd,Demircan O,,"I,5364,I,5364,,",
50558,-0.0105,52514.4484,p,U,Guerdemir L,,"I,5443,,,,",
50558,-0.0087,52514.4503,p,V,Guerdemir L,,"I,5443,,,,",
50558,-0.0081,52514.4508,p,B,Guerdemir L,,"I,5443,,,,",
50625,-0.006,52548.408,p,ccd,Paschke Anton,,"B,0129,I,5438,,",
50651,-0.0076,52561.583,p,vis,Hays,,,"A,A009,,,,"
50653,-0.0081,52562.5961,p,ccd,Samolyk,,,"A,A009,,,,"
50676,-0.0083,52574.2521,p,UBV,Senavci H V,,"I,5471,,,,",
50678,-0.0081,52575.2659,p,UBV,Elmasli Asli,,"I,5471,,,,",
50680,-0.008,52576.2796,p,ccd,Blaettler Ernst,,"B,0129,I,5438,,",
51083,-0.0102,52780.5145,p,ccd,Bakis Volkan,,"I,5464,,,,",
51085,-0.0067,52781.5316,p,ccd,Bakis Volkan,,"I,5464,,,,",
51091,-0.0056,52784.5735,p,V,Foglia S,,"I,5917,,,,RC40/Kaf",
51124,-0.0056,52801.5506,s,C,Bakis Volkan,,"I,5662,,,,CUG302",
51144,-0.0066,52811.4324,p,ccd,Bakis Volkan,,"I,5464,,,,",
51148,-0.0066,52813.4596,p,ccd,Hegedues,,"I,5684,,,,Ba50",
51148,-0.0063,52813.4599,p,V,Quester Wolfgang,"D,0172,I,5643,,",,
51152,-0.0077,52815.4857,p,-Ir,Schlereth Benno,,"D,0172,I,5643,,",
51165,-0.0049,52822.3298,s,C,Bakis Volkan,,"I,5662,,,,CUG302",
51182,-0.0061,52830.691,p,vis,Stephan Chris,,"W,1027,A,A009,,",
51188,-0.0059,52833.732,p,vis,Williams,,"A,A009,,,,",
51205,-0.0063,52842.3471,p,C,Bakis Volkan,,"I,5662,,,,CUG302",
51213,-0.0055,52846.4022,p,ccd,Ehrenberger R,,"C,0034,E,0074,,RL100",
51222,-0.0064,52850.9624,p,ccd,Butterworth,,"A,A009,,,,",
51232,-0.0093,52856.0274,p,R,Nagai Kazuhiro,,"W,1034,J,0042,,",
51259,-0.0062,52869.7139,p,ccd,Poklar,,,"A,A009,,,,"
51314,-0.0047,52897.589,p,vis,Stephan Chris,,"W,1061,A,A009,,",
51327,-0.0052,52904.1768,p,ccd,Kim Chun-Hwey,,"I,5694,,,,",
51349,-0.0099,52915.3215,p,ccd,Bode H J,,"D,0220,I,6010,,TI 245",
51349,-0.0053,52915.5791,s,ccd,Poklar,,,"A,A009,,,,"
51355,0.0018,52918.627,s,vis,Stephan Chris,,"W,1094,A,A009,,",
51397,-0.0084,52939.649,p,vis,Stephan Chris,,"W,1121,A,A009,,",
51454,-0.0126,52968.532,p,vis,Hays,,,"A,A009,,,,"
51727,-0.0046,53106.8942,p,ccd,Dvorak S,,"A,0011,,,,",
51858,-0.0043,53173.5372,s,V,Monninger G,,"D,0178,I,5731,,",
51865,-0.0151,53176.821,p,vis,Williams D,,"A,0011,,,,",
51880,-0.0045,53184.4335,p,V,Papini R,,"I,5917,,,,SC25/HX916",
51880,-0.0044,53184.4336,p,ccd,Papini,,,"A,A009,,,,"
51906,-0.0055,53197.8621,s,ccd,Manske,,,"A,A009,,,,"
51947,-0.0035,53218.3895,p,V,Papini R,,"I,5917,,,,SC25/HX916",
51951,-0.0054,53220.4148,p,ccd,Benintende G,,"I,5917,,,,AP13/ST10",
51959,-0.0335,53224.441,p,vis,Machon M,,"C,0034,E,0074,,RL114",
51963,-0.0053,53226.4964,p,ccd,Schmidt Ulrich,,"D,0173,I,5657,,",
51989,-0.0083,53239.67,p,vis,Hays R,,,"A,0011,,,,"
51989,0.0027,53239.681,p,vis,Williams D,,"A,0011,,,,",
52016,-0.0064,53253.3553,p,ccdR,Ehrenberger R,,"C,0034,E,0074,,RL100",
52022,-0.0134,53256.389,p,vis,Schubert Mathias,"D,0174,,,,",,
52024,-0.01,53257.406,p,vis,Schubert Mathias,"D,0174,,,,",,
52026,-0.0052,53258.4244,p,ccd,Papini R,,"A,0011,,,,",
52026,-0.0052,53258.4244,p,V,Papini R,,"I,5917,,,,SC25/HX916",
52026,-0.0047,53258.6779,s,ccd,Poklar R,,"A,0011,,,,",
52058,-0.0059,53274.641,p,vis,Williams D,,"A,0011,,,,",
52093,0.0003,53292.638,s,vis,Stephan C,,"A,0011,,,,",
52093,0.0013,53292.639,s,vis,Stephan Chris,,"W,1416,,,,",
52141,-0.0097,53316.954,s,vis,Hirosawa Kenji,,"J,0043,,,,28SC",
52414,-0.0049,53455.313,s,vis,Kanai Kiyotaka,,"J,0044,,,,12B",
52499,-0.0062,53498.136,p,vis,Kanai Kiyotaka,,"J,0044,,,,12B",
52563,-0.005,53530.5719,p,-Ir,Schirmer J,,"D,0178,I,5731,,",
52590,-0.003,53544.5103,s,BV,Yldran Y,,"I,5754,,,,",
52632,-0.0065,53565.792,s,vis,Stephan C,,"A,0011,,,,",
52639,-0.0042,53569.3419,s,BV,Aksu O,,,"I,5754,,,,"
52650,-0.0047,53574.6631,p,ccd,Samolyk G,,"A,0011,,,,",
52664,-0.0009,53581.762,p,vis,Stephan C,,"A,0011,,,,",
52672,-0.0032,53585.814,p,vis,Stephan C,,"A,0011,,,,",
52677,-0.005,53588.3462,p,BV,Yelkenci K,,"I,5754,,,,",
52683,-0.0049,53591.387,p,V,Papini R,,"I,5917,,,,SC25/HX916",
52713,-0.0041,53606.5916,p,ccd,Ogloza W,,"I,5898,,,,150mm Refr",
52718,-0.0037,53609.379,s,V,Monninger G,,"D,0178,I,5731,,",
52726,-0.0043,53613.4327,s,V,Borkovits Tamas,,"I,5753,,,,Ba50",
52733,-0.0055,53616.726,p,vis,Williams D,,"A,0011,,,,",
52782,-0.0046,53641.5597,p,ccd,Samolyk G,,"A,0011,,,,",
52786,-0.0115,53643.58,p,vis,Hays R,,,"A,0011,,,,"
53255,-0.0021,53881.5279,s,R,Borkovits Tamas,,"I,5753,,,,Ba50",
53360,-0.0018,53934.4883,p,ccdI,Smelcer L,,"C,0034,E,0074,,RL280",
53362,-0.0029,53935.5008,p,ccdR,Smelcer L,,"C,0034,E,0074,,RL280",
53414,-0.0039,53962.106,s,vis,Kanai Kiyotaka,,"J,0045,,,,12B",
53415,0.0005,53962.3642,p,ccd,Mandelli S,,"A,0141,,,,25cm+ST8",
53417,-0.0025,53963.3748,p,ccdR,Ehrenberger R,,"C,0034,E,0074,,RL96/400",
53423,-0.003,53966.415,p,V,Quester W,,"D,0183,I,5761,,ST-7E",
53423,-0.0028,53966.4152,p,RG9,Milani G,,"I,5917,,,,NW20/HiS23",
53425,-0.0026,53967.429,p,-IR,Bellia I,,"I,5917,,,,AP9/ST7",
53427,-0.0028,53968.4424,p,-IR,Bellia I,,"I,5917,,,,AP9/ST7",
53450,-0.002,53980.3524,s,R,Petropoulou M,,"I,6153,,,,0.4m+ST8",
53454,-0.0025,53982.379,s,V,Petropoulou M,,"I,6153,,,,0.4m+ST8",
53458,-0.0021,53984.4066,s,B,Petropoulou M,,"I,6153,,,,0.4m+ST8",
53459,-0.0033,53984.6592,p,ccd,Petriew V,,"A,0012,,,,",
53460,-0.0015,53985.4208,s,B,Petropoulou M,,"I,6153,,,,0.4m+ST8",
53462,-0.0015,53986.4344,s,I,Petropoulou M,,"I,6153,,,,0.4m+ST8",
53480,-0.003,53995.3022,p,ccd,Dogru S S,,"I,5746,,,,UG301",
53484,-0.0029,53997.3295,p,R,Petropoulou M,,"I,6153,,,,0.4m+ST8",
53486,-0.0028,53998.3431,p,V,Petropoulou M,,"I,6153,,,,0.4m+ST8",
53488,-0.0028,53999.3567,p,V,Petropoulou M,,"I,6153,,,,0.4m+ST8",
53490,-0.0039,54000.3692,p,V,Papini R,,"I,5917,,,,SC25/HX916",
53490,-0.0017,54000.3714,p,ccd,Papini R,,"A,0011,,,,",
53507,-0.0021,54009.2395,s,B,Petropoulou M,,"I,6153,,,,0.4m+ST8",
53515,-0.0021,54013.2938,s,I,Petropoulou M,,"I,6153,,,,0.4m+ST8",
53551,-0.0029,54031.2845,p,I,Petropoulou M,,"I,6153,,,,0.4m+ST8",
53557,-0.003,54034.3251,p,B,Petropoulou M,,"I,6153,,,,0.4m+ST8",
53557,-0.0011,54034.327,p,V,Valentini S,,"A,0141,,,,23cm+FLI9",
53576,-0.0024,54044.2078,s,B,Petropoulou M,,"I,6153,,,,0.4m+ST8",
53608,-0.0037,54060.1708,p,B,Petropoulou M,,"I,6153,,,,0.4m+ST8",
53610,-0.0032,54061.1849,p,B,Petropoulou M,,"I,6153,,,,0.4m+ST8",
53616,-0.0028,54064.226,p,I,Petropoulou M,,"I,6153,,,,0.4m+ST8",
53620,-0.003,54066.253,p,I,Petropoulou M,,"I,6153,,,,0.4m+ST8",
53622,-0.0031,54067.2666,p,I,Petropoulou M,,"I,6153,,,,0.4m+ST8",
54075,-0.0026,54296.8438,p,ccd,Samolyk G,,"A,0012,,,,",
54082,-0.0019,54300.392,p,ccd,Mandelli S,,"A,0141,,,,25cm+ST8",
54115,0.0039,54317.375,s,vis,Gobet F,,,"A,0012,,,,"
54151,-0.0023,54335.3602,p,ccdR,Smelcer L,,"C,0034,E,0074,,Celestron 28",
54151,-0.0023,54335.3602,p,ccdV,Smelcer L,,"C,0034,E,0074,,Celestron 28",
54151,-0.0022,54335.3604,p,ccdI,Smelcer L,,"C,0034,E,0074,,Celestron 28",
54667,-0.0038,54596.8635,p,ccd,Samolyk G,,"A,0086,,,,",
54751,-0.0022,54639.6886,s,ccd,Menzies K,,"A,0086,,,,",
54784,-0.0038,54656.4111,s,V,Mandelli S,,"A,0141,,,,25cm+ST8",
54809,-0.0042,54668.8275,p,ccd,Sabo R,,,"A,0086,,,,"
54811,-0.0032,54670.0951,s,Rc,Nagai Kazuo,,"J,0048,,,,20SC+SV-04LE",
54822,-0.0037,54675.4163,p,V,Smelcer Ladislav,"C,0035,E,0094,,280/1765+ST7",,
54822,-0.0035,54675.4165,p,I,Smelcer Ladislav,"C,0035,E,0094,,280/1765+ST7",,
54822,-0.0035,54675.4165,p,R,Smelcer Ladislav,"C,0035,E,0094,,280/1765+ST7",,
54834,-0.0028,54681.7517,s,ccd,Samolyk G,,"A,0086,,,,",
54840,-0.0037,54684.5386,p,-Ir,Agerer Franz,,"D,0203,I,5889,,Sigma 1603",
54849,-0.0033,54689.3531,s,V,Mandelli S,,"A,0141,,,,25cm+ST8",
54935,-0.0027,54732.9378,s,Ic,Nakajima Kazuhir,"J,0048,,,,20SC+CV-04",,
54973,-0.0032,54751.9424,p,Ic,Nakajima Kazuhir,"J,0048,,,,20SC+CV-04",,
55416,-0.0032,54976.4513,p,ccd,Pagel L,,,"D,0209,I,5918,,Arte 4021"
55420,-0.0026,54978.479,p,ccd,Salvaggio F,,"I,5917,,,,SC23/ST7",
55451,-0.0042,54994.188,p,vis,Kanai Kiyotaka,,"J,0050,,,,12B",
55485,-0.0015,55011.6746,s,ccd,Samolyk G,,"A,0109,,,,",
55499,-0.0028,55018.5154,p,ccd,Erkan N,,,"I,5924,,,,T40-ST"
55518,-0.0019,55028.3984,s,ccd,Mandelli S,,"A,0141,,,,25cm+ST8",
55524,-0.0021,55031.4389,s,V,Premoli D,,"A,0141,,,,25cm+ST8",
55526,0.0024,55032.204,p,vis,Kanai Kiyotaka,,"J,0050,,,,12B",
55564,-0.0029,55051.4568,p,I,Smelcer L,,"C,0037,E,0137,,280mm+ST7",
55564,-0.0027,55051.457,p,V,Smelcer L,,"C,0037,E,0137,,280mm+ST7",
55564,-0.0026,55051.4571,p,R,Smelcer L,,"C,0037,E,0137,,280mm+ST7",
55581,-0.0032,55060.072,p,vis,Kanai Kiyotaka,,"J,0050,,,,12B",
55582,-0.0024,55060.5795,p,ccd,Menzies K,,"A,0109,,,,",
55662,-0.0016,55101.3767,s,ccd,Borkovits Tamas,,"I,5979,,,,BART1",
56223,-0.002,55385.4336,p,ccd,Corp L,,,"A,0130,,,,"
56223,-0.0014,55385.4342,p,-Ir,Agerer Franz,,"D,0215,I,5984,,Sigma 1603",
56244,-0.0031,55396.0751,p,Rc,Nagai Kazuo,,"J,0051,,,,20SC+SV-04LE",
56247,-0.0009,55397.5977,p,ccd,Corp L,,,"A,0130,,,,"
56424,-0.001,55487.2998,p,V,Pagel Lienhard,,"D,0215,I,5984,,Artemis4021",
56948,0.0001,55753.1129,s,Rc,Nagai Kazuo,,"J,0053,,,,20SC+SV-04LE",
57076,-0.0012,55817.981,s,cG,Hirosawa Kenji,,"J,0053,,,,16L+EosKissX",
57691,-0.0002,56129.4061,p,VRI,Icli T,,,",,,,ph-1302.6686,"
57693,0.0006,56130.4205,p,VRI,Icli T,,,",,,,ph-1302.6686,"
57716,0.0001,56142.0762,p,Rc,Nagai Kazuo,,"J,0055,,,,20SC+SV-04LE",
57722,0.0003,56145.3701,s,VRI,Icli T,,,",,,,ph-1302.6686,"
57724,0.001,56146.1314,p,V,Itoh Hiroshi,,"J,0055,,,,30SC+ST-9XE",
58247,0.0008,56411.1834,p,Ic,Kiyota Seiichiro,"J,0056,,,,20SC+E47+",,
58401,0.0015,56489.4831,s,-I,Agerer Franz,,"D,0232,I,6084,,Sigma1603",
58410,0.0014,56493.7911,p,V,Manske B,,"A,0042,,,JAAVSO 42,",
58414,0.0006,56495.8175,p,V,Sabo R,,,"A,0042,,,JAAVSO 42,"
58421,0.0016,56499.619,s,ccd,Paschke Anton,,"E,0162,,,,28cm+G2",
58461,0.0008,56519.6369,p,V,Samolyk G,,"A,0042,,,JAAVSO 42,",
58465,0.0008,56521.6641,p,V,Simmons N,,"A,0042,,,JAAVSO 42,",
58490,0.0019,56534.588,s,vis,Chris Stephan,,"J,0056,,,,",
58567,0.0007,56573.6098,s,V,Samolyk G,,"A,,,,JAAVSO 62,",
58598,0.0043,56589.3239,s,V,Corp L,,,"A,,,,JAAVSO 62,"
59027,0.0007,56806.7341,s,V,Manske B,,",,,,,",
59029,0.0003,56807.7473,s,V,Manske B,,",,,,,",
59117,0.0004,56852.3451,s,BVRI,Oezge Oezata,,"I,6125,,,,",
59134,0,56860.7071,p,V,Manske B,,",,,,,",
59238,0.0004,56913.4139,p,V,Corp L,,,",,,,,"
59262,0.0045,56925.581,p,vis,Chris Stephan,,"J,0059,,,,",
59266,-0.0001,56927.6036,p,V,Samolyk G,,"A,,,,JAAVSO 62,",
59832,-0.0007,57214.4472,p,V,Corp L,,,",,,,JAAVSO-43,"
59846,0.0007,57221.7967,s,V,Samolyk G,,",,,,JAAVSO-43,",
59853,-0.0008,57225.0898,p,Ic,Nagai Kazuo,,"J,0061,,,,20SC+ST-402",
59853,-0.0008,57225.0898,p,V,Nagai Kazuo,,"J,0061,,,,20SC+ST-402",
59853,0,57225.0906,p,B,Nagai Kazuo,,"J,0061,,,,20SC+ST-402",
59883,0.0006,57240.5479,s,-I,Agerer Franz,,"D,0244,I,6196,,Sigma 1603",
59897,-0.0003,57247.6421,s,V,Simmons N,,",,,,JAAVSO-43,",
59913,-0.0015,57255.7496,s,V,Cook S,,,",,,,JAAVSO-43,"
59915,-0.0003,57256.5114,p,-I,Agerer Franz,,"D,0244,I,6196,,Sigma 1603",
59945,-0.0006,57271.7148,p,V,Lopez Oliver C,,"C,0040,E,0179,,NWT 203/1000",
60031,-0.0003,57315.5522,s,V,Lopez Oliver C,,"C,0040,E,0179,,NWT 203/1000",
60491,0.0009,57548.4247,p,ccd,Urbanik M,,"C,0040,E,0179,,SKY-WATCHER",
60491,0.0071,57548.684,s,vis,Stephan Chris,,"J,0063,,,,",
60529,-0.004,57567.678,p,vis,Stephan Chris,,"J,0063,,,,",
60540,-0.0001,57573.2566,p,V,Kiyota Seiichiro,"J,0063,,,,25SC+F47",,
60600,-0.0032,57603.661,p,vis,Stephan Chris,,"J,0063,,,,",
60607,0.0004,57607.4652,s,ccd,Masek M.,,"C,0040,E,0179,,NWT 150/600",
60609,0.0006,57608.4789,s,ccd,Masek M.,,"C,0040,E,0179,,NWT 150/600",
60670,0.0009,57639.3936,s,ccd,Masek M.,,"C,0040,E,0179,,NWT 150/600",
60698,0.0082,57653.591,s,vis,Stephan Chris,,"J,0063,,,,",
60736,-0.0019,57672.586,p,vis,Stephan Chris,,"J,0063,,,,",
61343,0.0005,57980.4642,s,V,Corp    L.,,"A,0461,,,,",
61373,0.0011,57995.4155,p,V,Smelcer L,,"C,0041,E,0194,,25cm+G2-402",
61373,0.0011,57995.4155,p,R,Smelcer L,,"C,0041,E,0194,,25cm+G2-402",
61409,-0.0019,58013.657,p,vis,Chris Stephan,,"J,0064,,,,",
61436,0.0097,58027.605,s,vis,Chris Stephan,,"J,0064,,,,",
61987,0.0028,58306.8405,s,V,Samolyk G.,,"A,0462,,,,",
62063,0.0019,58345.3558,s,BVRI,Oezavci I,,"E,0203,,,,35cm+Apogee",
62071,0.0024,58349.4106,s,V,Arranz  T.,,"A,0462,,,,",
62073,0.0026,58350.4244,s,V,Arranz  T.,,"A,0462,,,,",
62134,0.0015,58381.3376,s,V,Corp L,,,"A,,,,JAAVSO 47,"
62141,0.002,58384.6327,p,V,Samolyk G,,"A,,,,JAAVSO 47,",
62200,0.0019,58414.5333,p,V,Samolyk G,,"A,,,,JAAVSO 47,",
62676,0.0032,58655.7676,p,V,Samolyk G,,"A,,,,JAAVSO 47,",
62847,0.0052,58742.684,s,vis,Chris Stephan,,"J,0067,,,,",
62869,0.0058,58753.581,p,vis,Chris Stephan,,"J,0067,,,,",
63252,0.0018,58947.9314,s,V,Sabo R,,,"A,,,,JAAVSO 48,"
63384,0.0021,59014.8282,s,V,Samolyk Gerry,,"A,,,,JAAVSO 48,",
63443,0.0025,59044.4764,p,V,Corp L,,,"A,,,,JAAVSO 48,"
63480,0.0016,59063.4798,s,V,Arranz T,,"A,,,,JAAVSO 48,",
63508,0.002,59077.4173,p,cG,Kasai Kiyoshi,,"J,0069,,,,10L+EOS.Kiss",
63571,0.0016,59109.3448,p,cG,Kasai Kiyoshi,,"J,0069,,,,10L+EOS.Kiss",
63577,0.009,59112.646,s,vis,Chris Stephan,,"J,0069,,,,",
