-102512,0.1601,12398.126,s,pg,Dugan R S,,",,D,Lich,CPRI 19.18,",
-101572,0.1333,12699.415,p,pg,Dugan R S,,",,D,Lich,CPRI 19.18,",
-97961,0.127,13857.685,s,pg,Hertzsprung E,,",,D,Lich,BAN 1.83,",
-95685,0.1315,14587.646,s,pg,Hertzsprung E,,",,D,Lich,BAN 1.83,",
-95172,0.1097,14751.993,p,pg,Dugan R S,,",,D,Lich,CPRI 19.18,",
-95172,0.1197,14752.163,s,pg,Dugan R S,,",,D,Lich,CPRI 19.18,",
-94762,0.1139,14883.652,s,pg,Hertzsprung E,,",,D,Lich,BAN 1.83,",
-94609,0.1009,14932.549,p,pg,Hertzsprung E,,",,D,Lich,BAN 1.83,",
-93612,0.108,15252.313,p,pg,Dugan R S,,",,D,Lich,CPRI 19.18,",
-92485,0.1087,15613.764,p,pg,Hertzsprung E,,",,D,Lich,BAN 1.83,",
-92346,0.1068,15658.502,s,pg,Hertzsprung E,,",,D,Lich,BAN 1.83,",
-92280,0.0883,15679.651,s,pg,Hertzsprung E,,",,D,Lich,BAN 1.83,",
-92162,0.0965,15717.504,s,pg,Hertzsprung E,,",,D,Lich,BAN 1.83,",
-92149,0.1061,15721.523,p,pg,Hertzsprung E,,",,D,Lich,BAN 1.83,",
-92052,0.0964,15752.623,p,pg,Dugan R S,,",,D,Lich,CPRI 19.18,",
-92052,0.0994,15752.786,s,pg,Dugan R S,,",,D,Lich,CPRI 19.18,",
-91347,0.0965,15978.73,p,pg,Hertzsprung E,,",,D,Lich,BAN 1.83,",
-91032,0.092,16079.752,p,pg,Dugan R S,,",,D,Lich,CPRI 19.18,",
-91032,0.101,16079.921,s,pg,Dugan R S,,",,D,Lich,CPRI 19.18,",
-90989,0.0931,16093.544,p,pg,Hertzsprung E,,",,D,Lich,BAN 1.83,",
-90274,0.082,16322.847,p,pg,Hertzsprung E,,",,D,Lich,BAN 1.83,",
-90032,0.081,16400.46,p,pg,Dugan R S,,",,D,Lich,CPRI 19.18,",
-90032,0.098,16400.637,s,pg,Dugan R S,,",,D,Lich,CPRI 19.18,",
-89845,0.0746,16460.588,s,pg,Hertzsprung E,,",,D,Lich,BAN 1.83,",
-89174,0.0841,16675.8,s,pg,Hertzsprung E,,",,D,Lich,BAN 1.83,",
-89149,0.0781,16683.812,s,pg,Hertzsprung E,,",,D,Lich,BAN 1.83,",
-89037,0.0736,16719.728,s,pg,Hertzsprung E,,",,D,Lich,BAN 1.83,",
-88912,0.0747,16759.659,p,pg,Dugan R S,,",,D,Lich,CPRI 19.18,",
-88912,0.0807,16759.825,s,pg,Dugan R S,,",,D,Lich,CPRI 19.18,",
-88803,0.0714,16794.614,p,pg,Hertzsprung E,,",,D,Lich,BAN 1.83,",
-87544,0.0601,17198.548,s,pg,Hertzsprung E,,",,D,Lich,BAN 1.83,",
-87438,0.0699,17232.554,s,pg,Hertzsprung E,,",,D,Lich,BAN 1.83,",
-87392,0.0658,17247.143,p,pg,Dugan R S,,",,D,Lich,CPRI 19.18,",
-87392,0.0618,17247.299,s,pg,Dugan R S,,",,D,Lich,CPRI 19.18,",
-85892,0.0463,17728.202,p,pg,Dugan R S,,",,D,Lich,CPRI 19.18,",
-85892,0.0563,17728.372,s,pg,Dugan R S,,",,D,Lich,CPRI 19.18,",
-85383,0.0434,17891.605,s,pg,Hertzsprung E,,",,D,Lich,BAN 1.83,",
-84712,0.0479,18106.812,s,pg,Hertzsprung E,,",,D,Lich,BAN 1.83,",
-84412,0.0392,18202.859,p,pg,Dugan R S,,",,D,Lich,CPRI 19.18,",
-84412,0.0502,18203.03,s,pg,Dugan R S,,",,D,Lich,CPRI 19.18,",
-84326,0.0404,18230.602,s,pg,Hertzsprung E,,",,D,Lich,BAN 1.83,",
-83359,0.0461,18540.743,s,pg,Hertzsprung E,,",,D,Lich,BAN 1.83,",
-83047,0.0268,18640.628,p,pg,Hertzsprung E,,",,D,Lich,BAN 1.83,",
-82712,0.0299,18748.072,p,pg,Dugan R S,,",,D,Lich,CPRI 19.18,",
-82712,0.0289,18748.231,s,pg,Dugan R S,,",,D,Lich,CPRI 19.18,",
-82102,0.0223,18943.703,p,pg,Hertzsprung E,,",,D,Lich,BAN 1.83,",
-81997,0.0348,18977.551,s,pg,Hertzsprung E,,",,D,Lich,BAN 1.83,",
-81312,0.0253,19197.074,p,pg,Dugan R S,,",,D,Lich,CPRI 19.18,",
-81312,0.0173,19197.226,s,pg,Dugan R S,,",,D,Lich,CPRI 19.18,",
-81185,0.034,19237.814,p,pg,Hertzsprung E,,",,D,Lich,BAN 1.83,",
-79689,0.0114,19717.587,p,pg,Hertzsprung E,,",,D,Lich,BAN 1.83,",
-79592,0.0156,19748.701,p,pg,Dugan R S,,",,D,Lich,CPRI 19.18,",
-79592,0.0196,19748.865,s,pg,Dugan R S,,",,D,Lich,CPRI 19.18,",
-79502,0.0079,19777.558,p,pg,Hertzsprung E,,",,D,Lich,BAN 1.83,",
-78701,0.005,20034.611,s,pg,Hertzsprung E,,",,D,Lich,BAN 1.83,",
-78701,0.013,20034.619,s,pg,Hertzsprung E,,",,D,Lich,BAN 1.83,",
-78701,0.014,20034.62,s,pg,Hertzsprung E,,",,D,Lich,BAN 1.83,",
-78688,-0.0043,20038.611,p,pg,Hertzsprung E,,",,D,Lich,BAN 1.83,",
-78032,0.009,20249.016,p,pg,Dugan R S,,",,D,Lich,CPRI 19.18,",
-78032,0.004,20249.171,s,pg,Dugan R S,,",,D,Lich,CPRI 19.18,",
-77407,-0.0004,20449.456,p,pg,Hertzsprung E,,",,D,Lich,BAN 1.83,",
-77407,0.0076,20449.624,s,pg,Hertzsprung E,,",,D,Lich,BAN 1.83,",
-77295,0.0001,20485.537,s,pg,Hertzsprung E,,",,D,Lich,BAN 1.83,",
-76472,-0.0026,20749.326,p,pg,Dugan R S,,",,D,Lich,CPRI 19.18,",
-76472,0.0044,20749.493,s,pg,Dugan R S,,",,D,Lich,CPRI 19.18,",
-75295,-0.0069,21126.808,p,pg,Hertzsprung E,,",,D,Lich,BAN 1.83,",
-75274,-0.015,21133.535,p,pg,Hertzsprung E,,",,D,Lich,BAN 1.83,",
-75274,0.005,21133.555,p,pg,Hertzsprung E,,",,D,Lich,BAN 1.83,",
-75262,-0.0046,21137.554,s,pg,Hertzsprung E,,",,D,Lich,BAN 1.83,",
-75262,0.0124,21137.571,s,pg,Hertzsprung E,,",,D,Lich,BAN 1.83,",
-75232,0.0018,21147.022,p,pg,Dugan R S,,",,D,Lich,CPRI 19.18,",
-75232,-0.0012,21147.179,s,pg,Dugan R S,,",,D,Lich,CPRI 19.18,",
-75178,-0.004,21164.495,s,pg,Hertzsprung E,,",,D,Lich,BAN 1.83,",
-75118,-0.0112,21183.571,p,pg,Hertzsprung E,,",,D,Lich,BAN 1.83,",
-75087,-0.0124,21193.512,p,pg,Hertzsprung E,,",,D,Lich,BAN 1.83,",
-75087,-0.0084,21193.516,p,pg,Hertzsprung E,,",,D,Lich,BAN 1.83,",
-75087,0.0016,21193.526,p,pg,Hertzsprung E,,",,D,Lich,BAN 1.83,",
-74941,-0.0024,21240.507,s,pg,Hertzsprung E,,",,D,Lich,BAN 1.83,",
-74872,0,21262.479,p,pg,Hertzsprung E,,",,D,Lich,BAN 1.83,",
-74179,-0.0183,21484.719,p,pg,Hertzsprung E,,",,D,Lich,BAN 1.83,",
-74148,-0.0146,21494.665,p,pg,Hertzsprung E,,",,D,Lich,BAN 1.83,",
-73972,-0.0061,21551.12,p,pg,Dugan R S,,",,D,Lich,CPRI 19.18,",
-73972,-0.0061,21551.28,s,pg,Dugan R S,,",,D,Lich,CPRI 19.18,",
-73764,0.0003,21617.836,p,pg,Hertzsprung E,,",,D,Lich,BAN 1.83,",
-73132,-0.0191,21820.671,s,pg,Jordan,,,",,D,Lich,PALL 7.131,"
-73129,-0.0182,21821.634,s,pg,Jordan,,,",,D,Lich,PALL 7.131,"
-73076,-0.0154,21838.635,s,pg,Jordan,,,",,D,Lich,PALL 7.131,"
-72995,-0.0156,21864.613,s,pg,Jordan,,,",,D,Lich,PALL 7.131,"
-72892,-0.0097,21897.493,p,pg,Dugan R S,,",,D,Lich,CPRI 19.18,",
-72892,-0.0187,21897.644,s,pg,Dugan R S,,",,D,Lich,CPRI 19.18,",
-71792,-0.0176,22250.276,p,pg,Dugan R S,,",,D,Lich,CPRI 19.18,",
-71792,-0.0186,22250.435,s,pg,Dugan R S,,",,D,Lich,CPRI 19.18,",
-71785,-0.0556,22252.483,p,vis,Nijland A A,,",,D,Lich,BAN 6.115,",
-71647,-0.0148,22296.783,p,vis,Nijland A A,,",,D,Lich,BAN 6.115,",
-71277,-0.0178,22415.446,p,vis,Nijland A A,,",,D,Lich,BAN 6.115,",
-70942,-0.0267,22522.878,p,vis,Nijland A A,,",,D,Lich,BAN 6.115,",
-70757,-0.0187,22582.219,p,vis,Nijland A A,,",,D,Lich,BAN 6.115,",
-70662,-0.023,22612.683,p,pg,Jordan,,,",,D,Lich,PALL 7.131,"
-70659,-0.0232,22613.645,p,pg,Jordan,,,",,D,Lich,PALL 7.131,"
-70659,-0.0232,22613.805,s,pg,Jordan,,,",,D,Lich,PALL 7.131,"
-70232,-0.0222,22750.593,p,pg,Dugan R S,,",,D,Lich,CPRI 19.18,",
-70232,-0.0202,22750.755,s,pg,Dugan R S,,",,D,Lich,CPRI 19.18,",
-69421,-0.0263,23010.692,p,vis,Campbell L,,",,D,Lich,HB 845.20,",
-69347,-0.0265,23034.425,p,vis,Nijland A A,,",,D,Lich,BAN 6.115,",
-68477,-0.034,23313.603,s,pg,Jordan,,,",,D,Lich,PALL 7.131,"
-68470,-0.0311,23315.691,p,pg,Jordan,,,",,D,Lich,PALL 7.131,"
-68401,-0.0317,23337.82,p,vis,Campbell L,,",,D,Lich,HB 845.20,",
-68375,-0.0274,23346.323,s,pg,Schilt J,,",,D,Lich,BAN 2.2,",
-68353,-0.0282,23353.378,s,pg,Schilt J,,",,D,Lich,BAN 2.2,",
-68292,-0.0281,23372.782,p,vis,Nijland A A,,",,D,Lich,BAN 6.115,",
-67892,-0.0347,23501.063,p,pg,Dugan R S,,",,D,Lich,CPRI 19.18,",
-67892,-0.0287,23501.229,s,pg,Dugan R S,,",,D,Lich,CPRI 19.18,",
-67548,-0.038,23611.547,s,pg,Schilt J,,",,D,Lich,BAN 2.175,",
-67454,-0.0396,23641.533,p,pg,Schilt J,,",,D,Lich,BAN 2.175,",
-67397,-0.0386,23659.815,p,vis,Nijland A A,,",,D,Lich,BAN 6.115,",
-67355,-0.0378,23673.446,s,pg,Schilt J,,",,D,Lich,BAN 2.175,",
-67226,-0.0375,23714.659,p,vis,Campbell L,,",,D,Lich,HB 845.20,",
-66857,-0.0378,23833.004,p,vis,Nijland A A,,",,D,Lich,BAN 6.115,",
-66313,-0.043,24007.47,p,pg,Schilt J,,",,D,Lich,BAN 2.175,",
-66276,-0.0456,24019.494,s,pg,Schilt J,,",,D,Lich,BAN 2.175,",
-66173,-0.0426,24052.531,s,pg,Schilt J,,",,D,Lich,BAN 2.175,",
-66057,-0.043,24089.574,p,vis,Campbell L,,",,D,Lich,HB 845.20,",
-66022,-0.0402,24100.802,p,vis,Nijland A A,,",,D,Lich,BAN 6.115,",
-65877,-0.0414,24147.305,p,vis,Nijland A A,,",,D,Lich,BAN 6.115,",
-64772,-0.0499,24501.691,p,pg,Dugan R S,,",,D,Lich,CPRI 19.18,",
-64772,-0.0569,24501.844,s,pg,Dugan R S,,",,D,Lich,CPRI 19.18,",
-63678,-0.0535,24852.554,p,vis,Campbell L,,",,D,Lich,HB 845.20,",
-62560,-0.0614,25211.11,p,vis,Mergentaler J,,",,D,Lich,AAC 1.36,",
-61512,-0.0639,25547.381,s,pg,Dugan R S,,",,D,Lich,CPRI 19.18,",
-60582,-0.0595,25845.494,p,pg,Dugan R S,,",,D,Lich,CPRI 19.18,",
-60582,-0.0575,25845.656,s,pg,Dugan R S,,",,D,Lich,CPRI 19.18,",
-59312,-0.0657,26252.801,p,pg,Dugan R S,,",,D,Lich,CPRI 19.18,",
-59312,-0.0707,26252.956,s,pg,Dugan R S,,",,D,Lich,CPRI 19.18,",
-58072,-0.0622,26650.496,p,pg,Dugan R S,,",,D,Lich,CPRI 19.18,",
-58072,-0.0522,26650.666,s,pg,Dugan R S,,",,D,Lich,CPRI 19.18,",
-57152,-0.0617,26945.558,p,pg,Dugan R S,,",,D,Lich,CPRI 19.18,",
-57152,-0.0577,26945.722,s,pg,Dugan R S,,",,D,Lich,CPRI 19.18,",
-56832,-0.0618,27048.188,p,pg,Dugan R S,,",,D,Lich,CPRI 19.18,",
-56832,-0.0568,27048.353,s,pg,Dugan R S,,",,D,Lich,CPRI 19.18,",
-55892,-0.0657,27349.66,p,pg,Dugan R S,,",,D,Lich,CPRI 19.18,",
-55892,-0.0597,27349.826,s,pg,Dugan R S,,",,D,Lich,CPRI 19.18,",
-55759,-0.0673,27392.314,p,vis,Zessewitsch V P,,",,D,Lich,IODE 4.2.155,",
-55759,-0.0643,27392.477,s,vis,Zessewitsch V P,,",,D,Lich,IODE 4.2.155,",
-55044,-0.0714,27621.624,p,vis,Soloviev A,,",,D,Lich,PZ 5.13,",
-54798,-0.1002,27700.492,p,vis,Lause F,,,",,D,Lich,AN 257.74,"
-54758,-0.069,27713.352,p,vis,Lause F,,,",,D,Lich,AN 257.74,"
-54730,-0.0661,27722.335,p,vis,Lause F,,,",,D,Lich,AN 257.74,"
-54723,-0.0592,27724.587,p,vis,Lause F,,,",,D,Lich,AN 257.74,"
-54680,-0.0701,27738.367,p,vis,Lause F,,,",,D,Lich,AN 257.74,"
-54677,-0.0732,27739.326,p,vis,Lause F,,,",,D,Lich,AN 257.74,"
-54658,-0.0759,27745.417,p,vis,Lause F,,,",,D,Lich,AN 257.74,"
-54627,-0.0792,27755.356,p,vis,Lause F,,,",,D,Lich,AN 257.74,"
-54593,-0.0746,27766.265,p,vis,Lause F,,,",,D,Lich,AN 257.74,"
-54583,-0.0738,27769.473,p,vis,Lause F,,,",,D,Lich,AN 257.74,"
-54492,-0.0733,27798.659,p,pg,Dugan R S,,",,D,Lich,CPRI 19.18,",
-54492,-0.0683,27798.824,s,pg,Dugan R S,,",,D,Lich,CPRI 19.18,",
-54468,-0.0815,27806.348,p,vis,Lause F,,,",,D,Lich,AN 257.74,"
-54406,-0.0711,27826.243,p,vis,Lause F,,,",,D,Lich,AN 257.74,"
-53712,-0.0831,28048.81,p,pg,Dugan R S,,",,D,Lich,CPRI 19.18,",
-53712,-0.0741,28048.979,s,pg,Dugan R S,,",,D,Lich,CPRI 19.18,",
-49117,-0.0849,29522.672,s,pg,Woodward E,,",,D,Lich,AJ 56.85,",
-49114,-0.085,29523.634,s,pg,Woodward E,,",,D,Lich,AJ 56.85,",
-48939,-0.0839,29579.601,p,pg,Woodward E,,",,D,Lich,HC 446.31,",
-48933,-0.0862,29581.523,p,pg,Woodward E,,",,D,Lich,AJ 56.85,",
-44689,-0.0896,30942.811,s,pg,Woodward E,,",,D,Lich,AJ 56.85,",
-44627,-0.0892,30962.696,s,pg,Woodward E,,",,D,Lich,AJ 56.85,",
-44624,-0.0953,30963.652,s,pg,Woodward E,,",,D,Lich,AJ 56.85,",
-44623,-0.0961,30963.812,p,pg,Woodward E,,",,D,Lich,AJ 56.85,",
-44617,-0.0914,30965.741,p,pg,Woodward E,,",,D,Lich,AJ 56.85,",
-44583,-0.0928,30976.644,p,pg,Woodward E,,",,D,Lich,AJ 56.85,",
-44583,-0.0918,30976.805,s,pg,Woodward E,,",,D,Lich,AJ 56.85,",
-44537,-0.0929,30991.557,s,pg,Woodward E,,",,D,Lich,AJ 56.85,",
-44524,-0.0862,30995.573,p,pg,Woodward E,,",,D,Lich,AJ 56.85,",
-44521,-0.0964,30996.525,p,pg,Woodward E,,",,D,Lich,AJ 56.85,",
-44521,-0.0954,30996.686,s,pg,Woodward E,,",,D,Lich,AJ 56.85,",
-44499,-0.0932,31003.584,p,pg,Woodward E,,",,D,Lich,AJ 56.85,",
-44493,-0.0925,31005.669,s,pg,Woodward E,,",,D,Lich,AJ 56.85,",
-44365,-0.0966,31046.557,p,pg,Woodward E,,",,D,Lich,AJ 56.85,",
-44359,-0.0919,31048.486,p,pg,Woodward E,,",,D,Lich,AJ 56.85,",
-44359,-0.0969,31048.641,s,pg,Woodward E,,",,D,Lich,AJ 56.85,",
-38930,-0.1103,32789.651,p,pg,Woodward E,,",,D,Lich,AJ 56.85,",
-38927,-0.1155,32790.608,p,pg,Woodward E,,",,D,Lich,AJ 56.85,",
-38924,-0.1146,32791.731,s,pg,Woodward E,,",,D,Lich,AJ 56.85,",
-38918,-0.115,32793.655,s,pg,Woodward E,,",,D,Lich,AJ 56.85,",
-38917,-0.1167,32793.814,p,pg,Woodward E,,",,D,Lich,AJ 56.85,",
-38911,-0.119,32795.736,p,pg,Woodward E,,",,D,Lich,AJ 56.85,",
-38899,-0.1186,32799.745,s,pg,Woodward E,,",,D,Lich,AJ 56.85,",
-38890,-0.1151,32802.635,s,pg,Woodward E,,",,D,Lich,AJ 56.85,",
-38889,-0.1138,32802.797,p,pg,Woodward E,,",,D,Lich,AJ 56.85,",
-38834,-0.1174,32820.593,s,pg,Woodward E,,",,D,Lich,AJ 56.85,",
-36798,-0.1202,33473.414,p,vis,Serkowski K,,",,D,Lich,BTOR 10.12,",
-36783,-0.12,33478.385,s,vis,Serkowski K,,",,D,Lich,BTOR 10.12,",
-36776,-0.1211,33480.469,p,vis,Serkowski K,,",,D,Lich,BTOR 10.12,",
-36773,-0.1232,33481.429,p,vis,Serkowski K,,",,D,Lich,BTOR 10.12,",
-36705,-0.1191,33503.402,s,vis,Serkowski K,,",,D,Lich,BTOR 10.12,",
-36702,-0.1173,33504.366,s,vis,Serkowski K,,",,D,Lich,BTOR 10.12,",
-36701,-0.127,33504.517,p,vis,Domke K,,,"D,0008,N,0281,,"
-36701,-0.122,33504.522,p,vis,Pohl E,,,"M,0131,,,,"
-36701,-0.12,33504.524,p,vis,Serkowski K,,",,D,Lich,BTOR 10.12,",
-36701,-0.117,33504.527,p,vis,Pocher E,,"D,0008,N,0281,,",
-36701,-0.114,33504.53,p,vis,Jahn A,,,"D,0008,N,0281,,"
-36699,-0.1164,33505.329,s,vis,Serkowski K,,",,D,Lich,BTOR 10.12,",
-36698,-0.1201,33505.486,p,vis,Serkowski K,,",,D,Lich,BTOR 10.12,",
-36695,-0.1243,33506.444,p,vis,Pohl E,,,"M,0131,,,,"
-36695,-0.1213,33506.447,p,vis,Domke K,,,"D,0008,N,0281,,"
-36695,-0.1213,33506.447,p,vis,Pocher E,,"D,0008,N,0281,,",
-36686,-0.1218,33509.493,s,vis,Domke K,,,"D,0008,N,0281,,"
-36686,-0.1218,33509.493,s,vis,Pohl E,,,"M,0131,,,,"
-36686,-0.1188,33509.496,s,vis,Jahn A,,,"D,0008,N,0281,,"
-36686,-0.1148,33509.5,s,vis,Pocher E,,"D,0008,N,0281,,",
-36670,-0.1173,33514.469,p,vis,Pohl E,,,"M,0131,,,,"
-36670,-0.1143,33514.472,p,vis,Domke K,,,"D,0008,N,0281,,"
-36642,-0.1224,33523.444,p,vis,Pohl E,,,"M,0131,,,,"
-36642,-0.1194,33523.447,p,vis,Pocher E,,"D,0008,N,0281,,",
-36639,-0.1186,33524.41,p,vis,Pohl E,,,"M,0131,,,,"
-36639,-0.1156,33524.413,p,vis,Pocher E,,"D,0008,N,0281,,",
-36608,-0.1218,33534.349,p,vis,Serkowski K,,",,D,Lich,BTOR 10.12,",
-36602,-0.1202,33536.435,s,vis,Serkowski K,,",,D,Lich,BTOR 10.12,",
-36596,-0.1185,33538.361,s,vis,Serkowski K,,",,D,Lich,BTOR 10.12,",
-36595,-0.1192,33538.521,p,vis,Serkowski K,,",,D,Lich,BTOR 10.12,",
-36593,-0.1196,33539.322,s,vis,Serkowski K,,",,D,Lich,BTOR 10.12,",
-36592,-0.1174,33539.485,p,vis,Serkowski K,,",,D,Lich,BTOR 10.12,",
-36590,-0.1168,33540.287,s,vis,Serkowski K,,",,D,Lich,BTOR 10.12,",
-36589,-0.1205,33540.444,p,vis,Serkowski K,,",,D,Lich,BTOR 10.12,",
-36583,-0.1238,33542.365,p,vis,Serkowski K,,",,D,Lich,BTOR 10.12,",
-36577,-0.1191,33544.454,s,vis,Serkowski K,,",,D,Lich,BTOR 10.12,",
-36527,-0.1191,33560.49,s,vis,Serkowski K,,",,D,Lich,BTOR 10.12,",
-35844,-0.1202,33779.54,s,vis,Domke K,,,"D,0008,N,0281,,"
-35669,-0.123,33835.503,p,vis,Jahn A,,,"D,0008,N,0281,,"
-35651,-0.1099,33841.449,s,vis,Jahn A,,,"D,0008,N,0281,,"
-35604,-0.1157,33856.517,s,vis,Domke K,,,"D,0008,N,0281,,"
-35563,-0.1222,33869.5,p,vis,Jahn A,,,"D,0008,N,0281,,"
-35520,-0.1121,33883.461,s,vis,Domke K,,,"D,0008,N,0281,,"
-35520,-0.1001,33883.473,s,vis,Jahn A,,,"D,0008,N,0281,,"
-35510,-0.1133,33886.507,p,vis,Domke K,,,"D,0008,N,0281,,"
-35504,-0.1166,33888.428,p,vis,Domke K,,,"D,0008,N,0281,,"
-35504,-0.1076,33888.437,p,vis,Jahn A,,,"D,0008,N,0281,,"
-35504,-0.1196,33888.585,s,vis,Domke K,,,"D,0008,N,0281,,"
-35504,-0.1196,33888.585,s,vis,Jahn A,,,"D,0008,N,0281,,"
-35395,-0.1184,33923.5446,s,pe,Kwee K K,,",,D,Lich,BAN 14.131,",
-35379,-0.117,33928.5175,p,pe,Kwee K K,,",,D,Lich,BAN 14.131,",
-35370,-0.1172,33931.4038,p,pe,Kwee K K,,",,D,Lich,BAN 14.131,",
-35177,-0.1155,33993.3042,p,pe,Kwee K K,,",,D,Lich,BAN 14.131,",
-34325,-0.1183,34266.554,p,vis,Ashbrook J,,",,D,Lich,AJ 58.171,",
-34310,-0.1122,34271.3709,p,pe,Kwee K K,,",,D,Lich,BAN 14.131,",
-34141,-0.1076,34325.577,p,vis,Ashbrook J,,",,D,Lich,AJ 58.171,",
-33535,-0.1103,34519.93,p,pe,Fitch W S,,",,D,Lich,AJ 69.316,",
-33340,-0.1075,34582.473,p,vis,Serkowski K,,",,D,Lich,AA 8.48,",
-33284,-0.1108,34600.59,s,pe,Kwee K K,,",,D,Lich,BAN 14.131,",
-33168,-0.1092,34637.795,s,pe,Brownlee R,,",,D,Lich,APJ 125.384,",
-33102,-0.1093,34658.8024,p,pe,Brownlee R,,",,D,Lich,APJ 125.384,",
-33096,-0.1088,34660.7272,p,pe,Brownlee R,,",,D,Lich,APJ 125.384,",
-33087,-0.1094,34663.773,s,pe,Brownlee R,,",,D,Lich,APJ 125.384,",
-33084,-0.108,34664.5766,p,pe,Brownlee R,,",,D,Lich,APJ 125.384,",
-33084,-0.1079,34664.7367,s,pe,Brownlee R,,",,D,Lich,APJ 125.384,",
-33081,-0.1092,34665.6976,s,pe,Brownlee R,,",,D,Lich,APJ 125.384,",
-33080,-0.11,34665.8575,p,pe,Brownlee R,,",,D,Lich,APJ 125.384,",
-33077,-0.108,34666.8216,p,pe,Brownlee R,,",,D,Lich,APJ 125.384,",
-33074,-0.1085,34667.7833,p,pe,Brownlee R,,",,D,Lich,APJ 125.384,",
-33071,-0.1089,34668.7451,p,pe,Brownlee R,,",,D,Lich,APJ 125.384,",
-33071,-0.109,34668.905,s,pe,Brownlee R,,",,D,Lich,BAN 14.136,",
-33034,-0.1091,34680.6115,p,pe,Brownlee R,,",,D,Lich,APJ 125.384,",
-33031,-0.109,34681.5737,p,pe,Brownlee R,,",,D,Lich,APJ 125.384,",
-33031,-0.1079,34681.7348,s,pe,Brownlee R,,",,D,Lich,APJ 125.384,",
-32115,-0.1103,34975.511,s,vis,Ginter J,,",,D,Lich,AA 8.48,",
-32112,-0.1105,34976.473,s,vis,Jun B,,,",,D,Lich,AA 8.48,"
-32105,-0.1075,34978.561,p,vis,Karlowicz M,,",,D,Lich,AA 8.48,",
-32103,-0.0979,34979.372,s,vis,Kruszewski A,,",,D,Lich,AA 8.48,",
-32102,-0.1027,34979.528,p,vis,Paczynski B,,",,D,Lich,AA 8.48,",
-32096,-0.108,34981.447,p,vis,Rudnicki K,,",,D,Lich,AA 8.48,",
-31924,-0.1056,35036.613,p,pe,Brownlee R,,",,D,Lich,APJ 125.384,",
-31921,-0.106,35037.5748,p,pe,Brownlee R,,",,D,Lich,APJ 125.384,",
-31921,-0.1058,35037.735,s,pe,Brownlee R,,",,D,Lich,APJ 125.384,",
-31912,-0.1091,35040.6182,s,pe,Brownlee R,,",,D,Lich,APJ 125.384,",
-31865,-0.1054,35055.5357,p,pe,Brownlee R,,",,D,Lich,APJ 125.384,",
-31865,-0.1066,35055.6945,s,pe,Brownlee R,,",,D,Lich,APJ 125.384,",
-31859,-0.1064,35057.619,s,pe,Brownlee R,,",,D,Lich,APJ 125.384,",
-31133,-0.0984,35290.469,s,vis,Rudolph R,,"D,0012,D,Lich,,",
-31002,-0.1036,35332.478,s,vis,Jahn A,,,"D,0012,D,Lich,,"
-31002,-0.1006,35332.481,s,vis,Rudolph R,,"D,0012,D,Lich,,",
-30999,-0.0927,35333.451,s,vis,Doerr F,,,"D,0012,D,Lich,,"
-30884,-0.1034,35370.323,s,vis,Rudolph R,,"D,0012,D,Lich,,",
-30871,-0.1058,35374.49,s,pe,Hinderer F,,",,D,Lich,JO 43.161,",
-30856,-0.1025,35379.304,s,vis,Rudolph R,,"D,0012,D,Lich,,",
-30855,-0.1035,35379.4638,p,pe,Hinderer F,,",,D,Lich,JO 43.161,",
-30855,-0.0923,35379.475,p,vis,Rudolph R,,"D,0012,D,Lich,,",
-30855,-0.0893,35379.478,p,vis,Doerr F,,,"D,0012,D,Lich,,"
-30824,-0.1095,35389.4,p,vis,Rudolph R,,"D,0012,D,Lich,,",
-30824,-0.1085,35389.401,p,vis,Doerr F,,,"D,0012,D,Lich,,"
-30821,-0.1034,35390.3683,p,pe,Hinderer F,,",,D,Lich,JO 43.161,",
-30821,-0.1051,35390.5266,s,pe,Hinderer F,,",,D,Lich,JO 43.161,",
-30706,-0.1044,35427.41,s,vis,Rudolph R,,"D,0012,D,Lich,,",
-30706,-0.1004,35427.414,s,vis,Doerr F,,,"D,0012,D,Lich,,"
-29960,-0.0948,35666.516,p,vis,Paczynski B,,",,D,Lich,AA 8.48,",
-29957,-0.0989,35667.474,p,vis,Paczynski B,,",,D,Lich,AA 8.48,",
-29857,-0.0978,35699.547,p,vis,Paczynski B,,",,D,Lich,AA 8.48,",
-29851,-0.1061,35701.463,p,vis,Paczynski B,,",,D,Lich,AA 8.48,",
-28969,-0.0933,35984.51,s,vis,Doerr F,,,"D,0012,D,Lich,,"
-28969,-0.0933,35984.51,s,vis,Rudolph R,,"D,0012,D,Lich,,",
-28966,-0.1024,35985.463,s,vis,Rudolph R,,"D,0012,D,Lich,,",
-28956,-0.1006,35988.512,p,vis,Quester W,,"D,0012,D,Lich,,",
-28956,-0.0996,35988.513,p,vis,Doerr F,,,"D,0012,D,Lich,,"
-28956,-0.0976,35988.515,p,vis,Rudolph R,,"D,0012,D,Lich,,",
-28803,-0.0997,36037.5829,p,pe,Broglia P,,",,D,Lich,MSAI 33.43,",
-28779,-0.1015,36045.4384,s,pe,Broglia P,,",,D,Lich,MSAI 33.43,",
-28778,-0.1001,36045.6005,p,pe,Broglia P,,",,D,Lich,MSAI 33.43,",
-28776,-0.1001,36046.402,s,pe,Broglia P,,",,D,Lich,MSAI 33.43,",
-28775,-0.0994,36046.5634,p,pe,Broglia P,,",,D,Lich,MSAI 33.43,",
-28769,-0.1001,36048.487,p,pe,Broglia P,,",,D,Lich,MSAI 33.43,",
-28769,-0.1001,36048.647,s,pe,Broglia P,,",,D,Lich,MSAI 33.43,",
-28766,-0.0999,36049.4493,p,pe,Broglia P,,",,D,Lich,MSAI 33.43,",
-28766,-0.1001,36049.6091,s,pe,Broglia P,,",,D,Lich,MSAI 33.43,",
-28763,-0.0999,36050.4115,p,pe,Broglia P,,",,D,Lich,MSAI 33.43,",
-28763,-0.1005,36050.5709,s,pe,Broglia P,,",,D,Lich,MSAI 33.43,",
-28694,-0.099,36072.542,p,vis,Rudolph R,,"D,0012,D,Lich,,",
-28694,-0.098,36072.543,p,vis,Quester W,,"D,0012,D,Lich,,",
-28694,-0.098,36072.543,p,vis,Doerr F,,,"D,0012,D,Lich,,"
-28691,-0.0962,36073.507,p,vis,Rudolph R,,"D,0012,D,Lich,,",
-28691,-0.0922,36073.511,p,vis,Doerr F,,,"D,0012,D,Lich,,"
-28685,-0.0995,36075.428,p,vis,Rudolph R,,"D,0012,D,Lich,,",
-28685,-0.0925,36075.435,p,vis,Braune W,,"D,0012,D,Lich,,",
-28670,-0.0913,36080.407,s,vis,Jahn A,,,"D,0012,D,Lich,,"
-28015,-0.0898,36290.3194,p,pg,Satanova E A,,",,D,Lich,PZ 13.272,",
-27662,-0.094,36403.529,p,vis,Rudolph R,,"D,0013,D,Lich,,",
-27659,-0.1002,36404.485,p,vis,Doerr F,,,"D,0013,D,Lich,,"
-27659,-0.0972,36404.488,p,vis,Rudolph R,,"D,0013,D,Lich,,",
-27488,-0.0861,36459.502,s,vis,Quester W,,"D,0013,D,Lich,,",
-27482,-0.0977,36461.4147,s,pe,Widorn T,,",,D,Lich,MWIE 11.1,",
-27479,-0.0985,36462.3761,s,pe,Widorn T,,",,D,Lich,MWIE 11.1,",
-27476,-0.0977,36463.3391,s,pe,Widorn T,,",,D,Lich,MWIE 11.1,",
-27423,-0.0988,36480.3361,s,pe,Widorn T,,",,D,Lich,MWIE 11.1,",
-26462,-0.0898,36788.556,s,pg,Mauder H,,",,D,Lich,VB 5.7,",
-26403,-0.0752,36807.493,s,pg,Mauder H,,",,D,Lich,VB 5.7,",
-26400,-0.0924,36808.438,s,pg,Mauder H,,",,D,Lich,VB 5.7,",
-26387,-0.1097,36812.43,p,pg,Mauder H,,",,D,Lich,VB 5.7,",
-26375,-0.0824,36816.466,s,pg,Mauder H,,",,D,Lich,VB 5.7,",
-26372,-0.0895,36817.421,s,pg,Mauder H,,",,D,Lich,VB 5.7,",
-26362,-0.0857,36820.472,p,pg,Mauder H,,",,D,Lich,VB 5.7,",
-26359,-0.0969,36821.423,p,pg,Mauder H,,",,D,Lich,VB 5.7,",
-26303,-0.0831,36839.397,p,pg,Mauder H,,",,D,Lich,VB 5.7,",
-26294,-0.1026,36842.424,s,pg,Mauder H,,",,D,Lich,VB 5.7,",
-26291,-0.1098,36843.379,s,pg,Mauder H,,",,D,Lich,VB 5.7,",
-26291,-0.0921,36843.3967,s,pe,Widorn T,,",,D,Lich,MWIE 11.1,",
-26288,-0.0919,36844.359,s,pe,Widorn T,,",,D,Lich,MWIE 11.1,",
-26285,-0.0831,36845.33,s,pg,Mauder H,,",,D,Lich,VB 5.7,",
-26278,-0.0915,36847.4066,p,pe,Widorn T,,",,D,Lich,MWIE 11.1,",
-26275,-0.0908,36848.3695,p,pe,Widorn T,,",,D,Lich,MWIE 11.1,",
-26275,-0.0853,36848.375,p,pg,Mauder H,,",,D,Lich,VB 5.7,",
-26272,-0.0994,36849.323,p,pg,Mauder H,,",,D,Lich,VB 5.7,",
-25277,-0.0848,37168.453,p,vis,Malecek B,,"C,0006,C,0006,,",
-25277,-0.0788,37168.459,p,vis,Kordylewski K,,"C,0006,C,0006,,",
-25274,-0.078,37169.422,p,vis,Kordylewski K,,"C,0006,C,0006,,",
-25265,-0.0775,37172.469,s,vis,Wild J,,,"C,0006,C,0006,,"
-25265,-0.0765,37172.47,s,vis,Oburka O,,"C,0006,C,0006,,",
-25265,-0.0705,37172.476,s,vis,Surda V,,,"C,0006,C,0006,,"
-25261,-0.0833,37173.746,s,pe,Bookmyer B B,,",,D,Lich,AJ 70.416,",
-25259,-0.0898,37174.381,s,vis,Pajak Z,,,",,D,Lich,EBC 1-32,"
-25258,-0.0875,37174.544,p,vis,Szeligiewicz E,,",,D,Lich,EBC 1-32,",
-25256,-0.0789,37175.354,s,vis,Szeligiewicz E,,",,D,Lich,EBC 1-32,",
-25256,-0.0739,37175.359,s,vis,Rodzinski J,,",,D,Lich,EBC 1-32,",
-25205,-0.0831,37191.7065,s,pe,Bookmyer B B,,",,D,Lich,AJ 70.416,",
-25201,-0.0824,37192.8301,p,pe,Muthsam,,,",,D,Lich,AAPS 13.131,"
-25195,-0.0816,37194.7552,p,pe,Muthsam,,,",,D,Lich,AAPS 13.131,"
-25195,-0.0829,37194.9139,s,pe,Muthsam,,,",,D,Lich,AAPS 13.131,"
-25187,-0.0795,37197.323,p,vis,Mazur M,,,",,D,Lich,EBC 1-32,"
-25187,-0.0645,37197.498,s,vis,Czerlunczakiewic,"K,0017,K,0017,AA 17.61,",,
-25174,-0.0834,37201.6485,s,pe,Muthsam,,,",,D,Lich,AAPS 13.131,"
-25170,-0.0822,37202.7726,p,pe,Muthsam,,,",,D,Lich,AAPS 13.131,"
-25115,-0.0823,37220.572,s,pe,Bookmyer B B,,",,D,Lich,AJ 70.416,",
-25114,-0.0815,37220.7335,p,pe,Bookmyer B B,,",,D,Lich,AJ 70.416,",
-25099,-0.0813,37225.5445,p,pe,Bookmyer B B,,",,D,Lich,AJ 70.416,",
-25099,-0.0819,37225.7039,s,pe,Bookmyer B B,,",,D,Lich,AJ 70.416,",
-25074,-0.0809,37233.5629,p,pe,Bookmyer B B,,",,D,Lich,AJ 70.416,",
-24996,-0.0804,37258.5795,p,pe,Bookmyer B B,,",,D,Lich,AJ 70.416,",
-24984,-0.0812,37262.5873,s,pe,Bookmyer B B,,",,D,Lich,AJ 70.416,",
-24807,-0.0868,37319.349,s,vis,Rudolph R,,"D,0015,D,Lich,,",
-24807,-0.0728,37319.363,s,vis,Lehmann P B,,"D,0015,D,Lich,,",
-24807,-0.0688,37319.367,s,vis,Gizinski R,,"D,0015,D,Lich,,",
-24788,-0.0834,37325.286,p,vis,Rudolph R,,"D,0015,D,Lich,,",
-24788,-0.0804,37325.289,p,vis,Quester W,,"D,0015,D,Lich,,",
-24788,-0.0804,37325.289,p,vis,Lehmann P B,,"D,0015,D,Lich,,",
-24788,-0.0794,37325.29,p,vis,Gizinski R,,"D,0015,D,Lich,,",
-24251,-0.0835,37497.512,p,vis,Navratil F,,"C,0006,C,0006,,",
-24251,-0.0765,37497.519,p,vis,Vagera J,,"C,0006,C,0006,,",
-24120,-0.0897,37539.52,p,vis,Drizek J,,"C,0006,C,0006,,",
-24114,-0.082,37541.452,p,vis,Oburka O,,"C,0006,C,0006,,",
-24111,-0.0802,37542.416,p,vis,Oburka O,,"C,0006,C,0006,,",
-24108,-0.0803,37543.378,p,vis,Oburka O,,"C,0006,C,0006,,",
-24067,-0.072,37556.6958,s,pe,Bookmyer B B,,",,D,Lich,AJ 70.416,",
-24039,-0.085,37565.503,p,vis,Gizinski R,,"D,0015,D,Lich,,",
-24039,-0.081,37565.507,p,vis,Lehmann P B,,"D,0015,D,Lich,,",
-24033,-0.0753,37567.437,p,vis,Braune W,,"D,0015,D,Lich,,",
-24033,-0.0753,37567.437,p,vis,Lehmann P B,,"D,0015,D,Lich,,",
-24017,-0.0719,37572.5719,p,pe,Bookmyer B B,,",,D,Lich,AJ 70.416,",
-24017,-0.071,37572.7328,s,pe,Bookmyer B B,,",,D,Lich,AJ 70.416,",
-24014,-0.0707,37573.6952,s,pe,Bookmyer B B,,",,D,Lich,AJ 70.416,",
-24001,-0.0715,37577.7038,p,pe,Bookmyer B B,,",,D,Lich,AJ 70.416,",
-23998,-0.0714,37578.666,p,pe,Bookmyer B B,,",,D,Lich,AJ 70.416,",
-23996,-0.0829,37579.456,s,vis,Schlink M,,"D,0015,D,Lich,,",
-23996,-0.0779,37579.461,s,vis,Lehmann P B,,"D,0015,D,Lich,,",
-23996,-0.0739,37579.465,s,vis,Gizinski R,,"D,0015,D,Lich,,",
-23996,-0.0699,37579.469,s,vis,Krueger P,,"D,0015,D,Lich,,",
-23986,-0.0611,37582.525,p,vis,Gizinski R,,"D,0015,D,Lich,,",
-23895,-0.0703,37611.7012,p,pe,Bookmyer B B,,",,D,Lich,AJ 70.416,",
-23886,-0.0701,37614.5879,p,pe,Bookmyer B B,,",,D,Lich,AJ 70.416,",
-23883,-0.0699,37615.5502,p,pe,Bookmyer B B,,",,D,Lich,AJ 70.416,",
-23871,-0.0706,37619.5582,s,pe,Bookmyer B B,,",,D,Lich,AJ 70.416,",
-23166,-0.0641,37845.5115,p,pe,Lang,,,",,D,Lich,BAC 17.22,"
-23163,-0.0638,37846.474,p,pe,Lang,,,",,D,Lich,BAC 17.22,"
-23163,-0.0578,37846.48,p,vis,Oburka O,,"C,0006,C,0006,,",
-23092,-0.0627,37869.4062,s,pe,Vetesnik,,",,D,Lich,BAC 17.22,",
-23085,-0.067,37871.4869,p,vis,Zelenka O,,"C,0006,C,0006,,",
-23085,-0.0635,37871.4904,p,pe,Lang,,,",,D,Lich,BAC 17.22,"
-23079,-0.0692,37873.409,p,vis,Vagera J,,"C,0006,C,0006,,",
-23079,-0.0662,37873.412,p,vis,Soucek E,,"C,0006,C,0006,,",
-23079,-0.0619,37873.4163,p,vis,Konecny L,,"C,0006,C,0006,,",
-23079,-0.0612,37873.417,p,vis,Polehna S,,"C,0006,C,0006,,",
-23079,-0.0612,37873.417,p,vis,Zalesak A,,"C,   0,C,   0,,",
-23079,-0.0602,37873.418,p,vis,Zidu J,,,"C,0006,C,0006,,"
-23073,-0.0628,37875.3397,p,pe,Kalchaev K,,",,D,Lich,PZ 16.440,",
-23073,-0.0631,37875.4994,s,pe,Vetesnik,,",,D,Lich,BAC 17.22,",
-23070,-0.0633,37876.3014,p,pe,Kalchaev K,,",,D,Lich,PZ 16.440,",
-23070,-0.0564,37876.4683,s,pe,Kalchaev K,,",,D,Lich,PZ 16.440,",
-23067,-0.0634,37877.4234,s,pe,Kalchaev K,,",,D,Lich,PZ 16.440,",
-23064,-0.0644,37878.3846,s,pe,Kalchaev K,,",,D,Lich,PZ 16.440,",
-23061,-0.0635,37879.3476,s,pe,Kalchaev K,,",,D,Lich,PZ 16.440,",
-23060,-0.0692,37879.5027,p,vis,Turkova L,,"C,   0,C,   0,,",
-23060,-0.0692,37879.5027,p,vis,Boldir J,,"C,   0,C,   0,,",
-23060,-0.0659,37879.506,p,vis,Vrany P,,,"C,0006,C,0006,,"
-23060,-0.0649,37879.507,p,vis,Schanel J,,"C,0006,C,0006,,",
-23060,-0.0622,37879.5097,p,pe,Vetesnik,,",,D,Lich,BAC 17.22,",
-23060,-0.0589,37879.513,p,vis,Brancik V,,"C,0006,C,0006,,",
-23060,-0.0559,37879.516,p,vis,Vagera J,,"C,0006,C,0006,,",
-23060,-0.0499,37879.522,p,vis,Kopecna M,,"C,0006,C,0006,,",
-23060,-0.0657,37879.6662,s,pe,Kalchaev K,,",,D,Lich,PZ 16.440,",
-23057,-0.067,37880.467,p,vis,Soucek E,,"C,0006,C,0006,,",
-23057,-0.066,37880.468,p,vis,Silhan J HK,,"C,0006,C,0006,,",
-23057,-0.062,37880.472,p,vis,Vrany P,,,"C,0006,C,0006,,"
-23057,-0.061,37880.473,p,vis,Schanel J,,"C,0006,C,0006,,",
-23057,-0.058,37880.476,p,vis,Pankova E,,"C,0006,C,0006,,",
-23057,-0.052,37880.482,p,vis,Neckarova M,,"C,0006,C,0006,,",
-23055,-0.0611,37881.2744,s,pe,Kalcheav K,,",,D,Lich,PZ 16.440,",
-23054,-0.0623,37881.4339,p,pe,Kalchaev K,,",,D,Lich,PZ 16.440,",
-23054,-0.0592,37881.437,p,vis,Silhan J HK,,"C,0006,C,0006,,",
-23054,-0.0562,37881.44,p,vis,Pankova E,,"C,0006,C,0006,,",
-23054,-0.0552,37881.441,p,vis,Soucek E,,"C,0006,C,0006,,",
-23054,-0.0522,37881.444,p,vis,Vrany P,,,"C,0006,C,0006,,"
-23051,-0.0643,37882.394,p,vis,Konecny L,,"C,0006,C,0006,,",
-23051,-0.0543,37882.404,p,vis,Zidu J,,,"C,0006,C,0006,,"
-23051,-0.0543,37882.404,p,vis,Zalesak A,,"C,0006,C,0006,,",
-23048,-0.0615,37883.359,p,pe,Kalchaev K,,",,D,Lich,PZ 16.440,",
-23042,-0.0629,37885.4419,s,pe,Kalchaev K,,",,D,Lich,PZ 16.440,",
-23039,-0.0625,37886.4045,s,pe,Vetesnik,,",,D,Lich,BAC 17.22,",
-23036,-0.062,37887.3671,s,pe,Vetesnik,,",,D,Lich,BAC 17.22,",
-23035,-0.0622,37887.5276,p,pe,Vetesnik,,",,D,Lich,BAC 17.22,",
-23026,-0.0619,37890.4144,p,pe,Vetesnik,,",,D,Lich,BAC 17.22,",
-23004,-0.0623,37897.4698,p,pe,Vetesnik,,",,D,Lich,BAC 17.22,",
-23001,-0.0643,37898.43,p,vis,Flin P,,,",,D,Lich,AA 17.61,"
-23001,-0.0613,37898.433,p,vis,Szeligiewicz E,,",,D,Lich,AA 17.61,",
-23001,-0.0593,37898.435,p,vis,Lubowiecka T,,",,D,Lich,AA 17.61,",
-23001,-0.0523,37898.442,p,vis,Czerlunczakiewic,"K,0017,K,0017,AA 17.61,",,
-22986,-0.0617,37903.4034,s,pe,Vetesnik,,",,D,Lich,BAC 17.22,",
-22982,-0.0679,37904.52,p,vis,Betak E,,,"C,0006,C,0006,,"
-22982,-0.0666,37904.5213,p,vis,Konecny L,,"C,0006,C,0006,,",
-22980,-0.0234,37905.366,s,vis,Aslan Zeki,,",,D,Lich,AN 288.71,",
-22980,-0.0224,37905.367,s,vis,Kizilirmak A,,",,D,Lich,AN 288.71,",
-22980,-0.0224,37905.367,s,vis,Yavuz I,,,",,D,Lich,AN 288.71,"
-22979,-0.0631,37905.487,p,vis,Zelenka O,,"C,0006,C,0006,,",
-22979,-0.0629,37905.4872,p,vis,Betak E,,,"C,0006,C,0006,,"
-22979,-0.058,37905.4921,p,vis,Konecny L,,"C,0006,C,0006,,",
-22944,-0.06,37916.7153,p,pe,Chou K C,,",,D,Lich,AJ 68.342,",
-22942,-0.0507,37917.366,p,vis,Solc I,,,"C,0006,C,0006,,"
-22935,-0.0614,37919.7603,s,pe,Chou K C,,",,D,Lich,AJ 68.342,",
-22923,-0.0594,37923.451,p,vis,Braune W,,"D,0015,D,Lich,,",
-22923,-0.0574,37923.453,p,vis,Dueball J,,"D,0015,D,Lich,,",
-22923,-0.0564,37923.454,p,vis,Masuch J,,"D,0015,D,Lich,,",
-22923,-0.0564,37923.454,p,vis,Blume K,,,"D,0015,D,Lich,,"
-22913,-0.0617,37926.6559,p,pe,Chou K C,,",,D,Lich,AJ 68.342,",
-22913,-0.0637,37926.8139,s,pe,Chou K C,,",,D,Lich,AJ 68.342,",
-22904,-0.0632,37929.7008,s,pe,Chou K C,,",,D,Lich,AJ 68.342,",
-22903,-0.062,37929.8627,p,pe,Chou K C,,",,D,Lich,AJ 68.342,",
-22892,-0.0697,37933.383,p,vis,Silhan J HK,,"C,0006,C,0006,,",
-22892,-0.0617,37933.391,p,vis,Masuch J,,"D,0015,D,Lich,,",
-22892,-0.0587,37933.394,p,vis,Braune W,,"D,0015,D,Lich,,",
-22892,-0.0577,37933.395,p,vis,Schanel J,,"C,0006,C,0006,,",
-22889,-0.0668,37934.348,p,vis,Silhan J HK,,"C,0006,C,0006,,",
-22889,-0.0608,37934.354,p,vis,Vrany P,,,"C,0006,C,0006,,"
-22889,-0.0588,37934.356,p,vis,Soucek E,,"C,0006,C,0006,,",
-22889,-0.0518,37934.363,p,vis,Solc I,,,"C,0006,C,0006,,"
-22873,-0.0593,37939.487,p,vis,Zelenka O,,"C,0006,C,0006,,",
-22870,-0.0765,37940.432,p,vis,Cihal R,,,"C,   0,C,   0,,"
-22870,-0.0745,37940.434,p,vis,Soucek E,,"C,0006,C,0006,,",
-22870,-0.0735,37940.435,p,vis,Pankova E,,"C,   0,C,   0,,",
-22870,-0.0725,37940.436,p,vis,Cihal R,,,"C,0006,C,0006,,"
-22870,-0.0666,37940.6019,s,pe,Chou K C,,",,D,Lich,AJ 68.342,",
-22867,-0.0615,37941.4091,p,pe,Lang,,,",,D,Lich,BAC 17.22,"
-22858,-0.0631,37944.454,s,vis,Braune W,,"D,0015,D,Lich,,",
-22858,-0.0621,37944.455,s,vis,Jungbluth H,,"D,0015,D,Lich,,",
-22858,-0.0611,37944.456,s,vis,Reichert J,,"D,0015,D,Lich,,",
-22855,-0.0623,37945.417,s,vis,Jungbluth H,,"D,0015,D,Lich,,",
-22855,-0.0603,37945.419,s,vis,Reichert J,,"D,0015,D,Lich,,",
-22849,-0.0596,37947.344,s,vis,Masuch J,,"D,0015,D,Lich,,",
-22849,-0.0586,37947.345,s,vis,Braune W,,"D,0015,D,Lich,,",
-22848,-0.0563,37947.508,p,vis,Znojil V,,"C,0006,C,0006,,",
-22846,-0.0567,37948.309,s,vis,Braune W,,"D,0015,D,Lich,,",
-22846,-0.0527,37948.313,s,vis,Dueball J,,"D,0015,D,Lich,,",
-22845,-0.0594,37948.467,p,vis,Znojil V,,"C,0006,C,0006,,",
-22827,-0.0634,37954.396,s,vis,Jungbluth H,,"D,0015,D,Lich,,",
-22827,-0.0624,37954.397,s,vis,Reichert J,,"D,0015,D,Lich,,",
-22823,-0.0783,37955.504,p,vis,Znojil V,,"C,   0,C,   0,,",
-22811,-0.0719,37959.359,p,vis,Solc I,,,"C,0006,C,0006,,"
-22811,-0.0604,37959.3705,p,pe,Lang,,,",,D,Lich,BAC 17.22,"
-22808,-0.072,37960.321,p,vis,Zdarsky F,,"C,0006,C,0006,,",
-22808,-0.066,37960.327,p,vis,Carbol K,,"C,0006,C,0006,,",
-22805,-0.0622,37961.293,p,vis,Zdarsky F,,"C,0006,C,0006,,",
-22805,-0.0612,37961.294,p,pe,Lang,,,",,D,Lich,BAC 17.22,"
-22680,-0.0871,38001.358,p,vis,Zdarsky F,,"C,0006,C,0006,,",
-22677,-0.0702,38002.337,p,vis,Zdarsky F,,"C,0006,C,0006,,",
-21978,-0.0808,38226.509,p,vis,Novotny M,,"C,   0,C,   0,,",
-21978,-0.0778,38226.512,p,vis,Brat K,,,"C,   0,C,   0,,"
-21978,-0.0748,38226.515,p,vis,Zdarsky F,,"C,0006,C,0006,,",
-21978,-0.0738,38226.516,p,vis,Cihal R,,,"C,0006,C,0006,,"
-21975,-0.086,38227.466,p,vis,Cihal R,,,"C,   0,C,   0,,"
-21975,-0.082,38227.47,p,vis,Novotny M,,"C,   0,C,   0,,",
-21975,-0.082,38227.47,p,vis,Cihal R,,,"C,   0,C,   0,,"
-21975,-0.08,38227.472,p,vis,Brat K,,,"C,   0,C,   0,,"
-21975,-0.079,38227.473,p,vis,Zdarsky F,,"C,   0,C,   0,,",
-21975,-0.078,38227.474,p,vis,Svitek L,,"C,   0,C,   0,,",
-21975,-0.054,38227.498,p,vis,Kavan M.,,"C,0006,C,0006,,",
-21975,-0.052,38227.5,p,vis,Betak E,,,"C,0006,C,0006,,"
-21975,-0.0504,38227.5016,p,vis,Hekela J,,"C,   0,C,   0,,",
-21975,-0.049,38227.503,p,vis,Maerz J,,,"C,0006,C,0006,,"
-21975,-0.048,38227.504,p,vis,Greger C,,"C,0006,C,0006,,",
-21972,-0.0651,38228.449,p,vis,Greger C,,"C,0006,C,0006,,",
-21972,-0.0571,38228.457,p,vis,Dedourek Z,,"C,0006,C,0006,,",
-21972,-0.0551,38228.459,p,vis,Betak E,,,"C,0006,C,0006,,"
-21972,-0.0551,38228.459,p,vis,Maerz J,,,"C,0006,C,0006,,"
-21972,-0.0521,38228.462,p,vis,Rausal Karel,,"C,0006,C,0006,,",
-21972,-0.0501,38228.464,p,vis,Paschke Anton,,"C,0006,C,0006,,",
-21972,-0.0481,38228.466,p,vis,Gross J,,,"C,0006,C,0006,,"
-21972,-0.0481,38228.466,p,vis,Kavan M.,,"C,0006,C,0006,,",
-21969,-0.0563,38229.42,p,vis,Blazek Z,,"C,0006,C,0006,,",
-21966,-0.0564,38230.382,p,vis,Blanda I,,"C,0006,C,0006,,",
-21963,-0.0596,38231.501,s,vis,Binko D,,,"C,0006,C,0006,,"
-21963,-0.0587,38231.5019,s,vis,Polehna S,,"C,   0,C,   0,,",
-21963,-0.0587,38231.5019,s,vis,Greger,,,"C,   0,C,   0,,"
-21960,-0.0698,38232.453,s,vis,Blanda I,,"C,0006,C,0006,,",
-21960,-0.0678,38232.455,s,vis,Hromada F,,"C,0006,C,0006,,",
-21960,-0.0628,38232.46,s,vis,Oburka O,,"C,0006,C,0006,,",
-21960,-0.0578,38232.465,s,vis,Simkova D,,"C,0006,C,0006,,",
-21960,-0.0558,38232.467,s,vis,Maerz J,,,"C,0006,C,0006,,"
-21960,-0.0528,38232.47,s,vis,Paschke Anton,,"C,0006,C,0006,,",
-21950,-0.069,38235.501,p,vis,Blanda I,,"C,0006,C,0006,,",
-21950,-0.0549,38235.515,p,vis,Betak E,,,"C,0006,C,0006,,"
-21950,-0.0529,38235.517,p,vis,Kacetl J,,"C,0006,C,0006,,",
-21950,-0.0529,38235.517,p,vis,Simkova D,,"C,0006,C,0006,,",
-21950,-0.052,38235.518,p,V,Pohl E,,,"I,0198,I,0198,,"
-21950,-0.052,38235.518,p,vis,Velebova V,,"C,0006,C,0006,,",
-21950,-0.0509,38235.519,p,vis,Smat F,,,"C,0006,C,0006,,"
-21950,-0.0509,38235.519,p,vis,Andel J,,,"C,0006,C,0006,,"
-21950,-0.0459,38235.524,p,vis,Neckarova M,,"C,0006,C,0006,,",
-21947,-0.0551,38236.477,p,vis,Betak E,,,"C,0006,C,0006,,"
-21944,-0.0513,38237.443,p,vis,Orlovius V,,",,D,Lich,AN 288.71,",
-21935,-0.0497,38240.491,s,vis,Fernandes Mario,,"D,0018,D,Lich,,",
-21919,-0.0512,38245.461,p,vis,Matlova A,,"C,0006,C,0006,,",
-21919,-0.0502,38245.462,p,vis,Betak E,,,"C,0006,C,0006,,"
-21897,-0.0551,38252.513,p,vis,Matlova A,,"C,0006,C,0006,,",
-21897,-0.0551,38252.513,p,vis,Betak E,,,"C,0006,C,0006,,"
-21894,-0.0522,38253.478,p,vis,Slowik A,,",,D,Lich,AA 17.62,",
-21894,-0.0512,38253.479,p,vis,Dmochowska A,,",,D,Lich,AA 17.62,",
-21894,-0.0482,38253.482,p,vis,Flin P,,,",,D,Lich,AA 17.62,"
-21894,-0.0462,38253.484,p,vis,Betak E,,,"C,0006,C,0006,,"
-21888,-0.0575,38255.397,p,vis,Matlova A,,"C,0006,C,0006,,",
-21888,-0.0505,38255.404,p,vis,Betak E,,,"C,0006,C,0006,,"
-21788,-0.0604,38287.466,p,vis,Cihal R,,,"C,0006,C,0006,,"
-21788,-0.0564,38287.47,p,vis,Klimova Simona,,"C,0006,C,0006,,",
-21701,-0.052,38315.377,p,vis,Zdarsky F,,"C,0006,C,0006,,",
-21701,-0.047,38315.382,p,vis,Bode H,,,",,D,Lich,AN 288.71,"
-21701,-0.045,38315.384,p,vis,Becker W,,",,D,Lich,AN 288.71,",
-21679,-0.0728,38322.412,p,vis,Zdarsky F,,"C,0006,C,0006,,",
-21679,-0.0698,38322.415,p,vis,Brat K,,,"C,0006,C,0006,,"
-21679,-0.0428,38322.442,p,vis,Orlovius V,,",,D,Lich,AN 288.71,",
-21676,-0.074,38323.373,p,vis,Zdarsky F,,"C,0006,C,0006,,",
-20865,-0.0611,38583.489,p,vis,Soucek E,,"C,0006,C,0006,,",
-20834,-0.0494,38593.443,p,vis,Betak E,,,"C,0006,C,0006,,"
-20766,-0.0482,38615.413,s,vis,Betak E,,,"C,0006,C,0006,,"
-20750,-0.0468,38620.386,p,vis,Soucek E,,"C,0006,C,0006,,",
-20681,-0.0583,38642.5041,p,vis,Vratnik A,,"C,   0,C,   0,,",
-20622,-0.0388,38661.446,p,vis,Marx H,,,"D,0018,D,Lich,,"
-20594,-0.0435,38670.4214,p,pe,Lang,,,",,D,Lich,BAC 17.22,"
-20591,-0.0431,38671.384,p,vis,Bode H,,,",,D,Lich,AN 289.192,"
-20476,-0.0388,38708.271,p,V,Krausser P,,"I,0198,D,Lich,AN 289.192,",
-20473,-0.0389,38709.393,s,V,Krausser P,,"I,0198,D,Lich,AN 289.192,",
-19749,-0.0285,38941.444,p,vis,Braune W,,"D,0018,D,Lich,,",
-19737,-0.0351,38945.446,s,vis,Braune W,,"D,0018,D,Lich,,",
-19737,-0.0291,38945.452,s,vis,Huebscher J,,"D,0018,D,Lich,,",
-19729,-0.0278,38947.859,p,vis,Mueller H J,,"D,0018,D,Lich,,",
-19674,-0.0534,38965.473,p,vis,Oburka O,,"C,0005,C,0005,,",
-19674,-0.0294,38965.497,p,vis,Hedbavny L,,"C,0005,C,0005,,",
-19667,-0.0314,38967.74,p,vis,Williams D,,"A,0006,I,0111,,",
-19661,-0.0327,38969.663,p,vis,Williams D,,"A,0006,I,0111,,",
-19653,-0.0275,38972.394,s,vis,Braune W,,"D,0018,D,Lich,,",
-19646,-0.0415,38974.465,p,vis,Lehmann P B,,"D,0018,D,Lich,,",
-19646,-0.0375,38974.469,p,vis,Braune W,,"D,0018,D,Lich,,",
-19618,-0.0247,38983.462,p,vis,Braune W,,"D,0018,D,Lich,,",
-19615,-0.0328,38984.416,p,vis,Braune W,,"D,0018,D,Lich,,",
-19615,-0.0268,38984.422,p,vis,Dueball J,,"D,0018,D,Lich,,",
-19589,-0.0275,38992.76,p,vis,Monske R,,"A,0007,I,0114,,",
-19586,-0.0387,38993.711,p,vis,Hering T,,"A,0007,I,0114,,",
-19580,-0.028,38995.646,p,vis,Hering T,,"A,0007,I,0114,,",
-19577,-0.0291,38996.607,p,vis,Hering T,,"A,0007,I,0114,,",
-19558,-0.0328,39002.697,p,vis,Monske R,,"A,0007,I,0114,,",
-19519,-0.0238,39015.374,s,vis,Peter H,,,"B,...2,D,0018,,"
-19494,-0.0268,39023.389,s,vis,Comello G,,"A,0009,I,0114,IBVS 0129,",
-19493,-0.0305,39023.546,p,vis,Comello G,,"A,0009,I,0114,IBVS 0129,",
-19487,-0.0308,39025.47,p,vis,Frank Peter,,"D,0023,D,Lich,,",
-19474,-0.0242,39029.646,p,vis,Monske R,,"A,0008,I,0119,,",
-19463,-0.0281,39033.33,s,vis,Braune W,,"D,0018,D,Lich,,",
-19452,-0.025,39036.701,p,vis,Monske R,,"A,0008,I,0119,,",
-19446,-0.0253,39038.625,p,vis,Hering T,,"A,0008,I,0119,,",
-19444,-0.0311,39039.4207,s,pe,Rucinski S M,,",,D,Lich,AA 18.54,",
-19441,-0.03,39040.3839,s,pe,Rucinski S M,,",,D,Lich,AA 18.54,",
-19438,-0.0303,39041.3458,s,pe,Rucinski S M,,",,D,Lich,AA 18.54,",
-19437,-0.0293,39041.5075,p,pe,Rucinski S M,,",,D,Lich,AA 18.54,",
-19418,-0.0255,39047.605,p,vis,Monske R,,"A,0008,I,0119,,",
-19405,-0.0238,39051.776,p,vis,Monske R,,"A,0008,I,0119,,",
-19399,-0.0261,39053.698,p,vis,Monske R,,"A,0008,I,0119,,",
-19381,-0.0291,39059.468,p,V,Mueller S,,"I,0198,I,0198,AN 289.192,",
-19376,-0.0127,39061.248,s,vis,Seidl M,,,"D,0018,D,Lich,,"
-19375,-0.0294,39061.392,p,vis,Seidl M,,,"D,0018,D,Lich,,"
-19372,-0.0295,39062.354,p,vis,Seidl M,,,"D,0018,D,Lich,,"
-19371,-0.0263,39062.678,p,vis,Monske R,,"A,0008,I,0119,,",
-19369,-0.0307,39063.315,p,vis,Seidl M,,,"D,0018,D,Lich,,"
-19368,-0.0294,39063.637,p,vis,Monske R,,"A,0008,I,0119,,",
-19365,-0.0266,39064.602,p,vis,Monske R,,"A,0008,I,0119,,",
-19349,-0.0231,39069.737,p,vis,Monske R,,"A,0009,I,0129,,",
-19346,-0.0272,39070.695,p,vis,Monske R,,"A,0009,I,0129,,",
-19334,-0.0259,39074.545,p,vis,Monske R,,"A,0009,I,0129,,",
-19318,-0.0274,39079.675,p,vis,Monske R,,"A,0009,I,0129,,",
-19306,-0.027,39083.524,p,vis,Monske R,,"A,0009,I,0129,,",
-19287,-0.0256,39089.619,p,vis,Monske R,,"A,0009,I,0129,,",
-19265,-0.0235,39096.677,p,vis,Monske R,,"A,0009,I,0129,,",
-19215,-0.0244,39112.712,p,vis,Swanberg R,,"A,0009,I,0129,,",
-19203,-0.023,39116.562,p,vis,Monske R,,"A,0009,I,0129,,",
-19200,-0.0302,39117.517,p,vis,Monske R,,"A,0009,I,0129,,",
-18560,-0.0184,39322.789,p,vis,Swanberg R,,"A,0010,I,0154,,",
-18557,-0.0215,39323.748,p,vis,Swanberg R,,"A,0010,I,0154,,",
-18535,-0.0233,39330.802,p,vis,Swanberg R,,"A,0010,I,0154,,",
-18520,-0.0231,39335.773,s,vis,Swanberg R,,"A,0011,I,0180,,",
-18491,-0.027,39344.91,p,vis,Loring D,,"A,0011,I,0180,,",
-18479,-0.0196,39348.766,p,vis,Swanberg R,,"A,0011,I,0180,,",
-18476,-0.0188,39349.729,p,vis,Baldwin Marvin,,"A,0011,I,0180,,",
-18467,-0.0222,39352.772,s,vis,Swanberg R,,"A,0011,I,0180,,",
-18381,-0.0151,39380.361,s,vis,Peter H,,,"B,...6,B,...6,Ori 100,"
-18380,-0.0128,39380.524,p,vis,Maerz J,,,"C,0009,C,0009,,"
-18377,-0.0179,39381.481,p,vis,Maerz J,,,"C,0009,C,0009,,"
-18371,-0.0123,39383.411,p,vis,Peter H,,,"B,...6,B,...6,Ori 100,"
-18359,-0.0229,39387.409,s,vis,Braune W,,"D,0023,D,Lich,,",
-18352,-0.0169,39389.5,p,vis,Braune W,,"D,0023,D,Lich,,",
-18346,-0.0162,39391.425,p,vis,Seidl M,,,"D,0023,D,Lich,,"
-18343,-0.0144,39392.389,p,vis,Peter H,,,"B,...6,B,...6,Ori 100,"
-18341,-0.0192,39393.1856,s,pe,Rucinski S M,,",,D,Lich,AA 18.54,",
-18340,-0.0183,39393.3472,p,pe,Rucinski S M,,",,D,Lich,AA 18.54,",
-18340,-0.0165,39393.349,p,vis,Peter H,,,"B,...6,B,...6,Ori 100,"
-18331,-0.013,39396.399,s,vis,Marx H,,,"D,0023,D,Lich,,"
-18328,-0.0132,39397.361,s,vis,Peter H,,,"B,...6,B,...6,Ori 100,"
-18309,-0.0128,39403.455,s,vis,Huebscher J,,"D,0023,D,Lich,,",
-18309,-0.0098,39403.458,s,vis,Braune W,,"D,0023,D,Lich,,",
-18306,0.018,39404.288,p,vis,Seidl M,,,"D,0023,D,Lich,,"
-18303,-0.0291,39405.363,s,vis,Braune W,,"D,0023,D,Lich,,",
-18303,-0.0251,39405.367,s,vis,Huebscher J,,"D,0023,D,Lich,,",
-18300,-0.0223,39406.332,s,vis,Eckert W,,"D,0023,D,Lich,,",
-18300,-0.0213,39406.333,s,vis,Braune W,,"D,0023,D,Lich,,",
-18300,-0.0213,39406.333,s,vis,Huebscher J,,"D,0023,D,Lich,,",
-18297,-0.0175,39407.299,s,vis,Seidl M,,,"D,0023,D,Lich,,"
-18271,-0.0202,39415.635,s,vis,Locher Kurt,,"B,...6,B,...6,Ori 100,",
-18269,-0.0166,39416.28,s,vis,Peter H,,,"B,...6,B,...6,Ori 100,"
-18268,-0.0153,39416.442,p,vis,Locher Kurt,,"B,...6,B,...6,Ori 100,",
-18236,-0.0153,39426.705,p,vis,Baldwin Marvin,,"A,0011,I,0180,,",
-18227,-0.0158,39429.591,p,vis,Baldwin Marvin,,"A,0011,I,0180,,",
-18227,-0.0148,39429.592,p,vis,Monske R,,"A,0011,I,0180,,",
-18218,-0.0153,39432.638,s,vis,Baldwin Marvin,,"A,0011,I,0180,,",
-18215,-0.0174,39433.598,s,vis,Baldwin Marvin,,"A,0011,I,0180,,",
-18212,-0.0256,39434.552,s,vis,Monske R,,"A,0011,I,0180,,",
-18208,-0.0144,39435.686,p,vis,Baldwin Marvin,,"A,0011,I,0180,,",
-18205,-0.0196,39436.643,p,vis,Monske R,,"A,0011,I,0180,,",
-18205,-0.0166,39436.646,p,vis,Baldwin Marvin,,"A,0011,I,0180,,",
-18184,-0.0167,39443.381,p,V,Pohl E,,,"I,0198,I,0198,AN 291.112,"
-18177,-0.0197,39445.623,p,vis,Chapman F,,"A,0011,I,0180,,",
-18165,-0.0214,39449.63,s,vis,Chapman F,,"A,0011,I,0180,,",
-18159,-0.0107,39451.565,s,vis,Monske R,,"A,0012,I,0221,,",
-18122,-0.0163,39463.426,s,vis,Locher Kurt,,"B,...6,B,...6,Ori 100,",
-18105,-0.0185,39468.716,p,vis,Swanberg R,,"A,0012,I,0221,,",
-18102,-0.0187,39469.678,p,vis,Chapman F,,"A,0012,I,0221,,",
-18078,-0.0139,39477.38,p,vis,Locher Kurt,,"B,...6,B,...6,Ori 100,",
-17901,-0.0222,39534.299,s,vis,Locher Kurt,,"B,...6,B,...6,Ori 100,",
-17503,0.0017,39661.809,p,vis,Anderson Carl,,"A,0015,A,0015,AVSJ 3.61,",
-17492,-0.0113,39665.484,s,vis,Locher Kurt,,"B,...8,B,...8,Ori 103,",
-17478,-0.0023,39669.823,p,vis,Anderson Carl,,"A,0015,A,0015,AVSJ 3.61,",
-17476,-0.0118,39670.455,p,vis,Locher Kurt,,"B,...8,B,...8,Ori 103,",
-17476,-0.0104,39670.4564,p,pe,Bickel,,,",,D,Lich,AN 291.112,"
-17473,-0.0109,39671.418,p,vis,Kizilirmak A,,",,D,Lich,AN 291.113,",
-17473,-0.0109,39671.418,p,vis,Locher Kurt,,"B,...8,B,...8,Ori 103,",
-17467,-0.0222,39673.491,s,vis,Locher Kurt,,"B,...8,B,...8,Ori 103,",
-17463,-0.0161,39674.78,s,vis,Baldwin Marvin,,"A,0013,I,0247,,",
-17460,-0.0143,39675.744,s,vis,Baldwin Marvin,,"A,0013,I,0247,,",
-17447,-0.0076,39679.76,p,vis,Baldwin Marvin,,"A,0013,I,0247,,",
-17425,-0.0124,39686.811,p,vis,Baldwin Marvin,,"A,0013,I,0247,,",
-17401,-0.0107,39694.67,s,vis,Baldwin Marvin,,"A,0013,I,0247,,",
-17379,-0.0105,39701.726,s,vis,Baldwin Marvin,,"A,0013,I,0247,,",
-17360,-0.0092,39707.661,p,vis,Baldwin Marvin,,"A,0013,I,0247,,",
-17342,-0.0041,39713.439,p,vis,Gueduer N,,",,D,Lich,AN 291.113,",
-17326,-0.0166,39718.558,p,vis,Kurutac M,,",,D,Lich,AN 291.113,",
-17286,-0.0094,39731.394,p,vis,Locher Kurt,,"B,...8,B,...8,Ori 103,",
-17285,-0.0171,39731.707,p,vis,Chapman F,,"A,0015,A,0015,AVSJ 3.61,",
-17282,-0.0182,39732.668,p,vis,Chapman F,,"A,0015,A,0015,AVSJ 3.61,",
-17266,-0.0137,39737.804,p,vis,Baldwin Marvin,,"A,0013,I,0247,,",
-17223,-0.0127,39751.596,p,vis,Blake H,,,"A,0013,I,0247,,"
-17220,-0.0098,39752.561,p,vis,Blake H,,,"A,0013,I,0247,,"
-17207,-0.0082,39756.732,p,vis,Swanberg R,,"A,0013,I,0247,,",
-17204,-0.0073,39757.695,p,vis,Baldwin Marvin,,"A,0013,I,0247,,",
-17195,-0.0109,39760.7379,s,pe,Stepien K,,",,D,Lich,AA 30.318,",
-17192,-0.005,39761.706,s,vis,Baldwin Marvin,,"A,0013,I,0247,,",
-17189,-0.0051,39762.668,s,vis,Baldwin Marvin,,"A,0013,I,0247,,",
-17183,-0.0194,39764.578,s,vis,Chapman F,,"A,0013,I,0247,,",
-17176,-0.0185,39766.664,p,vis,Chapman F,,"A,0013,I,0247,,",
-17164,-0.0151,39770.676,s,vis,Swanberg R,,"A,0013,I,0247,,",
-17160,-0.0097,39771.8043,p,pe,Stepien K,,",,D,Lich,AA 30.318,",
-17157,-0.0091,39772.767,p,vis,Baldwin Marvin,,"A,0015,A,0015,AVSJ 3.61,",
-17149,-0.0099,39775.332,p,vis,Locher Kurt,,"B,...9,B,...9,Ori 104,",
-17146,-0.012,39776.292,p,vis,Braune W,,"D,0023,D,Lich,,",
-17146,-0.01,39776.294,p,vis,Locher Kurt,,"B,...9,B,...9,Ori 104,",
-17146,-0.004,39776.3,p,vis,Huebscher J,,"D,0023,D,Lich,,",
-17146,0.004,39776.308,p,vis,Eckert W,,"D,0023,D,Lich,,",
-17134,-0.0097,39780.303,s,vis,Locher Kurt,,"B,...9,B,...9,Ori 104,",
-17124,-0.0208,39783.339,p,vis,Germann R,,"B,...9,B,...9,Ori 104,",
-17092,-0.0189,39793.604,p,vis,Chapman F,,"A,0015,A,0015,AVSJ 3.61,",
-17092,-0.0109,39793.612,p,vis,Livingstone D,,"A,0015,A,0015,AVSJ 3.61,",
-17089,-0.017,39794.568,p,vis,Chapman F,,"A,0015,A,0015,AVSJ 3.61,",
-17074,-0.0078,39799.548,s,vis,Bortle J,,"A,0015,A,0015,AVSJ 3.61,",
-17073,-0.0045,39799.712,p,vis,Swanberg R,,"A,0015,A,0015,AVSJ 3.61,",
-17070,-0.0067,39800.672,p,vis,Baldwin Marvin,,"A,0015,A,0015,AVSJ 3.61,",
-17067,-0.0148,39801.626,p,vis,Dobkowski A,,"A,0015,A,0015,AVSJ 3.61,",
-17067,-0.0058,39801.635,p,vis,Baldwin Marvin,,"A,0015,A,0015,AVSJ 3.61,",
-17061,-0.0111,39803.554,p,vis,Bortle J,,"A,0015,A,0015,AVSJ 3.61,",
-17059,-0.0256,39804.341,s,vis,Germann R,,"B,...9,B,...9,Ori 104,",
-17039,-0.004,39810.617,p,vis,Bortle J,,"A,0015,A,0015,AVSJ 3.61,",
-17024,-0.0177,39815.574,s,vis,Livingstone D,,"A,0015,A,0015,AVSJ 3.61,",
-17024,-0.0117,39815.58,s,vis,Chapman F,,"A,0015,A,0015,AVSJ 3.61,",
-17008,-0.0122,39820.551,p,vis,Bortle J,,"A,0015,A,0015,AVSJ 3.61,",
-17005,-0.0104,39821.675,s,vis,Baldwin Marvin,,"A,0015,A,0015,AVSJ 3.61,",
-17002,-0.0096,39822.638,s,vis,Bortle J,,"A,0015,A,0015,AVSJ 3.61,",
-16999,-0.0077,39823.602,s,vis,Baldwin Marvin,,"A,0015,A,0015,AVSJ 3.61,",
-16989,-0.0119,39826.645,p,vis,Chapman F,,"A,0015,A,0015,AVSJ 3.61,",
-16989,-0.0069,39826.65,p,vis,Baldwin Marvin,,"A,0015,A,0015,AVSJ 3.61,",
-16980,-0.0054,39829.538,p,vis,Bortle J,,"A,0015,A,0015,AVSJ 3.61,",
-16980,-0.0144,39829.689,s,vis,Chapman F,,"A,0015,A,0015,AVSJ 3.61,",
-16980,-0.0094,39829.694,s,vis,Bortle J,,"A,0015,A,0015,AVSJ 3.61,",
-16933,-0.0072,39844.61,p,vis,Bortle J,,"A,0015,A,0015,AVSJ 3.61,",
-16930,-0.0103,39845.569,p,vis,Livingstone D,,"A,0015,A,0015,AVSJ 3.61,",
-16930,-0.0093,39845.57,p,vis,Bortle J,,"A,0015,A,0015,AVSJ 3.61,",
-16915,-0.0311,39850.359,p,vis,Germann R,,"B,..10,B,..10,Ori 105,",
-16911,-0.006,39851.667,p,vis,Baldwin Marvin,,"A,0015,A,0015,AVSJ 3.61,",
-16902,-0.0115,39854.708,s,vis,Peterson H,,"A,0015,A,0015,AVSJ 3.61,",
-16899,-0.0006,39855.681,s,vis,Peterson H,,"A,0015,A,0015,AVSJ 3.61,",
-16886,0,39859.691,p,vis,Baldwin Marvin,,"A,0015,A,0015,AVSJ 3.61,",
-16880,-0.0063,39861.609,p,vis,Bortle J,,"A,0015,A,0015,AVSJ 3.61,",
-16874,-0.0096,39863.53,p,vis,Bortle J,,"A,0015,A,0015,AVSJ 3.61,",
-16812,-0.0082,39883.576,s,vis,Dobkowski A,,"A,0015,A,0015,AVSJ 3.61,",
-16800,-0.0168,39887.256,p,vis,Germann R,,"B,..10,B,..10,Ori 105,",
-16338,-0.0226,40035.4224,p,pe,Gueduer N,,"I,0456,I,0456,,",
-16272,-0.0004,40056.772,s,vis,Baldwin Marvin,,"A,0015,A,0015,AVSJ 3.62,",
-16271,0.0068,40056.94,p,vis,Cragg T,,,"A,0015,A,0015,AVSJ 3.62,"
-16265,-0.0035,40058.854,p,vis,Baldwin Marvin,,"A,0015,A,0015,AVSJ 3.62,",
-16263,-0.0019,40059.657,s,vis,Lucas D,,,"A,0015,A,0015,AVSJ 3.62,"
-16260,-0.0091,40060.452,p,vis,Sedzielkowski W,,",,D,Lich,AA 19.174,",
-16247,0.0006,40064.791,s,vis,Baldwin Marvin,,"A,0015,A,0015,AVSJ 3.62,",
-16245,-0.0018,40065.43,s,vis,Braune W,,"D,0023,D,Lich,,",
-16231,-0.0009,40069.761,p,vis,Baldwin Marvin,,"A,0015,A,0015,AVSJ 3.62,",
-16228,0.0009,40070.725,p,vis,Baldwin Marvin,,"A,0015,A,0015,AVSJ 3.62,",
-16210,-0.007,40076.65,s,vis,Bortle J,,"A,0015,A,0015,AVSJ 3.62,",
-16204,-0.0023,40078.419,p,vis,Peter H,,,"D,0023,D,Lich,,"
-16197,0.0006,40080.667,p,vis,Bortle J,,"A,0015,A,0015,AVSJ 3.62,",
-16194,-0.0015,40081.627,p,vis,Bortle J,,"A,0015,A,0015,AVSJ 3.62,",
-16173,0.0034,40088.367,p,vis,Peter H,,,"D,0023,D,Lich,,"
-16157,-0.0171,40093.478,p,vis,Peter H,,,"D,0023,D,Lich,,"
-16153,0.005,40094.783,p,vis,Baldwin Marvin,,"A,0015,A,0015,AVSJ 3.62,",
-16151,0.0046,40095.424,p,vis,Peter H,,,"D,0023,D,Lich,,"
-16141,-0.0026,40098.624,p,vis,Bortle J,,"A,0015,A,0015,AVSJ 3.62,",
-16126,-0.0004,40103.597,s,vis,Bortle J,,"A,0015,A,0015,AVSJ 3.62,",
-16113,-0.0018,40107.605,p,vis,Bortle J,,"A,0015,A,0015,AVSJ 3.62,",
-16110,0.0021,40108.571,p,vis,Bortle J,,"A,0015,A,0015,AVSJ 3.62,",
-16104,-0.0009,40110.4923,p,pe,Semeniuk I,,",,D,Lich,AA 21.52,",
-16098,-0.0035,40112.574,s,vis,Bortle J,,"A,0015,A,0015,AVSJ 3.62,",
-16088,-0.0007,40115.624,p,vis,Bortle J,,"A,0015,A,0015,AVSJ 3.62,",
-16085,0.0011,40116.588,p,vis,Bortle J,,"A,0015,A,0015,AVSJ 3.62,",
-16085,0.0011,40116.748,s,vis,Baldwin Marvin,,"A,0015,A,0015,AVSJ 3.62,",
-16048,0.0005,40128.454,p,pe,Gueduer N,,"I,0456,I,0456,,",
-16048,-0.0045,40128.609,s,vis,Bortle J,,"A,0015,A,0015,AVSJ 3.62,",
-16047,-0.0022,40128.772,p,vis,Baldwin Marvin,,"A,0015,A,0015,AVSJ 3.62,",
-16044,-0.0024,40129.734,p,vis,Baldwin Marvin,,"A,0015,A,0015,AVSJ 3.62,",
-16020,-0.0036,40137.59,s,vis,Bortle J,,"A,0015,A,0015,AVSJ 3.62,",
-15995,0.0064,40145.618,s,vis,Bortle J,,"A,0015,A,0015,AVSJ 3.62,",
-15960,0.0042,40156.681,p,vis,Baldwin Marvin,,"A,0015,A,0015,AVSJ 3.62,",
-15948,0.0016,40160.687,s,vis,Bortle J,,"A,0015,A,0015,AVSJ 3.62,",
-15945,-0.0025,40161.645,s,vis,Bortle J,,"A,0015,A,0015,AVSJ 3.62,",
-15942,-0.0037,40162.606,s,vis,Dobkowski A,,"A,0015,A,0015,AVSJ 3.62,",
-15902,0.0055,40175.284,p,vis,Braune W,,"D,0023,D,Lich,,",
-15892,0.0033,40178.649,s,vis,Baldwin Marvin,,"A,0015,A,0015,AVSJ 3.62,",
-15877,0.0086,40183.305,p,vis,Bochmann W,,"D,0023,D,Lich,,",
-15867,0.0014,40186.665,s,vis,Baldwin Marvin,,"A,0015,A,0015,AVSJ 3.62,",
-15861,0.0061,40188.434,p,vis,Bode H,,,"D,0023,D,Lich,,"
-15861,0.0091,40188.437,p,vis,Bochmann W,,"D,0023,D,Lich,,",
-15836,0.0011,40196.607,s,vis,Bortle J,,"A,0015,A,0015,,",
-15833,0.0079,40197.576,s,vis,Bortle J,,"A,0015,A,0015,,",
-15823,0.0007,40200.616,p,vis,Bortle J,,"A,0015,A,0015,,",
-15818,0.0008,40202.2197,p,pe,Pohl E,,,"I,0456,I,0456,,"
-15798,-0.0002,40208.633,p,vis,Bortle J,,"A,0015,A,0015,,",
-15792,0.0004,40210.558,p,vis,Dobkowski A,,"A,0015,A,0015,,",
-15671,0.0044,40249.529,s,vis,Bortle J,,"A,0015,A,0015,,",
-15284,0.0038,40373.4866,p,pe,Ibanoglu C,,"I,0456,I,0456,,",
-15169,-0.0085,40410.357,p,vis,Mrazek M,,"C,0009,C,0009,,",
-15147,0.0057,40417.427,p,vis,Slovak V,,"C,0009,C,0009,,",
-15147,0.0087,40417.43,p,vis,"Kucera Jan,Br",,"C,0009,C,0009,,",
-15147,0.0097,40417.431,p,vis,Jehlicka K,,"C,0009,C,0009,,",
-15147,0.0097,40417.431,p,vis,Jehlickova J,,"C,0009,C,0009,,",
-15141,0.0046,40419.3502,p,pe,Gueduer N,,"I,0456,I,0456,,",
-15112,0.0055,40428.812,s,vis,Nolthenius R,,"A,0015,A,0015,AVSJ 3.62,",
-15093,0.0089,40434.749,p,vis,Nolthenius R,,"A,0015,A,0015,AVSJ 3.62,",
-15087,0.0016,40436.826,s,vis,Baldwin Marvin,,"A,0015,A,0015,AVSJ 3.62,",
-15072,0.0054,40441.4806,p,pe,Semeniuk I,,",,D,Lich,AA 21.52,",
-15069,0.0066,40442.444,p,vis,Jehlickova J,,"C,0009,C,0009,,",
-15069,0.0086,40442.446,p,vis,Rausal Karel,,"C,0009,C,0009,,",
-15069,0.0116,40442.449,p,vis,Kyr M,,,"C,0009,C,0009,,"
-15069,0.0146,40442.452,p,vis,Mrazek M,,"C,0009,C,0009,,",
-15069,0.0146,40442.452,p,vis,Silhan Jindrich,,"C,0009,C,0009,,",
-15069,0.0146,40442.452,p,vis,Brancik K,,"C,0009,C,0009,,",
-15066,0.0025,40443.402,p,vis,Kulcar L,,"C,0009,C,0009,,",
-15066,0.0045,40443.404,p,vis,Sterzik R,,"C,0009,C,0009,,",
-15066,0.0045,40443.404,p,vis,Valura V,,"C,0009,C,0009,,",
-15066,0.0055,40443.405,p,vis,Silhan Jindrich,,"C,0009,C,0009,,",
-15066,0.0055,40443.405,p,vis,"Kucera Jan,Br",,"C,0009,C,0009,,",
-15066,0.0065,40443.406,p,vis,Jurecka J,,"C,0009,C,0009,,",
-15066,0.0065,40443.406,p,vis,Kral M,,,"C,0009,C,0009,,"
-15066,0.0065,40443.406,p,vis,Kalinak J.,,"C,0009,C,0009,,",
-15065,0.0037,40443.724,p,vis,Baldwin Marvin,,"A,0015,A,0015,AVSJ 3.62,",
-15059,0.0004,40445.805,s,vis,Nolthenius R,,"A,0015,A,0015,AVSJ 3.62,",
-15053,0.0021,40447.731,s,vis,Baldwin Marvin,,"A,0015,A,0015,AVSJ 3.62,",
-15040,0.0038,40451.742,p,vis,Baldwin Marvin,,"A,0015,A,0015,AVSJ 3.62,",
-15034,0.0034,40453.666,p,vis,Balonek T,,"A,0015,A,0015,AVSJ 3.62,",
-15034,-0.0026,40453.82,s,vis,Balonek T,,"A,0015,A,0015,AVSJ 3.62,",
-15031,-0.0007,40454.624,p,vis,Hazel L,,,"A,0015,A,0015,AVSJ 3.62,"
-15031,0.0083,40454.633,p,vis,Balonek T,,"A,0015,A,0015,AVSJ 3.62,",
-15031,0.0173,40454.642,p,vis,Bortle J,,"A,0015,A,0015,AVSJ 3.62,",
-15031,0.0013,40454.786,s,vis,Balonek T,,"A,0015,A,0015,AVSJ 3.62,",
-15021,0.0121,40457.844,p,vis,Baldwin Marvin,,"A,0015,A,0015,AVSJ 3.62,",
-14991,0.0056,40467.4591,p,pe,Semeniuk I,,",,D,Lich,AA 21.52,",
-14982,0.0171,40470.357,p,vis,Mrazek M,,"C,0009,D,Lich,,",
-14982,0.0171,40470.357,p,vis,Zemanek Z,,"C,0009,C,0009,,",
-14981,0.0083,40470.669,p,vis,Baldwin Marvin,,"A,0015,A,0015,AVSJ 3.62,",
-14978,0.0052,40471.788,s,vis,Baldwin Marvin,,"A,0015,A,0015,AVSJ 3.62,",
-14960,0.0072,40477.403,p,vis,Mrazek M,,"C,0009,C,0009,,",
-14960,0.0102,40477.406,p,vis,Zemanek Z,,"C,0009,C,0009,,",
-14960,0.0182,40477.414,p,vis,Fernandes Mario,,"D,0026,D,Lich,,",
-14942,0.0033,40483.332,s,vis,Fernandes Mario,,"D,0026,D,Lich,,",
-14941,0.0106,40483.5,p,vis,Fernandes Mario,,"D,0026,D,Lich,,",
-14898,0.0066,40497.2869,p,pe,Gueduer N,,"I,0456,I,0456,,",
-14894,0.0088,40498.732,s,vis,D.Hutter,,",,D,Lich,AVSJ 3.62,",
-14894,0.0088,40498.732,s,vis,Hutter D,,"A,0015,A,0015,AVSJ 3.62,",
-14891,0.0086,40499.694,s,vis,Hutter D,,"A,0015,A,0015,AVSJ 3.62,",
-14875,0.0071,40504.664,p,vis,Hutter D,,"A,0015,A,0015,AVSJ 3.62,",
-14850,0.0082,40512.683,p,vis,Hampton W,,"A,0015,A,0015,AVSJ 3.62,",
-14847,0.006,40513.643,p,vis,Baldwin Marvin,,"A,0015,A,0015,AVSJ 3.62,",
-14844,0.0118,40514.611,p,vis,Hutter D,,"A,0015,A,0015,AVSJ 3.62,",
-14842,0.0054,40515.246,p,pe,Pohl E,,,"I,0456,I,0456,,"
-14800,0.0122,40528.723,p,vis,Baldwin Marvin,,"A,0015,A,0015,AVSJ 3.62,",
-14797,0.013,40529.686,p,vis,Baldwin Marvin,,"A,0015,A,0015,AVSJ 3.62,",
-14758,0.0047,40542.3457,s,pe,Muthsam H,,"I,0631,I,0631,,",
-14015,0.0078,40780.483,p,vis,Diethelm Roger,,"B,..25,B,..25,Ori 120,",
-13969,0.0087,40795.397,s,vis,Diethelm Roger,,"B,..25,B,..25,Ori 120,",
-13965,0.0128,40796.524,p,vis,Diethelm Roger,,"B,..25,B,..25,Ori 120,",
-13956,0.0024,40799.56,s,vis,Diethelm Roger,,"B,..25,B,..25,Ori 120,",
-13950,0.003,40801.485,s,vis,Diethelm Roger,,"B,..25,B,..25,Ori 120,",
-13941,-0.0004,40804.368,s,vis,Germann R,,"B,..25,B,..25,Ori 120,",
-13941,0.0076,40804.376,s,vis,Braune W,,"D,0025,D,Lich,,",
-13934,0.0115,40806.465,p,vis,Peter H,,,"B,..26,B,..26,Ori 121,"
-13912,0.0137,40813.683,s,vis,Cook Stephen,,"A,0017,A,0017,AVSJ 5.32,",
-13875,0.0071,40825.383,p,vis,Jehlickova J,,"C,0012,C,0012,,",
-13853,0.0093,40832.441,p,vis,Diethelm Roger,,"B,..26,B,..26,Ori 121,",
-13841,0.0076,40836.4479,s,pe,Karacan H,,"I,0530,I,0530,,48 cm",
-13838,0.0075,40837.41,s,vis,Diethelm Roger,,"B,..26,B,..26,Ori 121,",
-13838,0.0105,40837.413,s,vis,Hemmer P,,"D,0026,D,Lich,,",
-13831,0.0075,40839.495,p,vis,Diethelm Roger,,"B,..26,B,..26,Ori 121,",
-13828,0.0133,40840.623,s,vis,Ortwein D,,"A,0016,A,0016,AVSJ 4.87,",
-13825,0.0102,40841.422,p,vis,Woll T,,,"D,0026,D,Lich,,"
-13825,0.0122,40841.424,p,vis,Hemmer P,,"D,0026,D,Lich,,",
-13822,0.008,40842.382,p,pe,Demircan O,,"I,0530,I,0530,,48 cm",
-13819,0.0069,40843.503,s,pe,Demircan O,,"I,0530,I,0530,,48 cm",
-13804,0.0091,40848.316,s,vis,Braune W,,"D,0025,D,Lich,,",
-13803,0.0082,40848.4758,p,pe,Yildiran I,,"I,0530,I,0530,,48 cm",
-13800,0.0142,40849.604,s,vis,Hampton W,,"A,0016,A,0016,AVSJ 4.87,",
-13797,0.008,40850.4,p,vis,Peter H,,,"B,..26,B,..26,Ori 121,"
-13797,0.013,40850.405,p,vis,Baldwin Marvin,,"A,0016,A,0016,AVSJ 4.87,",
-13794,0.0109,40851.365,p,vis,Peter H,,,"B,..26,B,..26,Ori 121,"
-13791,0.0117,40852.328,p,vis,Baldwin Marvin,,"A,0016,A,0016,AVSJ 4.87,",
-13784,0.0107,40854.572,p,vis,Diethelm Roger,,"B,..27,B,..27,Ori 122,",
-13772,0.0111,40858.421,p,vis,Baldwin Marvin,,"A,0016,A,0016,AVSJ 4.87,",
-13772,0.0161,40858.426,p,vis,Leonhardt J,,"D,0025,D,Lich,,",
-13750,0.0152,40865.481,p,vis,Leonhardt J,,"D,0025,D,Lich,,",
-13719,0.014,40875.422,p,vis,Peter H,,,"B,..27,B,..27,Ori 122,"
-13710,0.0055,40878.3,p,vis,Langhoff J,,"D,0025,D,Lich,,",
-13710,0.0105,40878.305,p,vis,Germann R,,"B,..27,B,..27,Ori 122,",
-13710,0.0125,40878.307,p,vis,Noetzli A,,"B,..27,B,..27,Ori 122,",
-13682,0.0064,40887.281,p,vis,Braune W,,"D,0025,D,Lich,,",
-13682,0.0114,40887.286,p,vis,Germann R,,"B,..27,B,..27,Ori 122,",
-13682,0.0114,40887.286,p,vis,Locher Kurt,,"B,..27,B,..27,Ori 122,",
-13679,0.0042,40888.401,s,vis,Diethelm Roger,,"B,..27,B,..27,Ori 122,",
-13673,0.0029,40890.324,s,vis,Diethelm Roger,,"B,..27,B,..27,Ori 122,",
-13632,0.0094,40903.32,p,vis,Germann R,,"B,..27,B,..27,Ori 122,",
-13560,0.0126,40926.415,p,vis,Quester W,,"D,0025,D,Lich,,",
-13548,0.011,40930.262,p,vis,Peter H,,,"B,..28,B,..28,Ori 123,"
-13523,-0.001,40938.268,p,vis,Locher Kurt,,"B,..28,B,..28,Ori 123,",
-13523,0.016,40938.285,p,vis,Germann R,,"B,..28,B,..28,Ori 123,",
-13510,0.0127,40942.611,s,vis,Thompson R,,"A,0016,A,0016,AVSJ 4.87,",
-13464,0.0096,40957.361,s,vis,Leonhardt J,,"D,0025,D,Lich,,",
-13458,0.0033,40959.279,s,vis,Germann R,,"B,..28,B,..28,Ori 123,",
-13458,0.0103,40959.286,s,vis,Peter H,,,"B,..29,B,..29,Ori 124,"
-13448,0.0101,40962.333,p,vis,Peter H,,,"B,..29,B,..29,Ori 124,"
-13442,0.0088,40964.256,p,vis,Peter H,,,"B,..29,B,..29,Ori 124,"
-13433,0.0253,40967.319,s,vis,Locher Kurt,,"B,..28,B,..28,Ori 123,",
-12940,0.0209,41125.429,s,vis,Marx H,,,"D,0025,D,Lich,,"
-12902,0.0105,41137.446,p,vis,Peter H,,,"B,..31,B,..31,Ori 126,"
-12887,0.0088,41142.415,s,vis,Diethelm Roger,,"B,..31,B,..31,Ori 126,",
-12887,0.0098,41142.416,s,vis,Meyer A,,,"B,..31,B,..31,Ori 126,"
-12884,0.0176,41143.386,s,vis,Meyer A,,,"B,..31,B,..31,Ori 126,"
-12884,0.0226,41143.391,s,vis,Peter H,,,"B,..31,B,..31,Ori 126,"
-12883,0.0059,41143.535,p,vis,Meyer A,,,"B,..31,B,..31,Ori 126,"
-12874,0.0114,41146.427,p,vis,Peter H,,,"B,..31,B,..31,Ori 126,"
-12824,0.0045,41162.456,p,vis,Peter H,,,"B,..31,B,..31,Ori 126,"
-12809,0.0054,41167.4277,s,pe,Sengonca H,,"I,0647,I,0647,,48 cm",
-12806,0.0125,41168.397,s,vis,Diethelm Roger,,"B,..31,B,..31,Ori 126,",
-12793,0.0071,41172.4009,p,V,Sengonca H,,"I,0647,I,0647,,48 cm",
-12793,0.0075,41172.4013,p,B,Sengonca H,,"I,0647,I,0647,,48 cm",
-12790,0.008,41173.364,p,vis,Bader H,,,"B,..31,B,..31,Ori 126,"
-12790,0.014,41173.37,p,vis,Germann R,,"B,..31,B,..31,Ori 126,",
-12765,0.002,41181.376,p,vis,Peter H,,,"B,..32,B,..32,Ori 127,"
-12765,0.014,41181.388,p,vis,Diethelm Roger,,"B,..31,B,..31,Ori 126,",
-12731,0.0166,41192.455,s,vis,Peter H,,,"B,..32,B,..32,Ori 127,"
-12730,0.0019,41192.761,s,V,Meyer A,,,"I,0668,I,0668,Mt.Hamilton,30 cm Clark"
-12729,0.0052,41192.925,p,V,Meyer A,,,"I,0668,I,0668,Mt.Hamilton,30 cm Clark"
-12709,0.0138,41199.348,p,vis,Peter H,,,"B,..33,B,..33,Ori 128,"
-12700,0.0163,41202.397,s,vis,Bader H,,,"B,..32,B,..32,Ori 127,"
-12699,0.0176,41202.559,p,vis,Diethelm Roger,,"B,..32,B,..32,Ori 127,",
-12684,0.0128,41207.365,p,vis,Meyer A,,,"B,..32,B,..32,Ori 127,"
-12684,0.0158,41207.368,p,vis,Diethelm Roger,,"B,..32,B,..32,Ori 127,",
-12681,0.0116,41208.326,p,vis,Reiser C,,"B,..32,B,..32,Ori 127,",
-12681,0.0146,41208.329,p,vis,Behr G,,,"B,..32,B,..32,Ori 127,"
-12665,0.0031,41213.449,p,vis,Baldwin Marvin,,"A,0017,A,0017,AVSJ 5.32,",
-12665,0.0151,41213.461,p,vis,Peter H,,,"B,..33,B,..33,Ori 128,"
-12659,0.0118,41215.382,p,vis,Peter H,,,"B,..33,B,..33,Ori 128,"
-12653,0.0055,41217.3,p,vis,Diethelm Roger,,"B,..32,B,..32,Ori 127,",
-12653,0.0115,41217.306,p,vis,Germann R,,"B,..32,B,..32,Ori 127,",
-12653,0.0205,41217.315,p,vis,Bader H,,,"B,..32,B,..32,Ori 127,"
-12644,0.011,41220.352,s,vis,Locher Kurt,,"B,..32,B,..32,Ori 127,",
-12641,0.0149,41221.318,s,vis,Locher Kurt,,"B,..32,B,..32,Ori 127,",
-12628,0.0065,41225.319,p,vis,Locher Kurt,,"B,..32,B,..32,Ori 127,",
-12606,0.0077,41232.376,p,vis,Locher Kurt,,"B,..32,B,..32,Ori 127,",
-12600,0.0084,41234.301,p,vis,Locher Kurt,,"B,..32,B,..32,Ori 127,",
-12581,0.0077,41240.394,p,vis,Baldwin Marvin,,"A,0017,A,0017,AVSJ 5.32,",
-12578,0.0106,41241.359,p,vis,Baldwin Marvin,,"A,0017,A,0017,AVSJ 5.32,",
-12572,0.0163,41243.449,s,vis,Peter H,,,"B,..33,B,..33,Ori 128,"
-12569,0.0091,41244.404,s,vis,Baldwin Marvin,,"A,0017,A,0017,AVSJ 5.32,",
-12563,-0.0002,41246.319,s,vis,Germann R,,"B,..33,B,..33,Ori 128,",
-12563,0.0038,41246.323,s,vis,Diethelm Roger,,"B,..33,B,..33,Ori 128,",
-12557,0.0155,41248.259,s,vis,Germann R,,"B,..33,B,..33,Ori 128,",
-12557,0.0195,41248.263,s,vis,Peter H,,,"B,..33,B,..33,Ori 128,"
-12556,0.0068,41248.411,p,vis,Baldwin Marvin,,"A,0017,A,0017,AVSJ 5.32,",
-12553,0.0073,41249.3737,p,pe,Endres C,,"I,0647,I,0647,,34 cm",
-12553,0.0106,41249.377,p,vis,Baldwin Marvin,,"A,0017,A,0017,AVSJ 5.32,",
-12541,0.012,41253.387,s,vis,Baldwin Marvin,,"A,0017,A,0017,AVSJ 5.32,",
-12541,0.013,41253.388,s,vis,Meyer A,,,"B,..33,B,..33,Ori 128,"
-12516,0.017,41261.25,p,vis,Germann R,,"B,..33,B,..33,Ori 128,",
-12497,0.0123,41267.339,p,vis,Braune W,,"D,0025,D,Lich,,",
-12497,0.0243,41267.351,p,vis,Bischof W,,"D,0025,D,Lich,,",
-12469,0.0092,41276.316,p,vis,Baldwin Marvin,,"A,0017,A,0017,AVSJ 5.32,",
-12423,0.0211,41291.241,s,vis,Diethelm Roger,,"B,..33,B,..33,Ori 128,",
-12423,0.0241,41291.244,s,vis,Peter H,,,"B,0001,B,0001,,"
-12423,0.0311,41291.251,s,vis,Germann R,,"B,..33,B,..33,Ori 128,",
-12239,0.0118,41350.244,s,vis,Locher Kurt,,"B,0001,B,0001,,",
-12232,0.0168,41352.334,p,vis,Peter H,,,"B,0002,B,0002,,"
-12229,0.0047,41353.284,p,vis,Peter H,,,"B,0002,B,0002,,"
-12229,0.0127,41353.292,p,vis,Diethelm Roger,,"B,0002,B,0002,,",
-11842,0.0054,41477.563,s,vis,Locher Kurt,,"B,0003,B,0003,,",
-11829,0.0061,41481.573,p,vis,Locher Kurt,,"B,0003,B,0003,,",
-11802,0.0096,41490.396,s,vis,Locher Kurt,,"B,0003,B,0003,,",
-11802,0.0186,41490.405,s,vis,Peter H,,,"B,0003,B,0003,,"
-11789,0.0053,41494.401,p,vis,Peter H,,,"B,0003,B,0003,,"
-11789,0.0083,41494.404,p,vis,Locher Kurt,,"B,0003,B,0003,,",
-11767,0.0175,41501.469,p,vis,Locher Kurt,,"B,0004,B,0004,,",
-11761,0.0112,41503.387,p,vis,Locher Kurt,,"B,0004,B,0004,,",
-11758,0.008,41504.506,s,vis,Locher Kurt,,"B,0004,B,0004,,",
-11752,0.0007,41506.423,s,vis,Locher Kurt,,"B,0004,B,0004,,",
-11749,0.0245,41507.409,s,vis,Germann R,,"B,0004,B,0004,,",
-11736,0.0132,41511.407,p,vis,Locher Kurt,,"B,0004,B,0004,,",
-11733,0.021,41512.537,s,vis,Peter H,,,"B,0004,B,0004,,"
-11730,0.0079,41513.486,s,vis,Locher Kurt,,"B,0004,B,0004,,",
-11724,0.0206,41515.423,s,vis,Germann R,,"B,0004,B,0004,,",
-11720,0.0187,41516.544,p,vis,Locher Kurt,,"B,0004,B,0004,,",
-11705,0.0109,41521.507,s,vis,Locher Kurt,,"B,0004,B,0004,,",
-11702,0.0047,41522.463,s,vis,Locher Kurt,,"B,0004,B,0004,,",
-11702,0.0117,41522.47,s,vis,Peter H,,,"B,0004,B,0004,,"
-11683,0.0091,41528.401,p,vis,Locher Kurt,,"B,0004,B,0004,,",
-11674,0.0356,41531.474,s,vis,Locher Kurt,,"B,0005,B,0005,,",
-11664,0.0124,41534.498,p,vis,Locher Kurt,,"B,0005,B,0005,,",
-11658,0.0121,41536.422,p,vis,Peter H,,,"B,0005,B,0005,,"
-11658,0.0131,41536.423,p,vis,Langhoff J,,"D,0026,D,Lich,,",
-11658,0.0141,41536.424,p,vis,Marx H,,,"D,0028,D,Lich,,"
-11643,0.0083,41541.389,s,vis,Locher Kurt,,"B,0005,B,0005,,",
-11614,0.0025,41550.524,p,vis,Locher Kurt,,"B,0005,B,0005,,",
-11602,0.0018,41554.372,p,vis,Locher Kurt,,"B,0005,B,0005,,",
-11602,0.0118,41554.382,p,vis,Peter H,,,"B,0005,B,0005,,"
-11599,0.0107,41555.343,p,vis,Diethelm Roger,,"B,0005,B,0005,,",
-11599,0.0177,41555.35,p,vis,Germann R,,"B,0005,B,0005,,",
-11590,0.0082,41558.387,s,vis,Germann R,,"B,0005,B,0005,,",
-11590,0.0162,41558.395,s,vis,Braune W,,"D,0026,D,Lich,,",
-11577,0.0119,41562.4,p,vis,Baldwin Marvin,,"A,0017,A,0017,AVSJ 5.32,",
-11574,0.0097,41563.36,p,vis,Locher Kurt,,"B,0005,B,0005,,",
-11574,0.0147,41563.365,p,vis,Peter H,,,"B,0005,B,0005,,"
-11565,0.0072,41566.404,s,vis,Braune W,,"D,0026,D,Lich,,",
-11549,0.0197,41571.388,p,vis,Peter H,,,"B,0005,B,0005,,"
-11534,0.0089,41576.348,s,vis,Braune W,,"D,0026,D,Lich,,",
-11521,0.0006,41580.349,p,vis,Locher Kurt,,"B,0005,B,0005,,",
-11521,0.0036,41580.352,p,vis,Germann R,,"B,0005,B,0005,,",
-11518,0.0104,41581.321,p,vis,Diethelm R,,"B,0005,D,Lich,,",
-11518,0.0184,41581.329,p,vis,Germann R,,"B,0005,B,0005,,",
-11512,0.0111,41583.406,s,vis,Peter H,,,"B,0005,B,0005,,"
-11506,0.0128,41585.332,s,vis,Locher Kurt,,"B,0005,B,0005,,",
-11503,0.0127,41586.294,s,vis,Locher Kurt,,"B,0005,B,0005,,",
-11493,0.0185,41589.347,p,vis,Peter H,,,"B,0005,B,0005,,"
-11484,0.006,41592.381,s,vis,Braune W,,"D,0026,D,Lich,,",
-11484,0.012,41592.387,s,vis,Langhoff J,,"D,0026,D,Lich,,",
-11484,0.015,41592.39,s,vis,Pfleiderer R,,"D,0026,D,Lich,,",
-11478,0.0077,41594.307,s,vis,Baldwin Marvin,,"A,0017,A,0017,AVSJ 5.32,",
-11478,0.0087,41594.308,s,vis,Langhoff J,,"D,0026,D,Lich,,",
-11465,0.0067,41598.3154,p,V,Demircan O,,"I,0937,I,0937,,",
-11465,0.0074,41598.3161,p,B,Demircan O,,"I,0937,I,0937,,",
-11464,0.0126,41598.642,p,vis,Small B.,,"A,0017,A,0017,AVSJ 5.32,",
-11462,0.0072,41599.278,p,vis,Langhoff J,,"D,0026,D,Lich,,",
-11458,0.0043,41600.558,p,vis,Small B.,,"A,0017,A,0017,AVSJ 5.32,",
-11450,0.0045,41603.284,s,vis,Germann R,,"B,0006,B,0006,,",
-11446,0.0047,41604.407,p,vis,Quester W,,"D,0026,D,Lich,,",
-11446,0.0097,41604.412,p,vis,Germann R,,"B,0006,B,0006,,",
-11443,0.0015,41605.366,p,vis,Quester W,,"D,0026,D,Lich,,",
-11443,0.0085,41605.373,p,vis,Baldwin Marvin,,"A,0017,A,0017,AVSJ 5.32,",
-11440,0.0054,41606.332,p,vis,Baldwin Marvin,,"A,0017,A,0017,AVSJ 5.32,",
-11430,0.0102,41609.544,p,vis,Small B.,,"A,0017,A,0017,AVSJ 5.32,",
-11428,0.0037,41610.339,s,vis,Germann R,,"B,0006,B,0006,,",
-11428,0.0137,41610.349,s,vis,Peter H,,,"B,0006,B,0006,,"
-11415,0.0054,41614.51,s,vis,Small B.,,"A,0017,A,0017,AVSJ 5.32,",
-11409,0.0021,41616.271,p,vis,Germann R,,"B,0006,B,0006,,",
-11394,0.0173,41621.257,s,vis,Germann R,,"B,0006,B,0006,,",
-11393,0.0076,41621.568,s,vis,Small B.,,"A,0017,A,0017,AVSJ 5.32,",
-11390,0.0074,41622.53,s,vis,Small B.,,"A,0017,A,0017,AVSJ 5.32,",
-11387,-0.0087,41623.316,p,vis,Diethelm Roger,,"B,0006,B,0006,,",
-11387,0.0073,41623.332,p,vis,Baldwin Marvin,,"A,0017,A,0017,AVSJ 5.32,",
-11387,0.0083,41623.333,p,vis,Peter H,,,"B,0006,B,0006,,"
-11384,0.0091,41624.296,p,vis,Baldwin Marvin,,"A,0017,A,0017,AVSJ 5.32,",
-11384,0.0091,41624.296,p,vis,Germann R,,"B,0006,B,0006,,",
-11381,0.0099,41625.259,p,vis,Germann R,,"B,0006,B,0006,,",
-11380,0.0132,41625.583,p,vis,Small B.,,"A,0017,A,0017,AVSJ 5.32,",
-11377,0.0031,41626.535,p,vis,Small B.,,"A,0017,A,0017,AVSJ 5.32,",
-11377,0.0081,41626.7,s,vis,Small B.,,"A,0017,A,0017,AVSJ 5.32,",
-11372,0.0005,41628.296,s,vis,Germann R,,"B,0006,D,Lich,,",
-11359,-0.0099,41632.295,p,vis,Germann R,,"B,0006,B,0006,,",
-11359,0.0001,41632.305,p,vis,Locher Kurt,,"B,0006,B,0006,,",
-11303,0.0019,41650.267,p,vis,Germann R,,"B,0006,B,0006,,",
-11281,0.006,41657.327,p,vis,Diethelm Roger,,"B,0007,B,0007,,",
-11278,-0.0101,41658.273,p,vis,Peter H,,,"B,0007,B,0007,,"
-11260,0.0209,41664.237,s,vis,Diethelm Roger,,"B,0007,B,0007,,",
-11225,0.0088,41675.29,p,vis,Germann R,,"B,0007,D,Lich,,",
-11219,0.0055,41677.211,p,vis,Locher Kurt,,"B,0007,B,0007,,",
-11219,0.0165,41677.222,p,vis,Germann R,,"B,0007,B,0007,,",
-11207,0.0138,41681.228,s,vis,Locher Kurt,,"B,0007,B,0007,,",
-11203,-0.003,41682.334,p,vis,Huebscher J,,"D,0026,D,Lich,,",
-11203,0.006,41682.343,p,vis,Quester W,,"D,0026,D,Lich,,",
-11203,0.011,41682.348,p,vis,Braune W,,"D,0026,D,Lich,,",
-11200,0.0063,41683.3055,p,V,Edersberger J,,"I,0937,I,0937,,",
-11185,0.005,41688.275,s,vis,Locher Kurt,,"B,0007,B,0007,,",
-10760,0.0014,41824.577,s,vis,Locher Kurt,,"B,0009,B,0009,,",
-10670,0.0097,41853.45,s,vis,Locher Kurt,,"B,0010,B,0010,,",
-10616,0.0069,41870.766,s,vis,Atwood P,,"A,0018,A,0018,AVSJ 5.84,",
-10604,0.0033,41874.451,p,vis,Peter H,,,"B,0010,B,0010,,"
-10597,0.0202,41876.713,p,vis,Atwood P,,"A,0018,A,0018,AVSJ 5.84,",
-10551,0.0152,41891.621,s,vis,Locher Kurt,,"B,0010,B,0010,,",
-10548,0.001,41892.409,p,vis,Locher Kurt,,"B,0010,B,0010,,",
-10548,0,41892.568,s,vis,Locher Kurt,,"B,0010,B,0010,,",
-10545,0.0039,41893.374,p,vis,Locher Kurt,,"B,0010,B,0010,,",
-10539,0.0015,41895.456,s,vis,Germann R,,"B,0010,B,0010,,",
-10539,0.0055,41895.46,s,vis,Locher Kurt,,"B,0010,B,0010,,",
-10538,0.0048,41895.62,p,vis,Locher Kurt,,"B,0010,B,0010,,",
-10523,0.001,41900.427,p,vis,Germann R,,"B,0011,B,0011,,",
-10523,0.0033,41900.4293,p,pe,Baldinelli Luigi,"I,0838,I,0838,,",,
-10523,0.007,41900.433,p,vis,Locher Kurt,,"B,0011,B,0011,,",
-10520,0.0049,41901.393,p,vis,Diethelm Roger,,"B,0011,B,0011,,",
-10520,0.0069,41901.395,p,vis,Germann R,,"B,0011,B,0011,,",
-10517,-0.0013,41902.509,s,vis,Peter H,,,"B,0011,B,0011,,"
-10508,0.0033,41905.4,s,vis,Germann R,,"B,0011,B,0011,,",
-10501,0.0002,41907.482,p,vis,Peter H,,,"B,0011,B,0011,,"
-10492,0.0007,41910.369,p,vis,Germann R,,"B,0011,B,0011,,",
-10489,0.0026,41911.333,p,vis,Germann R,,"B,0011,B,0011,,",
-10470,0.0079,41917.432,p,vis,Locher Kurt,,"B,0011,B,0011,,",
-10467,0.0048,41918.391,p,vis,Locher Kurt,,"B,0011,B,0011,,",
-10449,0.0088,41924.328,s,vis,Germann R,,"B,0011,B,0011,,",
-10439,0.0026,41927.369,p,vis,Senn Monika,,"B,0011,B,0011,,",
-10439,0.0156,41927.382,p,vis,Heer Andreas,,"B,0011,B,0011,,",
-10430,0.0102,41930.423,s,vis,Peter H,,,"B,0011,B,0011,,"
-10427,-0.01,41931.365,s,vis,Germann R,,"B,0011,B,0011,,",
-10407,-0.0004,41937.629,p,vis,Mallama Anthony,,"B,0011,B,0011,,",
-10405,0.0072,41938.438,s,vis,Peter H,,,"B,0011,B,0011,,"
-10402,0.01,41939.403,s,vis,Peter H,,,"B,0011,B,0011,,"
-10402,0.01,41939.403,s,vis,Locher Kurt,,"B,0011,B,0011,,",
-10396,-0.0013,41941.316,s,vis,Germann R,,"B,0011,B,0011,,",
-10392,0.0048,41942.445,p,vis,Peter H,,,"B,0011,B,0011,,"
-10355,0.0112,41954.318,p,vis,Locher Kurt,,"B,0011,B,0011,,",
-10318,0.0046,41966.338,s,vis,Germann R,,"B,0012,B,0012,,",
-10273,0.0083,41980.614,p,vis,Small B.,,"A,0018,A,0018,AVSJ 5.84,",
-10271,-0.0022,41981.245,p,vis,Germann R,,"B,0012,B,0012,,",
-10270,-0.0009,41981.567,p,vis,Small B.,,"A,0018,A,0018,AVSJ 5.84,",
-10259,-0.0028,41985.253,s,vis,Peter H,,,"B,0012,B,0012,,"
-10258,0.0095,41985.586,s,vis,Small B.,,"A,0018,A,0018,AVSJ 5.84,",
-10255,-0.0037,41986.535,s,vis,Small B.,,"A,0018,A,0018,AVSJ 5.84,",
-10252,-0.0158,41987.325,p,vis,Germann R,,"B,0012,B,0012,,",
-10249,-0.005,41988.298,p,vis,Germann R,,"B,0012,B,0012,,",
-10246,0.0019,41989.267,p,vis,Germann R,,"B,0012,B,0012,,",
-10245,0.0052,41989.591,p,vis,Baldwin Marvin,,"A,0018,A,0018,AVSJ 5.84,",
-10242,0.005,41990.553,p,vis,Baldwin Marvin,,"A,0018,A,0018,AVSJ 5.84,",
-10227,0.0042,41995.523,s,vis,Small B.,,"A,0018,A,0018,AVSJ 5.84,",
-10205,0.0084,42002.583,s,vis,Small B.,,"A,0018,A,0018,AVSJ 5.84,",
-10198,0.0034,42004.663,p,vis,Small B.,,"A,0018,A,0018,AVSJ 5.84,",
-10190,0.0026,42007.228,p,vis,Bauer J,,,"D,0028,D,Lich,,"
-10190,-0.0064,42007.379,s,vis,Locher Kurt,,"B,0012,B,0012,,",
-10189,0.0089,42007.555,p,vis,Small B.,,"A,0018,A,0018,AVSJ 5.84,",
-10187,0.0045,42008.352,s,vis,Germann R,,"B,0012,B,0012,,",
-10187,0.0085,42008.356,s,vis,Peter H,,,"B,0012,B,0012,,"
-10186,0.0017,42008.51,p,vis,Small B.,,"A,0018,A,0018,AVSJ 5.84,",
-10186,0.0067,42008.675,s,vis,Small B.,,"A,0018,A,0018,AVSJ 5.84,",
-10184,0.0073,42009.317,s,vis,Germann R,,"B,0012,B,0012,,",
-10181,-0.0039,42010.268,s,vis,Germann R,,"B,0012,B,0012,,",
-10177,0.0083,42011.563,s,vis,Small B.,,"A,0018,A,0018,AVSJ 5.84,",
-10174,0.0031,42012.52,s,vis,Small B.,,"A,0018,A,0018,AVSJ 5.84,",
-10149,0.0091,42020.544,s,vis,Baldwin Marvin,,"A,0018,A,0018,AVSJ 5.84,",
-10146,0.005,42021.502,s,vis,Small B.,,"A,0018,A,0018,AVSJ 5.84,",
-10136,-0.0032,42024.541,p,vis,Small B.,,"A,0018,A,0018,AVSJ 5.84,",
-10124,-0.0008,42028.552,s,vis,Small B.,,"A,0018,A,0018,AVSJ 5.84,",
-10121,0,42029.515,s,vis,Small B.,,"A,0018,A,0018,AVSJ 5.84,",
-10100,0.0029,42036.253,s,vis,Germann R,,"B,0013,B,0013,,",
-10093,0.0039,42038.339,p,vis,Germann R,,"B,0013,B,0013,,",
-10075,0.0039,42044.272,s,vis,Locher Kurt,,"B,0013,B,0013,,",
-10074,0.0002,42044.589,s,vis,Small B.,,"A,0018,A,0018,AVSJ 5.84,",
-10071,-0.005,42045.546,s,vis,Small B.,,"A,0018,A,0018,AVSJ 5.84,",
-10068,0.0009,42046.354,p,vis,Locher Kurt,,"B,0013,B,0013,,",
-10068,-0.0091,42046.504,s,vis,Small B.,,"A,0018,A,0018,AVSJ 5.84,",
-10065,-0.0003,42047.315,p,vis,Germann R,,"B,0013,B,0013,,",
-10065,0.0037,42047.319,p,vis,Braune W,,"D,0028,D,Lich,,",
-10058,0.0027,42049.563,p,vis,Small B.,,"A,0018,A,0018,AVSJ 5.84,",
-10055,-0.0015,42050.521,p,vis,Small B.,,"A,0019,A,0019,AVSJ 6.24,",
-10046,-0.0049,42053.564,s,vis,Small B.,,"A,0019,A,0019,AVSJ 6.24,",
-10043,0.0019,42054.533,s,vis,Small B.,,"A,0019,A,0019,AVSJ 6.24,",
-10015,0.0028,42063.514,s,vis,Small B.,,"A,0019,A,0019,AVSJ 6.24,",
-10005,0.0026,42066.561,p,vis,Small B.,,"A,0019,A,0019,AVSJ 6.24,",
-10002,0.0004,42067.521,p,vis,Small B.,,"A,0019,A,0019,AVSJ 6.24,",
-9999,0.0103,42068.493,p,vis,Small B.,,"A,0019,A,0019,AVSJ 6.24,",
-9993,-0.006,42070.561,s,vis,Small B.,,"A,0019,A,0019,AVSJ 6.24,",
-9990,-0.0012,42071.528,s,vis,Small B.,,"A,0019,A,0019,AVSJ 6.24,",
-9977,0.0005,42075.539,p,vis,Small B.,,"A,0019,A,0019,AVSJ 6.24,",
-9962,0.0007,42080.51,s,vis,Small B.,,"A,0019,A,0019,AVSJ 6.24,",
-9931,0.0304,42090.322,p,vis,Diethelm Roger,,"B,0014,B,0014,,",
-9921,0.0082,42093.507,p,vis,Small B.,,"A,0019,A,0019,AVSJ 6.24,",
-9916,0.0076,42095.27,s,vis,Locher Kurt,,"B,0014,B,0014,,",
-9609,-0.0011,42193.562,p,vis,Locher Kurt,,"B,0015,B,0015,,",
-9606,-0.0003,42194.525,p,vis,Locher Kurt,,"B,0015,B,0015,,",
-9584,-0.0021,42201.579,p,vis,Locher Kurt,,"B,0016,B,0016,,",
-9581,-0.0113,42202.532,p,vis,Locher Kurt,,"B,0016,B,0016,,",
-9544,-0.0069,42214.563,s,vis,Locher Kurt,,"B,0016,B,0016,,",
-9531,-0.0032,42218.576,p,vis,Locher Kurt,,"B,0016,B,0016,,",
-9444,0.0042,42246.486,p,vis,Locher Kurt,,"B,0016,B,0016,,",
-9441,-0.0029,42247.441,p,vis,Locher Kurt,,"B,0016,B,0016,,",
-9434,-0.001,42249.688,p,vis,Small B.,,"A,0019,A,0019,AVSJ 6.24,",
-9431,-0.0031,42250.648,p,vis,Krobusek Bruce,,"I,0954,I,0954,,",
-9429,-0.0025,42251.45,s,vis,Germann R,,"B,0016,B,0016,,",
-9416,-0.0149,42255.447,p,vis,Germann R,,"B,0016,B,0016,,",
-9416,0.0061,42255.468,p,vis,Diethelm Roger,,"B,0016,B,0016,,",
-9412,0.0032,42256.748,p,vis,Krobusek Bruce,,"I,0954,I,0954,,",
-9410,-0.0092,42257.377,p,vis,Germann R,,"B,0016,B,0016,,",
-9407,-0.0004,42258.348,p,vis,Germann R,,"B,0016,B,0016,,",
-9400,-0.0044,42260.589,p,vis,Locher Kurt,,"B,0016,B,0016,,",
-9397,-0.0016,42261.554,p,vis,Locher Kurt,,"B,0017,B,0017,,",
-9394,-0.0037,42262.514,p,vis,Diethelm Roger,,"B,0017,B,0017,,",
-9394,0.0003,42262.518,p,vis,Locher Kurt,,"B,0017,B,0017,,",
-9382,-0.0023,42266.364,p,vis,Germann R,,"B,0017,B,0017,,",
-9360,-0.0112,42273.411,p,vis,Germann R,,"B,0017,B,0017,,",
-9357,-0.0053,42274.539,s,vis,Locher Kurt,,"B,0017,B,0017,,",
-9354,-0.0035,42275.343,p,vis,Germann R,,"B,0017,B,0017,,",
-9354,-0.0045,42275.502,s,vis,Bischof W,,"D,0028,D,Lich,,",
-9338,-0.007,42280.471,p,vis,Bischof W,,"D,0028,D,Lich,,",
-9335,-0.0021,42281.438,p,vis,Bischof W,,"D,0028,D,Lich,,",
-9325,-0.0023,42284.645,p,vis,Small B.,,"A,0019,A,0019,AVSJ 6.24,",
-9322,-0.0045,42285.605,p,vis,Small B.,,"A,0019,A,0019,AVSJ 6.24,",
-9319,-0.0086,42286.563,p,vis,Small B.,,"A,0019,A,0019,AVSJ 6.24,",
-9314,-0.0052,42288.33,s,vis,Germann R,,"B,0017,B,0017,,",
-9307,-0.0023,42290.418,p,vis,Germann R,,"B,0017,B,0017,,",
-9289,-0.0202,42296.333,s,vis,Germann R,,"B,0017,B,0017,,",
-9289,0.0018,42296.355,s,vis,Locher Kurt,,"B,0017,B,0017,,",
-9264,-0.0022,42304.369,s,vis,Germann R,,"B,0017,B,0017,,",
-9261,-0.0023,42305.331,s,vis,Locher Kurt,,"B,0017,B,0017,,",
-9260,-0.0011,42305.653,s,vis,Baldwin Marvin,,"A,0019,A,0019,AVSJ 6.24,",
-9257,-0.0112,42306.605,s,vis,Locher Kurt,,"B,0017,B,0017,,",
-9251,-0.0015,42308.539,s,vis,Small B.,,"A,0019,A,0019,AVSJ 6.24,",
-9251,0.0035,42308.544,s,vis,Baldwin Marvin,,"A,0019,A,0019,AVSJ 6.24,",
-9248,-0.0027,42309.34,p,vis,Bischof W,,"D,0029,D,Lich,,",
-9247,-0.0034,42309.66,p,vis,Krobusek Bruce,,"I,0954,I,0954,,",
-9241,-0.0027,42311.585,p,vis,Small B.,,"A,0019,A,0019,AVSJ 6.24,",
-9238,-0.0039,42312.546,p,vis,Small B.,,"A,0019,A,0019,AVSJ 6.24,",
-9220,-0.0028,42318.32,p,vis,Germann R,,"B,0017,B,0017,,",
-9220,-0.0018,42318.321,p,vis,Peter H,,,"B,0017,B,0017,,"
-9195,-0.0018,42326.339,p,vis,Locher Kurt,,"B,0018,B,0018,,",
-9117,-0.0059,42351.351,p,vis,Locher Kurt,,"B,0018,B,0018,,",
-9095,-0.0057,42358.567,s,vis,Small B.,,"A,0019,A,0019,AVSJ 6.24,",
-9088,-0.0067,42360.651,p,vis,Baldwin Marvin,,"A,0019,A,0019,AVSJ 6.24,",
-9088,-0.0017,42360.656,p,vis,Halbach E,,"A,0019,A,0019,AVSJ 6.24,",
-9088,-0.0017,42360.656,p,vis,Awe B,,,"A,0019,A,0019,AVSJ 6.24,"
-9085,-0.0069,42361.613,p,vis,Small B.,,"A,0019,A,0019,AVSJ 6.24,",
-9085,-0.0023,42361.7776,s,pe,Kalish L,,",,D,Lich,AVSJ 7.25,",
-9085,0.0221,42361.802,s,vis,Sweetsir R,,"A,0019,A,0019,AVSJ 6.24,",
-9082,-0.005,42362.577,p,vis,Small B.,,"A,0019,A,0019,AVSJ 6.24,",
-9082,0.006,42362.748,s,vis,Simmons K,,"A,0019,A,0019,AVSJ 6.24,",
-9082,0.008,42362.75,s,vis,Sweetsir R,,"A,0019,A,0019,AVSJ 6.24,",
-9067,-0.0008,42367.552,s,vis,Small B.,,"A,0019,A,0019,AVSJ 6.24,",
-9067,0.0042,42367.557,s,vis,Baldwin Marvin,,"A,0019,A,0019,AVSJ 6.24,",
-9066,0.0035,42367.717,p,vis,Halbach E,,"A,0019,A,0019,AVSJ 6.24,",
-9061,0.0079,42369.325,p,vis,Diethelm Roger,,"B,0018,B,0018,,",
-9061,0.0079,42369.325,p,vis,Locher Kurt,,"B,0018,B,0018,,",
-9060,-0.0017,42369.7962,s,pe,Kalish L,,",,D,Lich,AVSJ 7.25,",
-9054,-0.0052,42371.557,p,vis,Small B.,,"A,0019,A,0019,AVSJ 6.24,",
-9045,-0.0036,42374.605,s,vis,Baldwin Marvin,,"A,0019,A,0019,AVSJ 6.24,",
-9043,-0.0051,42375.245,s,vis,Germann R,,"B,0018,B,0018,,",
-9038,-0.0047,42376.689,p,vis,Halbach E,,"A,0019,A,0019,AVSJ 6.24,",
-9036,-0.0011,42377.494,s,vis,Halbach E,,"A,0019,A,0019,AVSJ 6.24,",
-9011,-0.0011,42385.352,p,vis,Germann R,,"B,0019,B,0019,,",
-9004,-0.0051,42387.593,p,vis,Baldwin Marvin,,"A,0019,A,0019,AVSJ 6.24,",
-9004,0.0069,42387.605,p,vis,Sweetsir R,,"A,0019,A,0019,AVSJ 6.24,",
-9001,-0.0103,42388.55,p,vis,Simmons K,,"A,0019,A,0019,AVSJ 6.24,",
-9001,-0.0073,42388.553,p,vis,Small B.,,"A,0019,A,0019,AVSJ 6.24,",
-8999,-0.0087,42389.353,s,vis,Locher Kurt,,"B,0019,B,0019,,",
-8989,-0.0119,42392.557,s,vis,Baldwin Marvin,,"A,0019,A,0019,AVSJ 6.24,",
-8967,-0.0027,42399.622,s,vis,Simmons K,,"A,0019,A,0019,AVSJ 6.24,",
-8967,-0.0007,42399.624,s,vis,Harvin R,,"A,0021,A,0021,AVSJ 7.29,",
-8958,-0.0002,42402.351,p,vis,Diethelm Roger,,"B,0019,B,0019,,",
-8955,-0.0034,42403.31,p,vis,Diethelm Roger,,"B,0019,B,0019,,",
-8952,-0.0145,42404.261,p,vis,Braune W,,"D,0028,D,Lich,,",
-8949,-0.0117,42405.226,p,vis,Diethelm Roger,,"B,0019,B,0019,,",
-8949,0.0003,42405.238,p,vis,Peter H,,,"B,0019,B,0019,,"
-8921,-0.0008,42414.217,p,vis,Braune W,,"D,0028,D,Lich,,",
-8912,0.0097,42417.274,s,vis,Diethelm Roger,,"B,0020,B,0020,,",
-8896,-0.0018,42422.234,p,vis,Locher Kurt,,"B,0020,B,0020,,",
-8884,-0.0044,42426.24,s,vis,Germann R,,"B,0020,B,0020,,",
-8843,-0.0089,42439.225,p,vis,Locher Kurt,,"B,0020,B,0020,,",
-8809,-0.0103,42450.288,s,vis,Germann R,,"B,0021,B,0021,,",
-8632,-0.0046,42506.901,p,vis,Samolyk Gerry,,"A,0021,A,0021,AVSJ 7.29,",
-8629,-0.0087,42507.859,p,vis,Samolyk Gerry,,"A,0021,A,0021,AVSJ 7.29,",
-8629,-0.0067,42507.861,p,vis,Wedemayer G,,"A,0021,A,0021,AVSJ 7.29,",
-8564,-0.0015,42528.873,s,vis,Samolyk Gerry,,"A,0021,A,0021,AVSJ 7.29,",
-8487,-0.0008,42553.569,s,vis,Locher Kurt,,"B,0022,B,0022,,",
-8464,-0.0164,42560.77,p,vis,Samolyk Gerry,,"A,0021,A,0021,AVSJ 7.29,",
-8462,-0.0138,42561.574,s,vis,Locher Kurt,,"B,0022,B,0022,,",
-8399,-0.0051,42581.788,s,vis,Samolyk Gerry,,"A,0021,A,0021,AVSJ 7.29,",
-8399,-0.0001,42581.793,s,vis,Wedemayer G,,"A,0021,A,0021,AVSJ 7.29,",
-8393,-0.0104,42583.707,s,vis,Samolyk Gerry,,"A,0021,A,0021,AVSJ 7.29,",
-8381,-0.0031,42587.563,s,vis,Locher Kurt,,"B,0023,B,0023,,",
-8328,-0.0082,42604.396,p,vis,Germann R,,"B,0023,B,0023,,",
-8327,-0.0109,42604.714,p,vis,Baldwin Marvin,,"A,0021,A,0021,AVSJ 7.29,",
-8322,-0.0165,42606.472,s,vis,Germann R,,"B,0023,B,0023,,",
-8319,-0.0096,42607.441,s,vis,Germann R,,"B,0023,B,0023,,",
-8319,-0.0006,42607.45,s,vis,Peter H,,,"B,0023,B,0023,,"
-8315,-0.0015,42608.732,s,vis,Baldwin Marvin,,"A,0021,A,0021,AVSJ 7.29,",
-8312,-0.0067,42609.529,p,vis,Locher Kurt,,"B,0023,B,0023,,",
-8306,-0.001,42611.459,p,vis,Locher Kurt,,"B,0023,B,0023,,",
-8303,-0.0041,42612.418,p,vis,Locher Kurt,,"B,0023,B,0023,,",
-8288,-0.0019,42617.391,s,vis,Diethelm Roger,,"B,0023,B,0023,,",
-8283,-0.0065,42618.83,p,vis,Samolyk Gerry,,"A,0021,A,0021,AVSJ 7.29,",
-8281,-0.012,42619.466,p,vis,Germann R,,"B,0023,B,0023,,",
-8263,-0.0159,42625.395,s,vis,Germann R,,"B,0023,B,0023,,",
-8262,-0.0066,42625.725,s,vis,Baldwin Marvin,,"A,0021,A,0021,AVSJ 7.29,",
-8253,-0.0091,42628.449,p,vis,Germann R,,"B,0023,B,0023,,",
-8250,-0.0002,42629.42,p,vis,Cadek O,,,"C,0020,C,0020,,"
-8250,0.0018,42629.422,p,vis,Zlatuska J,,"C,0020,C,0020,,",
-8250,0.0018,42629.422,p,vis,Vlcek M,,,"C,0020,C,0020,,"
-8250,0.0048,42629.425,p,vis,Cech V,,,"C,0020,C,0020,,"
-8250,0.0058,42629.426,p,vis,Sulan J,,,"C,0020,C,0020,,"
-8250,0.0088,42629.429,p,vis,Sukel A,,,"C,0020,C,0020,,"
-8250,0.0128,42629.433,p,vis,Hajek P,,,"C,0020,C,0020,,"
-8247,-0.0074,42630.375,p,V,Gueduer N,,"I,1163,I,1163,,",
-8240,-0.0054,42632.782,s,vis,Baldwin Marvin,,"A,0021,A,0021,AVSJ 7.29,",
-8238,-0.0139,42633.415,s,vis,Germann R,,"B,0023,B,0023,,",
-8238,0.0051,42633.434,s,vis,Diethelm Roger,,"B,0023,B,0023,,",
-8237,-0.0036,42633.746,s,vis,Baldwin Marvin,,"A,0021,A,0021,AVSJ 7.29,",
-8231,-0.0029,42635.511,p,vis,Locher Kurt,,"B,0023,B,0023,,",
-8231,-0.0089,42635.665,s,vis,Samolyk Gerry,,"A,0021,A,0021,AVSJ 7.29,",
-8222,-0.0024,42638.398,p,vis,Peter H,,,"B,0023,B,0023,,"
-8179,-0.0163,42652.335,s,vis,Germann R,,"B,0023,B,0023,,",
-8141,0.0034,42664.382,p,vis,Braune W,,"D,0029,D,Lich,,",
-8126,-0.0164,42669.333,s,vis,Germann R,,"B,0024,B,0024,,",
-8097,-0.0133,42678.637,s,vis,Locher Kurt,,"B,0024,B,0024,,",
-8097,-0.0043,42678.646,s,vis,Samolyk Gerry,,"A,0021,A,0021,AVSJ 7.29,",
-8095,-0.0047,42679.287,s,vis,Germann R,,"B,0024,B,0024,,",
-8084,-0.0086,42682.651,p,vis,Samolyk Gerry,,"A,0021,A,0021,AVSJ 7.29,",
-8073,-0.0025,42686.345,s,vis,Locher Kurt,,"B,0024,B,0024,,",
-8063,-0.0137,42689.381,p,vis,Locher Kurt,,"B,0024,B,0024,,",
-8038,-0.0088,42697.4039,p,V,Edersberger J,,"I,1163,I,1163,,",
-8026,-0.0113,42701.25,p,vis,Germann R,,"B,0024,B,0024,,",
-8026,-0.0053,42701.256,p,vis,Locher Kurt,,"B,0024,B,0024,,",
-8025,-0.009,42701.733,s,vis,Samolyk Gerry,,"A,0021,A,0021,AVSJ 7.29,",
-8004,-0.0271,42708.29,p,vis,Locher Kurt,,"B,0024,B,0024,,",
-7992,-0.0008,42712.325,s,vis,Peter H,,,"B,0024,B,0024,,"
-7989,-0.0079,42713.28,s,vis,Germann R,,"B,0024,B,0024,,",
-7976,-0.0173,42717.28,p,vis,Germann R,,"B,0024,B,0024,,",
-7956,-0.0445,42723.8271,s,pe,Kalish L,,",,D,Lich,AVSJ 7.25,",
-7953,-0.0457,42724.7881,s,pe,Kalish L,,",,D,Lich,AVSJ 7.25,",
-7951,-0.0362,42725.279,p,vis,Germann R,,"B,0024,B,0024,,",
-7945,-0.0095,42727.23,p,vis,Peter H,,,"B,0024,B,0024,,"
-7939,-0.0049,42729.319,s,vis,Germann R,,"B,0024,B,0024,,",
-7922,-0.0061,42734.61,p,vis,Samolyk Gerry,,"A,0021,A,0021,AVSJ 7.29,",
-7911,-0.009,42738.295,s,vis,Germann R,,"B,0024,B,0024,,",
-7908,-0.0111,42739.255,s,vis,Braune W,,"D,0029,D,Lich,,",
-7864,-0.0068,42753.371,s,vis,Locher Kurt,,"B,0025,B,0025,,",
-7817,-0.0106,42768.281,p,vis,Locher Kurt,,"B,0025,B,0025,,",
-7817,-0.0095,42768.2821,p,V,Baldinelli Luigi,"I,1143,I,1143,,",,
-7795,-0.0094,42775.338,p,vis,Germann R,,"B,0025,B,0025,,",
-7792,-0.0186,42776.291,p,vis,Germann R,,"B,0025,B,0025,,",
-7786,0.0051,42778.239,p,vis,Peter H,,,"B,0025,B,0025,,"
-7780,-0.0042,42780.314,s,vis,Locher Kurt,,"B,0026,B,0026,,",
-7761,-0.0068,42786.245,p,vis,Germann R,,"B,0026,B,0026,,",
-7730,-0.0031,42796.351,s,vis,Locher Kurt,,"B,0026,B,0026,,",
-7711,-0.0158,42802.272,p,vis,Locher Kurt,,"B,0026,B,0026,,",
-7461,-0.0125,42882.615,s,vis,Locher Kurt,,"B,0027,B,0027,,",
-7379,-0.0015,42908.765,p,vis,Samolyk Gerry,,"A,0021,A,0021,AVSJ 7.29,",
-7336,-0.0064,42922.551,p,vis,Locher Kurt,,"B,0028,B,0028,,",
-7304,-0.0034,42932.817,p,vis,Samolyk Gerry,,"A,0021,A,0021,AVSJ 7.29,",
-7296,-0.0102,42935.536,s,vis,Locher Kurt,,"B,0028,B,0028,,",
-7268,-0.0103,42944.516,s,vis,Locher Kurt,,"B,0028,B,0028,,",
-7246,-0.0081,42951.574,s,vis,Locher Kurt,,"B,0028,B,0028,,",
-7230,-0.0106,42956.543,p,vis,Locher Kurt,,"B,0028,B,0028,,",
-7224,-0.0122,42958.4657,p,vis,Novak P,,,"C,0021,C,0021,,"
-7221,-0.0051,42959.435,p,vis,Germann R,,"B,0028,B,0028,,",
-7184,-0.0047,42971.462,s,vis,Peter H,,,"B,0029,B,0029,,"
-7177,-0.0097,42973.542,p,vis,Locher Kurt,,"B,0029,B,0029,,",
-7171,-0.0101,42975.466,p,vis,Locher Kurt,,"B,0029,B,0029,,",
-7161,-0.0132,42978.67,p,vis,Baldwin Marvin,,"A,0021,A,0021,AVSJ 7.29,",
-7155,-0.0116,42980.756,s,vis,Baldwin Marvin,,"A,0021,A,0021,AVSJ 7.29,",
-7152,-0.0127,42981.717,s,vis,Samolyk Gerry,,"A,0021,A,0021,AVSJ 7.29,",
-7142,-0.0159,42984.761,p,vis,Baldwin Marvin,,"A,0021,A,0021,AVSJ 7.29,",
-7136,-0.0132,42986.688,p,vis,Ruokonen D,,"A,0021,A,0021,AVSJ 7.29,",
-7134,-0.0057,42987.497,s,vis,Locher Kurt,,"B,0029,B,0029,,",
-7128,0.001,42989.428,s,vis,Lichtenknecker D,"D,0029,D,Lich,,",,
-7127,-0.0147,42989.573,p,vis,Locher Kurt,,"B,0029,B,0029,,",
-7125,-0.0151,42990.374,s,vis,Germann R,,"B,0029,B,0029,,",
-7125,-0.0071,42990.382,s,vis,Locher Kurt,,"B,0029,B,0029,,",
-7115,-0.0113,42993.425,p,vis,Locher Kurt,,"B,0029,B,0029,,",
-7114,-0.01,42993.747,p,vis,Baldwin Marvin,,"A,0021,A,0021,AVSJ 7.29,",
-7111,-0.0142,42994.705,p,vis,Baldwin Marvin,,"A,0021,A,0021,AVSJ 7.29,",
-7103,-0.0069,42997.438,s,vis,Langhoff J,,"D,0029,D,Lich,,",
-7100,-0.0091,42998.398,s,vis,Langhoff J,,"D,0029,D,Lich,,",
-7081,-0.0088,43004.492,s,vis,Lichtenknecker D,"D,0029,D,Lich,,",,
-7078,-0.0129,43005.45,s,vis,Lichtenknecker D,"D,0029,D,Lich,,",,
-7074,-0.0058,43006.74,s,vis,Baldwin Marvin,,"A,0021,A,0021,AVSJ 7.29,",
-7059,-0.0126,43011.384,p,vis,Germann R,,"B,0029,B,0029,,",
-7056,-0.0117,43012.507,s,vis,Lichtenknecker D,"D,0029,D,Lich,,",,
-7052,-0.0118,43013.7898,s,pe,Kalish L,,"A,0021,A,0021,AVSJ 7.29,",
-7050,-0.0131,43014.43,s,vis,Lichtenknecker D,"D,0029,D,Lich,,",,
-7050,0.0019,43014.445,s,vis,Peter H,,,"B,0029,B,0029,,"
-7047,-0.0102,43015.395,s,vis,Langhoff J,,"D,0029,D,Lich,,",
-7044,-0.0124,43016.355,s,vis,Langhoff J,,"D,0029,D,Lich,,",
-7044,-0.0104,43016.357,s,vis,Germann R,,"B,0029,B,0029,,",
-7043,-0.0131,43016.515,p,vis,Lichtenknecker D,"D,0029,D,Lich,,",,
-7041,-0.0105,43017.319,s,vis,Bauer J,,,"D,0029,D,Lich,,"
-7041,-0.0105,43017.319,s,vis,Germann R,,"B,0029,B,0029,,",
-7040,0.0258,43017.516,p,V,Heiser E,,"D,0029,D,Lich,,",
-7039,-0.007,43017.804,p,vis,Wedemayer G,,"A,0021,A,0021,AVSJ 7.29,",
-7039,-0.005,43017.806,p,vis,Samolyk Gerry,,"A,0021,A,0021,AVSJ 7.29,",
-7017,-0.0118,43024.855,p,vis,Samolyk Gerry,,"A,0021,A,0021,AVSJ 7.29,",
-7017,-0.0118,43024.855,p,vis,Ruokonen D,,"A,0021,A,0021,AVSJ 7.29,",
-7003,-0.0148,43029.342,p,vis,Germann R,,"B,0030,B,0030,,",
-7000,-0.013,43030.306,p,vis,Germann R,,"B,0030,B,0030,,",
-7000,-0.007,43030.312,p,vis,Peter H,,,"B,0030,B,0030,,"
-6983,-0.0092,43035.762,p,vis,Samolyk Gerry,,"A,0021,A,0021,AVSJ 7.29,",
-6960,-0.0108,43043.297,s,vis,Langhoff J,,"D,0029,D,Lich,,",
-6956,-0.0126,43044.418,p,vis,Langhoff J,,"D,0029,D,Lich,,",
-6953,-0.0128,43045.38,p,vis,Langhoff J,,"D,0029,D,Lich,,",
-6950,-0.0059,43046.349,p,vis,Peter H,,,"B,0030,B,0030,,"
-6947,-0.0121,43047.305,p,vis,Germann R,,"B,0030,B,0030,,",
-6944,-0.0073,43048.432,s,vis,Langhoff J,,"D,0029,D,Lich,,",
-6939,-0.0122,43049.8707,p,pe,Kalish L,,"A,0021,A,0021,AVSJ 7.29,",
-6935,-0.0067,43051.319,s,vis,Langhoff J,,"D,0029,D,Lich,,",
-6924,-0.0156,43054.678,p,vis,Ruokonen D,,"A,0021,A,0021,AVSJ 7.29,",
-6913,-0.0116,43058.37,s,vis,Germann R,,"B,0030,B,0030,,",
-6913,0.0014,43058.383,s,vis,Peter H,,,"B,0030,B,0030,,"
-6910,-0.0197,43059.324,s,vis,Germann R,,"B,0030,B,0030,,",
-6907,-0.0119,43060.294,s,vis,Langhoff J,,"D,0029,D,Lich,,",
-6903,-0.0067,43061.422,p,vis,Langhoff J,,"D,0029,D,Lich,,",
-6885,-0.0117,43067.35,s,vis,Langhoff J,,"D,0029,D,Lich,,",
-6882,-0.0158,43068.308,s,vis,Locher Kurt,,"B,0030,B,0030,,",
-6881,-0.0116,43068.473,p,V,Heiser E,,"D,0029,D,Lich,,",
-6875,-0.0089,43070.56,s,vis,Locher Kurt,,"B,0030,B,0030,,",
-6865,-0.0041,43073.772,s,vis,Samolyk Gerry,,"A,0021,A,0021,AVSJ 7.29,",
-6863,-0.0105,43074.407,s,vis,Germann R,,"B,0030,B,0030,,",
-6860,-0.0067,43075.373,s,vis,Langhoff J,,"D,0029,D,Lich,,",
-6851,-0.0101,43078.256,s,vis,Langhoff J,,"D,0029,D,Lich,,",
-6745,-0.0253,43112.237,s,vis,Germann R,,"B,0031,B,0031,,",
-6745,-0.0103,43112.252,s,vis,Langhoff J,,"D,0029,D,Lich,,",
-6745,-0.0103,43112.252,s,vis,Peter H,,,"B,0031,B,0031,,"
-6710,-0.0125,43123.315,p,vis,Lichtenknecker D,"D,0029,D,Lich,,",,
-6695,-0.0123,43128.286,s,vis,Langhoff J,,"D,0029,D,Lich,,",
-6685,-0.0185,43131.327,p,vis,Diethelm Roger,,"B,0031,B,0031,,",
-6679,-0.0208,43133.249,p,vis,Germann R,,"B,0031,B,0031,,",
-6676,-0.01,43134.222,p,vis,Locher Kurt,,"B,0031,B,0031,,",
-6676,-0.018,43134.374,s,vis,Langhoff J,,"D,0029,D,Lich,,",
-6660,-0.0115,43139.352,p,vis,Langhoff J,,"D,0029,D,Lich,,",
-6657,-0.0156,43140.31,p,vis,Langhoff J,,"D,0029,D,Lich,,",
-6651,-0.0049,43142.245,p,vis,Lichtenknecker D,"D,0029,D,Lich,,",,
-6626,-0.0169,43150.251,p,vis,Locher Kurt,,"B,0032,B,0032,,",
-6604,-0.0257,43157.298,p,vis,Germann R,,"B,0032,B,0032,,",
-6235,-0.016,43275.813,s,vis,Samolyk Gerry,,"A,0021,A,0021,AVSJ 7.29,",
-6116,-0.0206,43313.814,p,vis,Ruokonen D,,"A,0021,A,0021,AVSJ 7.29,",
-6102,-0.0167,43318.468,s,vis,Langhoff J,,"D,0029,D,Lich,,",
-6071,-0.011,43328.416,s,vis,Langhoff J,,"D,0029,D,Lich,,",
-6061,-0.0161,43331.458,p,vis,Langhoff J,,"D,0029,D,Lich,,",
-6058,-0.0153,43332.421,p,vis,Langhoff J,,"D,0029,D,Lich,,",
-6046,-0.0119,43336.433,s,vis,Langhoff J,,"D,0029,D,Lich,,",
-6045,-0.0236,43336.582,p,vis,Germann R,,"B,0034,B,0034,,",
-6043,-0.0161,43337.391,s,vis,Langhoff J,,"D,0029,D,Lich,,",
-6033,-0.0203,43340.434,p,vis,Langhoff J,,"D,0029,D,Lich,,",
-6033,-0.0203,43340.594,s,vis,Locher Kurt,,"B,0034,B,0034,,",
-6011,-0.0141,43347.496,p,vis,Germann R,,"B,0034,B,0034,,",
-5977,-0.0105,43358.404,p,vis,Locher Kurt,,"B,0034,B,0034,,",
-5974,-0.0157,43359.361,p,vis,Locher Kurt,,"B,0034,B,0034,,",
-5974,-0.0077,43359.369,p,vis,Germann R,,"B,0034,B,0034,,",
-5965,-0.0122,43362.411,s,vis,Locher Kurt,,"B,0034,B,0034,,",
-5937,-0.0123,43371.391,s,vis,Germann R,,"B,0034,B,0034,,",
-5934,-0.0035,43372.362,s,vis,Troispoux G,,"B,0035,B,0035,,",
-5909,-0.0104,43380.373,s,pg,Kunzmann B,,"D,0031,D,Lich,,",
-5909,-0.0054,43380.378,s,vis,Kunzmann B,,"D,0031,D,Lich,,",
-5908,-0.0101,43380.694,s,vis,Samolyk Gerry,,"A,0021,A,0021,AVSJ 7.29,",
-5871,-0.0148,43392.396,p,vis,Langhoff J,,"D,0029,D,Lich,,",
-5871,-0.0138,43392.397,p,vis,Locher Kurt,,"B,0035,B,0035,,",
-5868,-0.0129,43393.36,p,vis,Langhoff J,,"D,0029,D,Lich,,",
-5856,-0.0455,43397.336,s,vis,Germann R,,"B,0035,B,0035,,",
-5853,-0.0127,43398.331,s,vis,Langhoff J,,"D,0029,D,Lich,,",
-5852,-0.0145,43398.4899,p,V,Groebel R,,"I,1449,I,1449,,34",
-5850,-0.0159,43399.29,s,vis,Langhoff J,,"D,0029,D,Lich,,",
-5840,-0.016,43402.337,p,vis,Germann R,,"B,0035,B,0035,,",
-5831,-0.0065,43405.393,s,vis,Lichtenknecker D,"D,0031,D,Lich,,",,
-5818,-0.0259,43409.383,p,vis,Germann R,,"B,0035,B,0035,,",
-5812,-0.0128,43411.4804,s,2.2,Faulkner Danny,,"I,1685,I,1685,=0.0022mm,",
-5811,-0.0196,43411.6343,p,2.2,Faulkner Danny,,"I,1685,I,1685,=0.0022mm,",
-5803,-0.0116,43414.368,s,vis,Langhoff J,,"D,0031,D,Lich,,",
-5787,-0.0141,43419.337,p,vis,Langhoff J,,"D,0031,D,Lich,,",
-5768,-0.0158,43425.429,p,vis,Langhoff J,,"D,0031,D,Lich,,",
-5759,-0.0143,43428.477,s,pe,Langhoff J,,"D,0031,D,Lich,,",
-5759,-0.0053,43428.486,s,vis,Lichtenknecker D,"D,0031,D,Lich,,",,
-5756,-0.0114,43429.442,s,vis,Peter H,,,"B,0035,B,0035,,"
-5740,-0.0099,43434.415,p,vis,Lichtenknecker D,"D,0031,D,Lich,,",,
-5737,-0.0121,43435.375,p,vis,Lichtenknecker D,"D,0031,D,Lich,,",,
-5722,-0.0169,43440.341,s,vis,Lichtenknecker D,"D,0031,D,Lich,,",,
-5681,-0.0134,43453.334,p,vis,Germann R,,"B,0035,B,0035,,",
-5678,-0.0135,43454.456,s,pe,Langhoff J,,"D,0031,D,Lich,,",
-5672,-0.0068,43456.387,s,vis,Germann R,,"B,0035,B,0035,,",
-5666,-0.0191,43458.299,s,vis,Germann R,,"B,0035,B,0035,,",
-5666,-0.0131,43458.305,s,vis,Peter H,,,"B,0035,B,0035,,"
-5666,-0.0101,43458.308,s,vis,Langhoff J,,"D,0031,D,Lich,,",
-5663,-0.0063,43459.274,s,vis,Germann R,,"B,0035,B,0035,,",
-5661,-0.0141,43459.7476,p,B,Faulkner Danny,,"I,1503,I,1503,,",
-5661,-0.014,43459.7477,p,pe,Mikolajewska Joa,"I,1953,,,,",,
-5659,-0.0142,43460.549,s,B,Faulkner Danny,,"I,1503,I,1503,,",
-5594,-0.0039,43481.246,p,vis,Germann R,,"B,0036,B,0036,,",
-5591,-0.0151,43482.357,s,pe,Langhoff J,,"D,0031,D,Lich,,",
-5588,-0.0062,43483.328,s,vis,Germann R,,"B,0036,B,0036,,",
-5574,-0.0139,43487.6504,p,B,Faulkner Danny,,"I,1503,I,1503,,",
-5571,-0.0137,43488.6128,p,B,Faulkner Danny,,"I,1503,I,1503,,",
-5550,-0.0116,43495.35,p,vis,Germann R,,"B,0036,B,0036,,",
-5541,-0.005,43498.243,p,vis,Germann R,,"B,0036,B,0036,,",
-5535,-0.0003,43500.332,s,vis,Germann R,,"B,0036,B,0036,,",
-5522,-0.0157,43504.326,p,vis,Peter H,,,"B,0036,B,0036,,"
-5423,-0.0179,43536.235,s,vis,Piazza R,,"B,0036,B,0036,,",
-5423,-0.0059,43536.247,s,vis,Germann R,,"B,0036,B,0036,,",
-5373,-0.0178,43552.271,s,vis,Germann R,,"B,0036,B,0036,,",
-5001,-0.0093,43671.427,p,vis,Langhoff J,,"D,0031,D,Lich,,",
-4992,-0.0168,43674.466,s,vis,Langhoff J,,"D,0031,D,Lich,,",
-4945,-0.0085,43689.388,p,vis,Langhoff J,,"D,0031,D,Lich,,",
-4894,-0.0172,43705.736,p,vis,Samolyk Gerry,,"A,0021,A,0021,AVSJ 7.29,",
-4892,-0.0157,43706.379,p,vis,Langhoff J,,"D,0031,D,Lich,,",
-4889,-0.0018,43707.515,s,vis,Locher Kurt,,"B,0038,B,0038,,",
-4873,-0.0063,43712.482,p,vis,Locher Kurt,,"B,0038,B,0038,,",
-4870,-0.0145,43713.596,s,vis,Germann R,,"B,0038,B,0038,,",
-4867,-0.0086,43714.404,p,vis,Germann R,,"B,0038,B,0038,,",
-4864,-0.0138,43715.361,p,vis,Langhoff J,,"D,0031,D,Lich,,",
-4864,-0.0048,43715.37,p,vis,Locher Kurt,,"B,0038,B,0038,,",
-4858,-0.0131,43717.446,s,vis,Locher Kurt,,"B,0038,B,0038,,",
-4854,-0.012,43718.57,p,vis,Troispoux G,,"B,0038,B,0038,,",
-4851,-0.0111,43719.533,p,vis,Troispoux G,,"B,0038,B,0038,,",
-4842,-0.0076,43722.583,s,vis,Locher Kurt,,"B,0038,B,0038,,",
-4839,-0.0008,43723.392,p,vis,Germann R,,"B,0038,B,0038,,",
-4833,-0.0031,43725.474,s,vis,Troispoux G,,"B,0038,B,0038,,",
-4830,-0.0082,43726.431,s,vis,Troispoux G,,"B,0038,B,0038,,",
-4829,0.0031,43726.603,p,vis,Troispoux G,,"B,0038,B,0038,,",
-4814,-0.0107,43731.4,p,vis,Langhoff J,,"D,0031,D,Lich,,",
-4811,0.0011,43732.374,p,vis,Troispoux G,,"B,0038,B,0038,,",
-4802,-0.0004,43735.419,s,vis,Peter H,,,"B,0038,B,0038,,"
-4773,-0.0112,43744.549,p,vis,Lichtenknecker D,"D,0031,D,Lich,,",,
-4764,-0.0117,43747.435,p,vis,Lichtenknecker D,"D,0031,D,Lich,,",,
-4758,-0.012,43749.359,p,vis,Germann R,,"B,0038,B,0038,,",
-4743,-0.0088,43754.333,s,vis,Langhoff J,,"D,0031,D,Lich,,",
-4742,-0.0085,43754.494,p,vis,Langhoff J,,"D,0031,D,Lich,,",
-4740,-0.0029,43755.301,s,vis,Germann R,,"B,0039,B,0039,,",
-4736,-0.0117,43756.4151,p,V,Mertelmeier T,,"I,1924,,,,",
-4736,-0.0108,43756.416,p,vis,Langhoff J,,"D,0031,D,Lich,,",
-4733,-0.012,43757.377,p,vis,Langhoff J,,"D,0031,D,Lich,,",
-4718,-0.0018,43762.358,s,vis,Germann R,,"B,0039,B,0039,,",
-4718,-0.0008,43762.359,s,vis,Troispoux G,,"B,0039,B,0039,,",
-4711,-0.0128,43764.432,p,vis,Troispoux G,,"B,0039,B,0039,,",
-4708,-0.0139,43765.393,p,vis,Langhoff J,,"D,0031,D,Lich,,",
-4708,-0.0129,43765.394,p,vis,Troispoux G,,"B,0039,B,0039,,",
-4705,-0.0101,43766.359,p,vis,Troispoux G,,"B,0039,B,0039,,",
-4702,-0.0073,43767.324,p,vis,Germann R,,"B,0039,B,0039,,",
-4693,-0.0097,43770.368,s,vis,Langhoff J,,"D,0031,D,Lich,,",
-4683,-0.0069,43773.418,p,vis,Troispoux G,,"B,0039,B,0039,,",
-4683,0.0031,43773.428,p,vis,Peter H,,,"B,0039,B,0039,,"
-4677,-0.0132,43775.336,p,vis,Troispoux G,,"B,0039,B,0039,,",
-4677,-0.0072,43775.502,s,vis,Troispoux G,,"B,0039,B,0039,,",
-4674,-0.0054,43776.306,p,vis,Langhoff J,,"D,0031,D,Lich,,",
-4674,-0.0014,43776.31,p,vis,Germann R,,"B,0039,B,0039,,",
-4674,-0.0094,43776.462,s,vis,Troispoux G,,"B,0039,B,0039,,",
-4662,-0.0115,43780.1485,p,pe,Leung K C,,",,D,Lich,PASP 96.634,",
-4662,-0.011,43780.309,s,pe,Leung K C,,",,D,Lich,PASP 96.634,",
-4648,-0.0061,43784.644,p,vis,Baldwin Marvin,,"A,0021,A,0021,AVSJ 7.29,",
-4624,-0.0123,43792.335,p,vis,Germann R,,"B,0039,B,0039,,",
-4621,-0.0055,43793.304,p,vis,Langhoff J,,"D,0031,D,Lich,,",
-4618,-0.0087,43794.423,s,vis,Peter H,,,"B,0039,B,0039,,"
-4615,-0.0098,43795.384,s,vis,Langhoff J,,"D,0031,D,Lich,,",
-4615,-0.0088,43795.385,s,vis,Troispoux G,,"B,0039,B,0039,,",
-4612,0,43796.356,s,vis,Germann R,,"B,0039,B,0039,,",
-4605,-0.013,43798.588,s,vis,Samolyk Gerry,,"A,0021,A,0021,AVSJ 7.29,",
-4592,-0.0117,43802.5987,p,pe,Kaitchuck R H,,",,D,Lich,PASP 92.96,",
-4568,-0.0026,43810.465,s,vis,Peter H,,,"B,0039,B,0039,,"
-4528,-0.0104,43823.286,s,vis,Germann R,,"B,0040,B,0040,,",
-4525,-0.0095,43824.249,s,vis,Germann R,,"B,0040,B,0040,,",
-4503,-0.0083,43831.306,s,vis,Germann R,,"B,0040,B,0040,,",
-4500,-0.0125,43832.264,s,vis,Germann R,,"B,0040,B,0040,,",
-4497,-0.0087,43833.23,s,vis,Germann R,,"B,0040,B,0040,,",
-4487,-0.0078,43836.278,p,vis,Germann R,,"B,0040,B,0040,,",
-4459,-0.01,43845.256,p,vis,Germann R,,"B,0041,B,0041,,",
-4340,-0.0075,43883.584,s,vis,Samolyk Gerry,,"A,0021,A,0021,AVSJ 7.29,",
-4291,-0.0118,43899.295,s,vis,Germann R,,"B,0041,B,0041,,",
-3826,-0.0141,44048.427,s,vis,Germann R,,"B,0044,B,0044,,",
-3760,-0.0074,44069.4412,p,V,Groebel R,,"I,1924,,,,",
-3745,-0.0073,44074.412,s,vis,Troispoux G,,"B,0046,B,0046,,",
-3735,-0.0242,44077.4423,p,vis,Wagner V,,"C,   0,C,   0,,",
-3720,-0.0063,44082.431,s,vis,Germann R,,"B,0044,B,0044,,",
-3697,-0.0009,44089.653,p,vis,Samolyk Gerry,,"A,0021,A,0021,AVSJ 7.29,",
-3661,-0.0167,44101.343,s,vis,Germann R,,"B,0044,B,0044,,",
-3595,-0.0182,44122.349,p,vis,Germann R,,"B,0045,B,0045,,",
-3595,0.0028,44122.37,p,vis,Peter H,,,"B,0045,B,0045,,"
-3573,-0.005,44129.418,p,vis,Peter H,,,"B,0045,B,0045,,"
-3530,-0.0109,44143.363,s,pg,Frank Peter,,"D,0032,D,Lich,,",
-3530,-0.0109,44143.363,s,vis,Germann R,,"B,0045,B,0045,,",
-3517,-0.0043,44147.379,p,vis,Peter H,,,"B,0045,B,0045,,"
-3488,0.0009,44156.685,p,vis,Samolyk Gerry,,"A,0021,A,0021,AVSJ 7.29,",
-3486,-0.0086,44157.317,p,vis,Germann R,,"B,0045,B,0045,,",
-3458,-0.0027,44166.303,p,vis,Germann R,,"B,0045,B,0045,,",
-3458,-0.0027,44166.463,s,vis,Brelstaff T,,"R,0005,R,0005,VSSC 59.18,",
-3457,-0.0144,44166.612,p,vis,Brelstaff T,,"R,0005,R,0005,VSSC 59.18,",
-3455,0.0021,44167.43,s,vis,Brelstaff T,,"R,0005,R,0005,VSSC 59.18,",
-3452,-0.007,44168.383,s,vis,Brelstaff T,,"R,0005,R,0005,VSSC 59.18,",
-3451,-0.0067,44168.544,p,vis,Brelstaff T,,"R,0005,R,0005,VSSC 59.18,",
-3443,-0.0083,44171.2682,s,pe,Fernandes Mario,,"D,0032,D,Lich,,",
-3433,-0.0047,44174.319,p,vis,Brelstaff T,,"R,0005,R,0005,VSSC 59.18,",
-3349,-0.0141,44201.25,p,vis,Germann R,,"B,0045,D,Lich,,",
-3349,-0.0091,44201.255,p,B,Aslan Zeki,,"I,1908,,,,",
-3349,-0.0085,44201.2556,p,V,Aslan Zeki,,"I,1908,,,,",
-3349,-0.0061,44201.258,p,vis,Germann R,,"B,0045,B,0045,,",
-3346,-0.0088,44202.2174,p,B,Aslan Zeki,,"I,1908,,,,",
-3346,-0.0085,44202.2177,p,V,Aslan Zeki,,"I,1908,,,,",
-3327,-0.0009,44208.319,p,vis,Peter H,,,"B,0045,B,0045,,"
-3243,-0.0033,44235.257,p,vis,Germann R,,"B,0046,B,0046,,",
-3178,-0.012,44256.255,s,pg,Frank Peter,,"D,0032,D,Lich,,",
-2594,-0.0039,44443.403,p,vis,Germann R,,"B,0049,B,0049,,",
-2591,-0.0101,44444.519,s,pg,Frank Peter,,"D,0034,D,Lich,,",
-2591,-0.008,44444.5211,s,B,Hopp U,,,"I,2124,,,,"
-2591,-0.0078,44444.5213,s,V,Hopp U,,,"I,2124,,,,"
-2581,-0.0123,44447.564,p,pg,Frank Peter,,"D,0034,D,Lich,,",
-2575,-0.0076,44449.493,p,pg,Frank Peter,,"D,0034,D,Lich,,",
-2569,-0.0069,44451.418,p,pg,Frank Peter,,"D,0034,D,Lich,,",
-2566,-0.002,44452.385,p,vis,Germann R,,"B,0049,B,0049,,",
-2547,-0.0007,44458.48,p,vis,Kolcun A,,"C,0023,C,0023,,",
-2547,0.0003,44458.481,p,vis,Bohuslavova M,,"C,0023,C,0023,,",
-2545,-0.0171,44459.105,p,vis,Macek R,,,"C,0023,C,0023,,"
-2545,-0.0021,44459.12,p,vis,Svoboda V,,"C,0023,C,0023,,",
-2544,-0.0129,44459.43,p,vis,Bimka J,,,"C,0023,C,0023,,"
-2544,-0.0129,44459.43,p,vis,Horky J,,,"C,0023,C,0023,,"
-2544,-0.0089,44459.434,p,vis,Novotny L,,"C,0023,C,0023,,",
-2544,-0.0089,44459.434,p,vis,Kucera Petr ZD,,"C,0023,C,0023,,",
-2544,-0.0069,44459.436,p,vis,Pliska R,,"C,0023,C,0023,,",
-2544,-0.0049,44459.438,p,vis,Malarova K,,"C,0023,C,0023,,",
-2544,-0.0009,44459.442,p,vis,Kolcun A,,"C,0023,C,0023,,",
-2538,-0.008,44461.3592,p,V,Aslan Zeki,,"I,1908,,,,",
-2538,-0.0072,44461.36,p,B,Aslan Zeki,,"I,1908,,,,",
-2523,-0.001,44466.337,s,vis,Germann R,,"B,0049,B,0049,,",
-2519,-0.0072,44467.4536,p,pe,Fernandes Mario,,"D,0034,D,Lich,,",
-2513,-0.0072,44469.378,p,vis,Kucera Petr ZD,,"C,0023,C,0023,,",
-2510,-0.0003,44470.347,p,vis,Germann R,,"B,0049,B,0049,,",
-2491,-0.007,44476.434,p,vis,Peter H,,,"B,0049,B,0049,,"
-2479,-0.0074,44480.2822,p,B,Aslan Zeki,,"I,1908,,,,",
-2479,-0.0073,44480.2823,p,V,Aslan Zeki,,"I,1908,,,,",
-2466,-0.0079,44484.451,p,vis,Peter H,,,"B,0050,B,0050,,"
-2463,-0.0051,44485.416,p,vis,Wils P,,,"A,0021,A,0021,AVSJ 7.29,"
-2460,-0.0063,44486.377,p,vis,Germann R,,"B,0050,B,0050,,",
-2459,-0.006,44486.698,p,vis,Hanson G,,"A,0021,A,0021,AVSJ 7.29,",
-2456,-0.0011,44487.665,p,vis,Hanson G,,"A,0021,A,0021,AVSJ 7.29,",
-2451,-0.0077,44489.422,s,pg,Frank Peter,,"D,0032,D,Lich,,",
-2450,-0.0034,44489.587,p,pg,Frank Peter,,"D,0032,D,Lich,,",
-2448,-0.0059,44490.386,s,pg,Frank Peter,,"D,0032,D,Lich,,",
-2447,-0.0066,44490.546,p,pg,Frank Peter,,"D,0032,D,Lich,,",
-2445,0.004,44491.358,s,vis,Germann R,,"B,0050,B,0050,,",
-2437,-0.0058,44493.754,p,pe,Faulkner Danny,,"I,2321,,,,",
-2419,-0.006,44499.5267,p,pe,Mikolajewska Joa,"I,1953,,,,",,
-2419,-0.0057,44499.527,p,pg,Frank Peter,,"D,0034,D,Lich,,",
-2419,-0.0056,44499.5272,p,pe,Mikolajewska Joa,"I,1953,,,,",,
-2382,-0.0033,44511.396,p,pg,Frank Peter,,"D,0032,D,Lich,,",
-2379,-0.0065,44512.355,p,pg,Frank Peter,,"D,0034,D,Lich,,",
-2379,-0.0065,44512.515,s,pg,Frank Peter,,"D,0034,D,Lich,,",
-2345,-0.0069,44523.259,p,vis,Germann R,,"B,0051,B,0051,,",
-2295,-0.0049,44539.297,p,vis,Germann R,,"B,0051,B,0051,,",
-2261,-0.0013,44550.365,s,vis,Mavrofridis G,,"B,0051,B,0051,,",
-2248,-0.0067,44554.369,p,vis,Mavrofridis G,,"B,0051,B,0051,,",
-2236,0.0077,44558.232,p,vis,Mavrofridis G,,"B,0051,B,0051,,",
-2227,-0.0138,44561.257,s,vis,Germann R,,"B,0051,B,0051,,",
-2217,-0.004,44564.314,p,vis,Germann R,,"B,0051,B,0051,,",
-2214,-0.0081,44565.272,p,vis,Germann R,,"B,0051,B,0051,,",
-2202,-0.0128,44569.276,s,vis,Germann R,,"B,0051,B,0051,,",
-2161,-0.0072,44582.271,p,vis,Mavrofridis G,,"B,0052,B,0052,,",
-2161,0.0018,44582.28,p,vis,Germann R,,"B,0052,B,0052,,",
-2152,-0.0257,44585.299,s,vis,Mavrofridis G,,"B,0052,B,0052,,",
-2149,0.0041,44586.291,s,vis,Germann R,,"B,0052,B,0052,,",
-2146,-0.019,44587.23,s,vis,Mavrofridis G,,"B,0052,B,0052,,",
-2145,-0.0117,44587.398,p,vis,Mavrofridis G,,"B,0052,B,0052,,",
-2096,-0.004,44603.281,s,vis,Germann R,,"B,0052,B,0052,,",
-2065,-0.0093,44613.218,s,vis,Germann R,,"B,0052,B,0052,,",
-2015,-0.0022,44629.261,s,vis,Germann R,,"B,0052,B,0052,,",
-1536,-0.0116,44782.876,s,vis,Cook L,,,"A,0021,A,0021,AVSJ 7.29,"
-1465,-0.0094,44805.4893,p,vis,Elias D,,,"B,0056,B,0056,,"
-1431,-0.0061,44816.557,s,B,Hopp U,,,"I,2124,,,,"
-1415,-0.0166,44821.518,p,vis,Lipovska P,,"C,0026,C,0026,,",
-1413,-0.0001,44822.336,s,vis,Trebacz A,,",,D,Lich,MVS 9.90,",
-1412,-0.0218,44822.475,p,vis,Lipovska P,,"C,   0,C,   0,,",
-1412,-0.0148,44822.482,p,vis,Kulczak M,,",,D,Lich,MVS 9.90,",
-1412,-0.0148,44822.482,p,vis,Pliska R,,"C,0026,C,0026,,",
-1412,-0.0088,44822.488,p,vis,Svoboda V,,"C,0026,C,0026,,",
-1412,-0.0068,44822.49,p,vis,Mrazek J,,"C,0026,C,0026,,",
-1412,-0.0058,44822.491,p,vis,Inneman A,,"C,0026,C,0026,,",
-1409,-0.0259,44823.433,p,vis,Troubil Petr,,"C,   0,C,   0,,",
-1409,-0.0209,44823.438,p,vis,Svoboda V,,"C,0026,C,0026,,",
-1409,-0.0189,44823.44,p,vis,Kolar P Kyjov,,"C,0026,C,0026,,",
-1409,-0.0149,44823.444,p,vis,Markovic J,,"C,0026,C,0026,,",
-1409,-0.0029,44823.456,p,vis,Graf T,,,"C,0026,C,0026,,"
-1409,-0.0009,44823.458,p,vis,Kesslerova N,,"C,   0,C,   0,,",
-1350,-0.0061,44842.3752,p,pe,Diethelm Roger,,"B,0056,B,0056,,",
-1319,-0.0052,44852.4784,s,V,Hopp U,,,"I,2124,,,,"
-1319,-0.0043,44852.4793,s,B,Hopp U,,,"I,2124,,,,"
-1316,-0.0058,44853.44,s,B,Hopp U,,,"I,2124,,,,"
-1316,-0.0044,44853.4414,s,V,Hopp U,,,"I,2124,,,,"
-1316,-0.0026,44853.4432,s,pe,Fernandes Mario,,"D,0034,D,Lich,,",
-1313,-0.0059,44854.4021,s,V,Hopp U,,,"I,2124,,,,"
-1313,-0.0035,44854.4045,s,B,Hopp U,,,"I,2124,,,,"
-1311,-0.006,44854.8834,p,pe,Magrave T,,"I,2086,,,,",
-1309,-0.0049,44855.6859,s,pe,Pensado J,,",,D,Lich,BAOM 11.23,",
-1306,-0.013,44856.64,s,vis,Samolyk Gerry,,"A,0021,A,0021,AVSJ 7.29,",
-1305,-0.0073,44856.8064,p,pe,Magrave T,,"I,2086,,,,",
-1293,-0.0035,44860.8188,s,pe,Magrave T,,"I,2086,,,,",
-1272,-0.0058,44867.5516,s,pe,Fernandes Mario,,"D,0034,D,Lich,,",
-1250,-0.0082,44874.445,p,vis,Carbol K,,"C,0026,C,0026,,",
-1243,-0.0123,44876.686,p,vis,Baldwin Marvin,,"A,0021,A,0021,AVSJ 7.29,",
-1188,-0.0082,44894.3296,p,pe,Fernandes Mario,,"D,0034,D,Lich,,",
-1151,-0.0074,44906.357,s,pe,Fernandes Mario,,"D,0034,D,Lich,,",
-1150,-0.0064,44906.5188,p,pe,Fernandes Mario,,"D,0034,D,Lich,,",
-1138,-0.0082,44910.3656,p,pe,Pensado J,,",,D,Lich,BAOM 11.23,",
-1124,-0.0064,44914.8574,p,pe,Magrave T,,"I,2086,,,,",
-1092,-0.0029,44925.284,s,V,Wolfschmidt G,,"I,2189,,,,",
-1088,-0.0017,44926.408,p,vis,Mavrofridis G,,"B,0058,B,0058,,",
-1085,-0.0099,44927.362,p,vis,Stefanopoulos G,,"B,0058,B,0058,,",
-1085,-0.0019,44927.37,p,vis,Mavrofridis G,,"B,0058,B,0058,,",
-1083,-0.0133,44928,p,vis,Stefanopoulos G,,"B,0058,B,0058,,",
-1082,0,44928.334,p,vis,Mavrofridis G,,"B,0058,B,0058,,",
-1079,-0.0062,44929.29,p,vis,Stefanopoulos G,,"B,0058,B,0058,,",
-1079,-0.0012,44929.295,p,vis,Mavrofridis G,,"B,0058,B,0058,,",
-1076,-0.0004,44930.258,p,vis,Mavrofridis G,,"B,0058,B,0058,,",
-905,0.0007,44985.262,s,pg,Frank Peter,,"D,0113,D,0113,,",
-895,-0.0095,44988.299,p,vis,Germann R,,"B,0058,B,0058,,",
-358,-0.005,45160.5296,p,V,Buchler A,,"I,2385,,,,",
-259,-0.0059,45192.4399,s,V,Buchler A,,"I,2385,,,,",
-256,-0.0059,45193.402,s,V,Buchler A,,"I,2385,,,,",
-253,-0.0061,45194.364,s,vis,Carbol K,,"C,0026,C,0026,,",
-243,0.0027,45197.42,p,vis,Kanuk Peter,,"C,0026,C,0026,,",
-240,-0.0104,45198.369,p,vis,Kanuk Pavol,,"C,0026,C,0026,,",
-240,-0.0034,45198.376,p,vis,Lorenc I,,"C,   0,C,   0,,",
-230,-0.0059,45201.7407,s,pe,Margrave T E,,"I,2292,,,,",
-223,-0.0053,45203.8264,p,pe,Margrave T E,,"I,2292,,,,",
-220,-0.0046,45204.7892,p,pe,Margrave T E,,"I,2292,,,,",
-187,0.0015,45215.379,p,vis,Klaas B,,,"D,0036,D,0036,,"
-156,-0.003,45225.4768,s,pe,Pensado J,,",,D,Lich,BAOM 11.23,",
-155,-0.0041,45225.6365,p,pe,Pensado J,,",,D,Lich,BAOM 11.23,",
-153,-0.0049,45226.4371,s,pe,Pensado J,,",,D,Lich,BAOM 11.23,",
-152,-0.0056,45226.5971,p,pe,Pensado J,,",,D,Lich,BAOM 11.23,",
-150,0.0144,45227.4186,s,vis,Fernandes Mario,,"D,0036,D,0036,,",
-149,-0.0049,45227.56,p,pe,Pensado J,,",,D,Lich,BAOM 11.23,",
-149,-0.0015,45227.5634,p,vis,Fernandes Mario,,"D,0036,D,0036,,",
-143,-0.0068,45229.6424,s,pe,Pensado J,,",,D,Lich,BAOM 11.23,",
-124,0.0012,45235.744,s,vis,Samolyk Gerry,,"A,0021,A,0021,AVSJ 7.29,",
0,-0.0043,45275.3477,p,vis,Diethelm Roger,,"B,0064,0,GCVS,,",
190,-0.0055,45336.2831,p,BV,Groebel R,,"I,2793,I,2793,,",
190,-0.0045,45336.2841,p,BV,Groebel R,,"I,2793,I,2793,,",
258,-0.0065,45358.251,s,vis,Klaas B,,,"D,0036,D,0036,,"
258,-0.0045,45358.253,s,vis,Frank Peter,,"D,0039,D,0039,,",
258,-0.0005,45358.257,s,vis,Ringe P,,,"D,0036,D,0036,,"
792,-0.0014,45529.52,s,pe,Pensado J,,",,D,Lich,BAOM 11.23,",
795,-0.0018,45530.4818,s,pe,Pensado J,,",,D,Lich,BAOM 11.23,",
829,0.0029,45541.391,s,vis,Braune Werner,,"D,0038,D,0038,,",
834,-0.0037,45542.8279,p,pe,Faulkner Danny,,"I,2473,I,2473,,",
855,-0.0027,45549.724,s,vis,Williams D,,"A,0021,A,0021,AVSJ 7.29,",
871,-0.004,45554.8542,s,pe,Faulkner Danny,,"I,2473,I,2473,,",
876,-0.0043,45556.4575,s,V,Groebel R,,"I,2793,I,2793,,",
876,0.0002,45556.462,s,vis,Klaas B,,,"D,0038,D,0038,,"
876,0.0052,45556.467,s,vis,Ringe P,,,"D,0038,D,0038,,"
879,-0.004,45557.42,s,vis,Klaas B,,,"D,0038,D,0038,,"
879,0.002,45557.426,s,vis,Ringe P,,,"D,0038,D,0038,,"
882,-0.0082,45558.378,s,vis,Klaas B,,,"D,0038,D,0038,,"
882,-0.0022,45558.384,s,vis,Ringe P,,,"D,0038,D,0038,,"
882,0.0008,45558.387,s,vis,Braune Werner,,"D,0038,D,0038,,",
895,-0.0005,45562.395,p,vis,Kovac V,,,"C,0026,C,0026,,"
895,0.0005,45562.396,p,vis,Tomajkova J,,"C,0026,C,0026,,",
895,0.0075,45562.403,p,vis,Svoboda P Pr,,"C,0026,C,0026,,",
911,-0.004,45567.523,p,vis,Svoboda P Pr,,"C,0026,C,0026,,",
914,-0.0022,45568.487,p,vis,Svoboda P Pr,,"C,0026,C,0026,,",
917,-0.0083,45569.443,p,vis,Svoboda P Pr,,"C,0026,C,0026,,",
920,0.0015,45570.415,p,vis,Svoboda P Pr,,"C,0026,C,0026,,",
937,-0.0027,45575.863,p,pe,Faulkner Danny,,"I,2473,I,2473,,",
939,-0.0121,45576.495,p,vis,Brelstaff T,,"R,0006,R,0006,VSSC 60.21,",
939,0.0029,45576.51,p,vis,Svoboda P Pr,,"C,0026,C,0026,,",
939,-0.0051,45576.662,s,vis,Krobusek Bruce,,"B,0068,B,0068,,",
942,-0.0043,45577.465,p,vis,Svoboda P Pr,,"C,0026,C,0026,,",
942,0.0117,45577.481,p,vis,Brelstaff T,,"R,0006,R,0006,VSSC 60.21,",
945,-0.0115,45578.42,p,vis,Svoboda P Pr,,"C,0026,C,0026,,",
948,-0.0046,45579.389,p,vis,Svoboda P Pr,,"C,0026,C,0026,,",
949,-0.0048,45579.8695,s,pe,Faulkner Danny,,"I,2473,I,2473,,",
963,-0.0074,45584.357,s,vis,Brelstaff T,,"R,0006,R,0006,VSSC 60.21,",
970,-0.0114,45586.438,p,vis,Svoboda P Pr,,"C,0026,C,0026,,",
971,-0.0041,45586.766,p,vis,Hill R,,,"A,0021,A,0021,AVSJ 7.29,"
971,-0.0023,45586.7678,p,pe,Faulkner Danny,,"I,2473,I,2473,,",
976,-0.0027,45588.371,p,vis,Svoboda P Pr,,"C,0026,C,0026,,",
986,-0.0041,45591.5768,p,pe,Pensado J,,",,D,Lich,BAOM 11.23,",
1032,-0.0047,45606.3293,p,V,Fernandes Mario,,"D,0038,D,0038,,",
1032,-0.0022,45606.4918,s,V,Fernandes Mario,,"D,0038,D,0038,,",
1038,-0.0009,45608.4174,s,BV,Niarchos P,,"I,2820,I,2820,,",
1041,-0.0011,45609.3794,s,BV,Niarchos P,,"I,2820,I,2820,,",
1045,-0.0046,45610.6588,s,pe,Faulkner Danny,,"I,2473,I,2473,,",
1045,-0.0004,45610.663,s,vis,Krobusek Bruce,,"B,0069,B,0069,,",
1047,-0.001,45611.3038,s,BV,Niarchos P,,"I,2820,I,2820,,",
1048,-0.0017,45611.4638,p,BV,Niarchos P,,"I,2820,I,2820,,",
1050,-0.001,45612.266,s,BV,Niarchos P,,"I,2820,I,2820,,",
1051,-0.0018,45612.4259,p,BV,Niarchos P,,"I,2820,I,2820,,",
1054,0.0022,45613.392,p,vis,Wischnewski M,,"D,0038,D,0038,,",
1110,0.0009,45631.351,p,vis,Brelstaff T,,"R,0006,R,0006,VSSC 60.21,",
1120,-0.0049,45634.7124,s,pe,Faulkner Danny,,"I,2473,I,2473,,",
1122,-0.0077,45635.351,s,vis,Brelstaff T,,",,D,Lich,VSSC 60.21,",
1158,-0.0034,45646.7412,p,pe,Faulkner Danny,,"I,2473,I,2473,,",
1172,-0.0027,45651.392,s,vis,Ringe P,,,"D,0038,D,0038,,"
1172,-0.0007,45651.394,s,vis,Schall O,,"D,0038,D,0038,,",
1172,0.0033,45651.398,s,vis,Primke R,,"D,0038,D,0038,,",
1201,-0.0028,45660.5327,p,pe,Faulkner Danny,,"I,2473,I,2473,,",
1235,0.002,45671.442,p,vis,Svoboda P Pr,,"C,0026,C,0026,,",
1237,-0.0049,45672.2365,s,V,Buchler A,,"I,2793,I,2793,,",
1238,-0.0001,45672.402,p,vis,Svoboda P Pr,,"C,0026,C,0026,,",
1241,-0.0063,45673.358,p,vis,Svoboda P Pr,,"C,0026,C,0026,,",
1915,0.0001,45889.529,p,vis,Primke R,,"D,0043,D,Lich,,",
1918,-0.002,45890.489,p,vis,Primke R,,"D,0043,D,Lich,,",
1968,-0.025,45906.502,p,vis,Kaufer-Klump A,,"D,0039,D,0039,,",
1968,-0.022,45906.505,p,vis,Mandel U,,"D,0039,D,0039,,",
1968,0.002,45906.529,p,vis,Primke R,,"D,0043,D,Lich,,",
1983,-0.0048,45911.493,s,pg,Frank Peter,,"D,0039,D,0039,,",
2027,0.0046,45925.454,p,vis,Brelstaff T,,"R,0007,R,0007,VSSC 61.16,",
2050,-0.002,45932.8239,p,pe,Faulkner Danny,,",,,,PASP 98.691,",
2052,-0.0084,45933.459,p,vis,Brelstaff T,,"R,0007,R,0007,VSSC 61.16,",
2055,-0.0005,45934.429,p,vis,Langhoff J,,"D,0039,D,0039,,",
2058,-0.0137,45935.378,p,vis,Langhoff J,,"D,0039,D,0039,,",
2059,-0.0014,45935.871,s,pe,Faulkner Danny,,",,,,PASP 98.691,",
2065,-0.0157,45937.781,s,vis,Samolyk Gerry,,"A,0021,A,0021,AVSJ 7.29,",
2070,-0.0183,45939.382,s,vis,Langhoff J,,"D,0039,D,Lich,,",
2108,-0.0017,45951.586,s,pe,Faulkner Danny,,",,,,PASP 98.691,",
2179,0.0053,45974.364,s,vis,Langhoff J,,"D,0039,D,0039,,",
2192,-0.005,45978.363,p,vis,Schroeder E,,"D,0039,D,0039,,",
2217,0.008,45986.394,p,vis,Lichtschlag G,,"D,0039,D,0039,,",
2229,0.0043,45990.399,s,vis,Primke R,,"D,0043,D,Lich,,",
2235,-0.003,45992.316,s,pg,Frank Peter,,"D,0039,D,0039,,",
2263,0.0009,46001.3,s,vis,Brelstaff T,,"R,0007,R,0007,VSSC 61.16,",
2264,0.0012,46001.461,p,vis,Primke R,,"D,0043,D,Lich,,",
2273,0.0004,46004.3467,p,V,Groebel R,,"I,2793,I,2793,,",
2273,0.0017,46004.348,p,vis,Primke R,,"D,0043,D,Lich,,",
2276,0.0016,46005.31,p,vis,Primke R,,"D,0043,D,Lich,,",
2276,0.0046,46005.313,p,vis,Schall O,,"D,0050,D,0050,,",
2276,0.0036,46005.472,s,vis,Schall O,,"D,0050,D,0050,,",
2276,0.0046,46005.473,s,vis,Primke R,,"D,0043,D,Lich,,",
2286,-0.0026,46008.673,s,vis,Cook Stephen,,"A,0021,A,0021,AVSJ 7.29,",
2292,-0.0059,46010.594,s,vis,Cook Stephen,,"A,0021,A,0021,AVSJ 7.29,",
2314,-0.0088,46017.647,s,vis,Samolyk Gerry,,"A,0021,A,0021,AVSJ 7.29,",
2327,0.0019,46021.667,p,vis,Cook Stephen,,"A,0021,A,0021,AVSJ 7.29,",
2355,-0.0022,46030.643,p,vis,Atwood P,,"A,0021,A,0021,AVSJ 7.29,",
2444,-0.0022,46059.347,s,vis,Brelstaff T,,"R,0007,R,0007,VSSC 61.16,",
2450,-0.0026,46061.271,s,vis,Brelstaff T,,"R,0007,R,0007,VSSC 61.16,",
3077,-0.0011,46262.3633,s,V,Akan M C,,"I,2781,I,3078,,",
3077,-0.0008,46262.3636,s,B,Akan M C,,"I,2781,I,3078,,",
3084,-0.0027,46264.4467,p,V,Evren S,,,"I,2781,I,3078,,"
3084,-0.0024,46264.447,p,B,Evren S,,,"I,2781,I,3078,,"
3102,-0.0026,46270.3797,s,BV,Evren S,,,"I,2781,I,3078,,"
3103,-0.0027,46270.5404,p,B,Evren S,,,"I,2781,I,3078,,"
3103,-0.0023,46270.5408,p,V,Evren S,,,"I,2781,I,3078,,"
3103,-0.0001,46270.703,s,vis,Samolyk Gerry,,"A,0021,A,0021,AVSJ 7.29,",
3106,-0.0024,46271.5028,p,B,Evren S,,,"I,2781,I,3078,,"
3106,-0.0022,46271.503,p,V,Evren S,,,"I,2781,I,3078,,"
3109,-0.0019,46272.4655,p,V,Evren S,,,"I,2781,I,3078,,"
3109,-0.0018,46272.4656,p,B,Evren S,,,"I,2781,I,3078,,"
3112,-0.0027,46273.4268,p,V,Evren S,,,"I,2781,I,3078,,"
3112,-0.0024,46273.4271,p,B,Evren S,,,"I,2781,I,3078,,"
3112,-0.0015,46273.428,p,pe,Ibanoglu C,,"I,3078,D,Lich,,",
3115,-0.003,46274.3887,p,B,Akan M C,,"I,2781,I,3078,,",
3115,-0.0026,46274.3891,p,V,Akan M C,,"I,2781,I,3078,,",
3159,-0.0026,46288.5007,p,V,Lichtschlag G,,"I,3078,I,3078,,",
3165,-0.0056,46290.422,p,vis,Kanalikova J,,"C,0027,C,0027,,",
3168,-0.0048,46291.385,p,vis,Maturkanic M,,"C,0027,C,0027,,",
3168,-0.0038,46291.386,p,vis,Kanalikova J,,"C,0027,C,0027,,",
3168,-0.0028,46291.387,p,vis,Kanuk Pavol,,"C,0027,C,0027,,",
3168,0.0012,46291.391,p,vis,Babic V,,,"C,0027,C,0027,,"
3168,0.0032,46291.393,p,vis,Andel J,,,"C,0027,C,0027,,"
3171,0.0031,46292.355,p,vis,Kanuk Pavol,,"C,0027,C,0027,,",
3171,0.0131,46292.365,p,vis,Kanalikova J,,"C,0027,C,0027,,",
3171,0.0031,46292.515,s,vis,Brelstaff T,,"R,0009,R,0009,VSSC 64.23,",
3175,0.0012,46293.636,p,vis,Samolyk Gerry,,"A,0021,A,0021,AVSJ 7.29,",
3187,-0.0045,46297.479,p,vis,Sipajda M,,"C,0027,C,0027,,",
3187,-0.0035,46297.48,p,vis,Cobirka V,,"C,0027,C,0027,,",
3187,-0.0035,46297.48,p,vis,Stefanisko S,,"C,0027,C,0027,,",
3187,0.0065,46297.49,p,vis,Brelstaff T,,"R,0009,R,0009,VSSC 64.23,",
3190,-0.0096,46298.436,p,vis,Kokes A,,,"C,0027,C,0027,,"
3190,-0.0046,46298.441,p,vis,Kankovsky J,,"C,0027,C,0027,,",
3190,-0.0036,46298.442,p,vis,Safar Jan,,"C,0027,C,0027,,",
3190,-0.0026,46298.443,p,vis,Silhan Jindrich,,"C,0027,C,0027,,",
3190,0.0024,46298.448,p,vis,Vilcak P,,"C,0027,C,0027,,",
3190,0.0044,46298.45,p,vis,Konecny B,,"C,0027,C,0027,,",
3190,0.0084,46298.454,p,vis,Havel J,,,"C,0027,C,0027,,"
3193,-0.0028,46299.405,p,vis,Paschke Anton,,"B,0078,B,0078,,",
3193,-0.002,46299.4058,p,pe,Diethelm Roger,,"B,0078,B,0078,,",
3249,-0.002,46317.366,p,vis,Schroeder E,,"D,0043,D,Lich,,",
3269,0.0026,46323.785,p,vis,Atwood P,,"A,0021,A,0021,AVSJ 7.29,",
3280,-0.0023,46327.308,p,vis,Braune W,,"D,0043,D,Lich,,",
3286,-0.0014,46329.3932,s,B,Tuemer,,,"I,3078,I,3078,,"
3286,-0.0008,46329.3938,s,V,Tuemer,,,"I,3078,I,3078,,"
3287,-0.0013,46329.5541,p,BV,Tuemer,,,"I,3078,I,3078,,"
3314,0.0022,46338.377,s,vis,Schall O,,"D,0052,D,0052,,",
3314,0.0102,46338.385,s,vis,Ringe P,,,"D,0043,D,Lich,,"
3334,-0.0001,46344.629,p,vis,Cook Stephen,,"A,0021,A,0021,AVSJ 7.29,",
3337,-0.001,46345.5903,p,pe,Faulkner Danny,,"0,0000,,,PASP 98,",
3352,0.0049,46350.407,p,vis,Ringe P,,,"D,0043,D,Lich,,"
3355,-0.0042,46351.36,p,vis,Brelstaff T,,"R,0009,R,0009,VSSC 64.24,",
3375,-0.0026,46357.776,p,vis,Atwood P,,"A,0021,A,0021,AVSJ 7.29,",
3420,0.014,46372.385,s,vis,Brelstaff T,,"R,0009,R,0009,VSSC 64.24,",
3549,0.0093,46413.593,p,vis,Samolyk Gerry,,"A,0021,A,0021,AVSJ 7.29,",
3654,0.0048,46447.264,p,vis,Moeller M,,"D,0043,D,Lich,,",
4172,-0.0156,46613.5361,s,pe,Soliman M,,"I,2964,I,2964,,",
4175,-0.0165,46614.4973,s,pe,Soliman M,,"I,2964,I,2964,,",
4178,-0.002,46615.474,s,vis,Vavrincova J,,"C,0028,C,0028,,",
4191,-0.0149,46619.4704,p,pe,Soliman M,,"I,2964,I,2964,,",
4194,-0.0154,46620.4321,p,pe,Soliman M,,"I,2964,I,2964,,",
4206,-0.0157,46624.4404,s,pe,Soliman M,,"I,2964,I,2964,,",
4259,-0.0042,46641.45,s,vis,Gojdic S,,"C,0028,C,0028,,",
4262,-0.0094,46642.407,s,vis,Kaufer-Klump A,,"D,0046,D,Lich,,",
4266,-0.0173,46643.522,p,vis,Isles J E,,"R,0011,R,0011,VSSC 67.9,",
4275,-0.0067,46646.419,p,vis,Babic V,,,"C,0028,C,0028,,"
4275,-0.0017,46646.424,p,vis,Kanuk Pavol,,"C,0028,C,0028,,",
4275,0.0013,46646.427,p,vis,Maturkanic M,,"C,0028,C,0028,,",
4275,0.0016,46646.4273,p,pe,Fernandes M,,"D,0046,D,Lich,,",
4275,0.0023,46646.428,p,vis,Andel J,,,"C,0028,C,0028,,"
4278,-0.0069,46647.381,p,vis,Lelo J,,,"C,0028,C,0028,,"
4278,-0.0049,46647.383,p,vis,Gojdic S,,"C,0028,C,0028,,",
4278,-0.0049,46647.383,p,vis,Sipajda M,,"C,0028,C,0028,,",
4278,-0.0009,46647.387,p,vis,Andel J,,,"C,   0,C,   0,,"
4278,-0.0009,46647.387,p,vis,Babic V,,,"C,0028,C,0028,,"
4278,0.0001,46647.388,p,vis,Kanuk Pavol,,"C,0028,C,0028,,",
4278,-0.0207,46647.5272,s,vis,Sipajda M,,"C,   0,C,   0,,",
4278,-0.0169,46647.531,s,vis,Babic V,,,"C,0028,C,0028,,"
4284,-0.0172,46649.455,s,vis,Babic V,,,"C,0028,C,0028,,"
4284,-0.0162,46649.456,s,vis,Ondovcin J,,"C,0028,C,0028,,",
4284,-0.0112,46649.461,s,vis,Gojdic S,,"C,0028,C,0028,,",
4284,-0.0042,46649.468,s,vis,Andel J,,,"C,0028,C,0028,,"
4294,-0.0014,46652.518,p,vis,Isles J,,,",,D,Lich,VSSC 67.9,"
4316,0.0018,46659.737,s,vis,Samolyk Gerry,,"A,0021,A,0021,AVSJ 7.29,",
4340,0.0045,46667.437,s,vis,Isles J,,,"R,0011,R,0011,VSSC 67.9,"
4346,-0.0013,46669.3555,s,V,Tuemer,,,"I,3078,I,3078,,"
4346,-0.0003,46669.3565,s,B,Tuemer,,,"I,3078,I,3078,,"
4347,-0.0021,46669.5154,p,B,Tuemer,,,"I,3078,I,3078,,"
4347,-0.0019,46669.5156,p,V,Tuemer,,,"I,3078,I,3078,,"
4371,-0.0077,46677.367,s,vis,Schoen J,,"D,0046,D,Lich,,",
4371,0.0093,46677.384,s,vis,Brelstaff T,,"R,0011,R,0011,VSSC 67.9,",
4378,-0.0029,46679.4569,p,pe,Marx H,,,"D,0046,D,Lich,,"
4387,0.0077,46682.354,p,vis,Mavrofridis G,,"B,0081,B,0081,,",
4393,-0.0016,46684.269,p,vis,Mavrofridis G,,"B,0081,B,0081,,",
4396,-0.0047,46685.388,s,vis,Moeller M,,"D,0046,D,Lich,,",
4406,0.0091,46688.449,p,vis,Brelstaff T,,"R,0011,R,0011,VSSC 67.9,",
4409,-0.0026,46689.3995,p,V,Ibanoglu,,"I,3078,I,3078,,",
4409,-0.0022,46689.3999,p,B,Ibanoglu,,"I,3078,I,3078,,",
4409,-0.0008,46689.5613,s,B,Ibanoglu,,"I,3078,I,3078,,",
4409,-0.0005,46689.5616,s,V,Ibanoglu,,"I,3078,I,3078,,",
4415,0.0046,46691.331,p,vis,Mavrofridis G,,"B,0081,B,0081,,",
4418,0.0065,46692.295,p,vis,Mavrofridis G,,"B,0081,B,0081,,",
4421,-0.0018,46693.4089,s,V,Betten F,,"I,3078,I,3078,,",
4440,-0.0024,46699.342,p,vis,Braune W,,"D,0046,D,Lich,,",
4443,0.0065,46700.313,p,vis,Mavrofridis G,,"B,0081,B,0081,,",
4465,-0.0073,46707.355,p,vis,Middlemist J,,"R,0011,R,0011,VSSC 67.9,",
4468,-0.0055,46708.319,p,vis,Braune W,,"D,0046,D,Lich,,",
4468,0.0015,46708.326,p,pg,Brauckhoff D,,",,D,Lich,MVS 11.155,",
4472,-0.0064,46709.601,p,vis,Samolyk Gerry,,"A,0021,A,0021,AVSJ 7.29,",
4484,0.002,46713.618,s,vis,Samolyk Gerry,,"A,0021,A,0021,AVSJ 7.29,",
4488,-0.0049,46714.734,p,vis,Samolyk Gerry,,"A,0021,A,0021,AVSJ 7.29,",
4490,-0.0013,46715.379,p,vis,Mavrofridis G,,"B,0081,B,0081,,",
4490,0.0007,46715.381,p,vis,Middlemist J,,"R,0011,R,0011,VSSC 67.9,",
4493,-0.0075,46716.335,p,vis,Schroeder E,,"D,0046,D,Lich,,",
4493,0.0005,46716.343,p,pg,Brauckhoff D,,",,D,Lich,MVS 11.155,",
4496,-0.0146,46717.29,p,vis,Braune W,,"D,0046,D,Lich,,",
4561,-0.0104,46738.301,s,vis,Schoen J,,"D,0046,D,Lich,,",
4619,0.0019,46756.755,p,vis,Samolyk Gerry,,"A,0021,A,0021,AVSJ 7.29,",
4690,0.0039,46779.528,p,vis,Samolyk Gerry,,"A,0021,A,0021,AVSJ 7.29,",
5456,-0.0014,47025.3535,s,vis,Sterzinger Peter,"D,0050,D,0050,,",,
5466,0.0001,47028.4022,p,vis,Sterzinger Peter,"D,0050,D,0050,,",,
5469,-0.0112,47029.513,s,vis,Renz Wolfgang,,"D,0050,D,0050,,",
5485,-0.0047,47034.491,p,vis,Fiser J,,,"C,0030,C,0030,,"
5485,-0.0027,47034.493,p,vis,Silhan Jindrich,,"C,0030,C,0030,,",
5485,0.0013,47034.497,p,vis,Vabrousek P,,"C,0030,C,0030,,",
5553,0.0054,47056.31,p,vis,Mavrofridis G,,"B,0086,B,0086,,",
5562,0.0029,47059.354,s,vis,Pietz J,,,"D,0050,D,0050,,"
5575,-0.0008,47063.5196,s,pe,Watson J,,"R,0013,R,0013,VSSC 70.18,",
5590,-0.0072,47068.324,s,vis,Schroeder E,,"D,0050,D,0050,,",
5591,-0.0013,47068.4906,p,pe,Watson J,,"R,0013,R,0013,VSSC 70.18,",
5597,-0.0032,47070.413,p,vis,Pietz J,,,"D,0050,D,0050,,"
5597,0.0038,47070.42,p,vis,Birkner C,,"D,0050,D,0050,,",
5600,-0.0024,47071.376,p,vis,Birkner C,,"D,0050,D,0050,,",
5603,-0.0026,47072.338,p,vis,Birkner C,,"D,0050,D,0050,,",
5607,-0.0034,47073.62,p,vis,Samolyk Gerry,,"A,0021,A,0021,AVSJ 7.29,",
5612,-0.002,47075.385,s,pe,Ells J,,,"R,0013,R,0013,VSSC 70.18,"
5631,-0.0018,47081.3189,p,pe,Ells J,,,"R,0013,R,0013,VSSC 70.18,"
5634,0.0072,47082.29,p,vis,Mavrofridis G,,"B,0086,B,0086,,",
5637,-0.011,47083.394,s,vis,Schoen J,,"D,0050,D,0050,,",
5647,0.0008,47086.453,p,vis,Birkner C,,"D,0050,D,0050,,",
5650,-0.0027,47087.4116,p,V,Agerer Franz,,"D,0050,D,0050,,",
5650,-0.002,47087.4123,p,B,Agerer Franz,,"D,0050,D,0050,,",
5650,-0.0037,47087.5707,s,V,Agerer Franz,,"D,0050,D,0050,,",
5650,-0.0023,47087.5721,s,B,Agerer Franz,,"D,0050,D,0050,,",
5654,-0.0052,47088.692,p,vis,Hill R,,,"A,0021,A,0021,AVSJ 7.29,"
5654,-0.0022,47088.695,p,vis,Atwood P,,"A,0021,A,0021,AVSJ 7.29,",
5662,0.001,47091.264,p,vis,Mavrofridis G,,"B,0086,B,0086,,",
5719,0.003,47109.707,s,vis,Hill R,,,"A,0021,A,0021,AVSJ 7.29,"
5737,-0.0016,47115.3153,p,vis,Sterzinger Peter,"D,0050,D,0050,,",,
5824,-0.0049,47143.3746,s,pe,Ells J,,,"R,0013,R,0013,VSSC 70.18,"
5993,0,47197.581,s,vis,Samolyk Gerry,,"A,0021,A,0021,AVSJ 7.29,",
6464,0.0123,47348.4919,p,vis,Hornoch K,,"C,0030,C,0030,,",
6542,-0.0037,47373.492,p,vis,Pietz J,,,"D,0052,D,0052,,"
6548,-0.008,47375.412,p,vis,Brauckhoff D,,",,D,Lich,MVS 12.16,",
6570,-0.0068,47382.469,p,vis,Brauckhoff D,,",,D,Lich,MVS 12.16,",
6576,0.0039,47384.404,p,vis,Egyhazi Z,,"C,0030,C,0030,,",
6576,0.0059,47384.406,p,vis,Silhan Jindrich,,"C,0030,C,0030,,",
6576,0.0059,47384.406,p,vis,Wagner V,,"C,0030,C,0030,,",
6576,0.0139,47384.414,p,vis,Slatinska R,,"C,0030,D,Lich,,",
6576,0.0139,47384.414,p,vis,Kudlova R.,,"C,0030,C,0030,,",
6579,0.0087,47385.371,p,vis,Mavrofridis G,,"B,0089,B,0089,,",
6585,0.0044,47387.451,s,vis,Vabrousek P,,"C,0030,C,0030,,",
6585,0.0164,47387.463,s,vis,"Dvorak J., Z.",,"C,0030,C,0030,,",
6629,-0.0003,47401.398,p,vis,Samolyk Gerry,,"A,0021,A,0021,AVSJ 7.29,",
6645,-0.0013,47406.5285,p,V,Pajdosz G,,"I,4263,I,4263,,",
6651,-0.0061,47408.448,p,vis,Brauckhoff D,,",,D,Lich,MVS 12.16,",
6654,-0.0042,47409.412,p,vis,Brauckhoff D,,",,D,Lich,MVS 12.16,",
6660,-0.0015,47411.339,p,vis,Samolyk Gerry,,"A,0021,A,0021,AVSJ 7.29,",
6672,0.0088,47415.358,s,vis,Svoboda P Tr,,"C,0030,C,0030,,",
6707,-0.0083,47426.406,p,vis,Girrbach D,,"D,0052,D,0052,,",
6713,-0.0023,47428.4963,s,pe,Ells J,,,"R,0014,R,0014,,"
6760,-0.0044,47443.408,p,vis,Brauckhoff D,,",,D,Lich,MVS 12.16,",
6779,-0.0141,47449.652,s,vis,Baldwin Marvin,,"A,0021,A,0021,AVSJ 7.29,",
6797,-0.0022,47455.4368,s,V,Pajdosz G,,"I,4263,I,4263,,",
6819,-0.0019,47462.333,p,vis,Kriebel W,,"D,0052,D,0052,,",
6825,0.0008,47464.42,s,vis,Samolyk Gerry,,"A,0021,A,0021,AVSJ 7.29,",
6841,0.0133,47469.404,p,vis,Middlemist J,,"R,0014,R,0014,,",
6844,-0.0028,47470.35,p,vis,Maintz Gisela,,"D,0052,D,0052,,",
6844,0.0012,47470.354,p,vis,Middlemist J,,"R,0014,R,0014,,",
6844,0.0022,47470.355,p,vis,Kriebel W,,"D,0052,D,0052,,",
6844,-0.0098,47470.503,s,vis,Seifert K,,"D,0052,D,0052,,",
6847,-0.004,47471.311,p,vis,Brauckhoff D,,",,D,Lich,MVS 12.16,",
6865,-0.0023,47477.2456,s,V,Agerer Franz,,"D,0052,D,0052,,",
6865,-0.0016,47477.2463,s,B,Agerer Franz,,"D,0052,D,0052,,",
6868,-0.0051,47478.045,p,pg,Nagai Kazuo,,"J,0047,,,,",
6894,-0.0078,47486.381,p,vis,Seifert K,,"D,0052,D,0052,,",
6897,-0.0029,47487.348,p,vis,Seifert K,,"D,0052,D,0052,,",
6922,-0.0029,47495.366,p,vis,Seifert K,,"D,0052,D,0052,,",
6923,-0.0006,47495.689,p,vis,Atwood P,,"A,0021,A,0021,AVSJ 7.29,",
7011,-0.0129,47524.06,s,pg,Nagai Kazuo,,"J,0047,,,,",
7028,-0.0046,47529.3605,p,pe,Diethelm Roger,,"B,0090,B,0090,,",
7031,-0.0003,47530.327,p,vis,Maintz Gisela,,"D,0052,D,0052,,",
7056,0.0068,47538.3521,p,vis,Umlauf A,,"C,0030,C,0030,,",
7059,-0.0016,47539.3058,p,pe,Ells J,,,"R,0015,R,0015,VSSC 73,"
7060,0.0029,47539.631,p,vis,Samolyk Gerry,,"A,0021,A,0021,AVSJ 7.29,",
7481,-0.0138,47674.797,s,vis,Samolyk Gerry,,"A,0021,A,0021,AVSJ 7.29,",
7642,0.0084,47726.455,s,vis,Seifert K,,"D,0056,D,0056,,",
7645,-0.0058,47727.403,s,pg,Frank Peter,,"D,0056,D,0056,,",
7670,0.0063,47735.433,s,vis,Seifert K,,"D,0056,D,0056,,",
7670,0.0063,47735.433,s,vis,"Dvorak J., B.",,"C,0030,C,0030,,",
7670,0.0104,47735.4371,s,vis,Lizalova I,,"C,0030,C,0030,,",
7670,0.0111,47735.4378,s,vis,Zejda Miloslav,,"C,0030,C,0030,,",
7670,0.0132,47735.4399,s,vis,Nejeschleba T,,"C,0030,C,0030,,",
7670,0.0133,47735.44,s,vis,Schertler R,,"D,0056,D,0056,,",
7683,-0.0001,47739.436,p,vis,Seifert K,,"D,0056,D,0056,,",
7699,-0.0026,47744.725,s,vis,Samolyk Gerry,,"A,0021,A,0021,AVSJ 7.29,",
7702,0.0063,47745.536,p,vis,Seifert K,,"D,0056,D,0056,,",
7711,0.0038,47748.42,p,vis,Seifert K,,"D,0056,D,0056,,",
7723,0.0052,47752.43,s,vis,Seifert K,,"D,0056,D,0056,,",
7748,-0.0018,47760.441,s,pg,Frank Peter,,"D,0056,D,Lich,,",
7748,-0.0008,47760.442,s,vis,Brelstaff T,,"R,0015,R,0015,VSSC 73,",
7749,-0.0005,47760.603,p,pg,Frank,,,"D,0056,D,0056,,"
7751,-0.004,47761.401,s,vis,Brelstaff T,,"R,0015,R,0015,VSSC 73,",
7751,-0.0013,47761.4037,s,vis,Lubena L,,"C,0030,C,0030,,",
7767,-0.0057,47766.5308,s,pe,Mueyesseroglu Z,,"I,4380,I,4380,,",
7776,-0.0019,47769.421,s,pe,Oezeren F,,"I,4380,I,4380,,",
7779,-0.001,47770.3841,s,V,Lichtschlag,,"I,3760,I,3760,,",
7779,0.0175,47770.4026,s,vis,Nejeschleba T,,"C,0030,C,0030,,",
7780,0.011,47770.5568,p,vis,Lubena L,,"C,0030,C,0030,,",
7780,0.0186,47770.5644,p,vis,Mica K,,,"C,0031,C,0031,,"
7782,-0.0033,47771.344,s,pe,Guerol B,,"I,4380,I,4380,,",
7783,0.0017,47771.5097,p,pe,Guerol B,,"I,4380,I,4380,,",
7795,0.0008,47775.3574,p,pe,Kahraman G,,"I,4380,I,4380,,",
7801,0.0021,47777.443,s,vis,Seifert K,,"D,0056,D,0056,,",
7804,0.0059,47778.409,s,vis,Braune Werner,,"D,0056,D,0056,,",
7855,0.0023,47794.762,s,vis,Samolyk Gerry,,"A,0021,A,0021,AVSJ 7.29,",
7913,0.0006,47813.362,s,vis,Brelstaff T,,"R,0015,R,0015,VSSC 73,",
7919,0.0062,47815.292,s,vis,Seifert K,,"D,0056,D,0056,,",
7929,0.003,47818.336,p,vis,Seifert K,,"D,0056,D,0056,,",
7929,0.01,47818.343,p,vis,Girrbach D,,"D,0056,D,0056,,",
7939,0.0004,47821.5405,p,pe,Muller,,,"I,3593,I,3593,,"
7942,-0.0006,47822.6617,s,pe,Muller,,,"I,3593,I,3593,,"
7945,-0.0035,47823.621,s,vis,Samolyk Gerry,,"A,0021,A,0021,AVSJ 7.29,",
7952,-0.0003,47825.7092,p,pe,Muller,,,"I,3593,I,3593,,"
7969,-0.0001,47831.3216,s,pe,Ells J,,,"R,0015,R,0015,VSSC 73,"
8026,0,47849.4427,p,pe,Ringe P,,,"D,0059,D,0059,,"
8029,0,47850.5649,s,pe,Muller,,,"I,3593,I,3593,,"
8042,0.0005,47854.5747,p,pe,Muller,,,"I,3593,I,3593,,"
8047,0.0032,47856.341,s,vis,Middlemist J,,"R,0015,R,0015,VSSC 73,",
8060,0.0189,47860.366,p,vis,Middlemist J,,"R,0015,R,0015,VSSC 73,",
8060,0.0009,47860.508,s,pe,Muller,,,"I,3593,I,3593,,"
8063,0.0227,47861.332,p,vis,Middlemist J,,"R,0015,R,0015,VSSC 73,",
8150,0.0076,47889.3795,s,vis,Lubena L,,"C,0030,C,0030,,",
8765,0.003,48086.457,p,vis,Seifert K,,"D,0059,D,0059,,",
8768,0.0004,48087.4166,p,B,Agerer Franz,,"D,0059,D,0059,,",
8768,0.001,48087.4172,p,V,Agerer Franz,,"D,0059,D,0059,,",
8793,0.0054,48095.4396,p,vis,Lubena L,,"C,0031,C,0031,,",
8793,0.0103,48095.4445,p,vis,Mica K,,,"C,0031,C,0031,,"
8805,0.0092,48099.452,s,vis,Seifert K,,"D,0059,D,0059,,",
8815,0.009,48102.499,p,vis,Simon Vojta,,"C,0031,C,0031,,",
8830,-0.0008,48107.46,s,vis,Seifert K,,"D,0059,D,0059,,",
8871,0.0068,48120.457,p,vis,Cervinka T,,"C,0031,C,0031,,",
8871,0.0089,48120.4591,p,vis,Nos P,,,"C,0031,C,0031,,"
8877,0.0005,48122.3751,p,vis,Sychra R,,"C,0031,C,0031,,",
8877,0.0082,48122.3828,p,vis,Ingr M,,,"C,0031,C,0031,,"
8902,0.0246,48130.4171,p,vis,Lubena L,,"C,0031,C,0031,,",
8905,0.0003,48131.355,p,vis,Seifert K,,"D,0059,D,0059,,",
8914,0.0104,48134.4116,s,vis,Sychra R,,"C,0031,C,0031,,",
8919,0.0052,48135.85,p,vis,Samolyk Gerry,,"A,0021,A,0021,AVSJ 7.29,",
8958,0.0012,48148.354,p,vis,Girrbach D,,"D,0059,D,0059,,",
8977,0.0045,48154.611,s,vis,Samolyk Gerry,,"A,0021,A,0021,AVSJ 7.29,",
8989,0.0024,48158.2975,p,pe,Mueyesseroglu Z,,"I,4380,I,4380,,",
8989,0.0002,48158.4553,s,pe,Mueyesseroglu Z,,"I,4380,I,4380,,",
8992,-0.0003,48159.4169,s,pe,Mueyesseroglu Z,,"I,4380,I,4380,,",
9055,0.0005,48179.463,p,vis,Frank Peter,,"D,0059,D,0059,,",
9055,0.0011,48179.4636,p,V,Agerer Franz,,"D,0059,D,0059,,",
9055,0.0011,48179.4636,p,B,Agerer Franz,,"D,0059,D,0059,,",
9055,-0.0012,48179.6213,s,V,Agerer Franz,,"D,0059,D,0059,,",
9055,0.0005,48179.623,s,B,Agerer Franz,,"D,0059,D,0059,,",
9055,0.0055,48179.628,s,vis,Frank Peter,,"D,0059,D,0059,,",
9076,0.0034,48186.361,s,vis,Seifert K,,"D,0059,D,0059,,",
9076,0.0054,48186.363,s,vis,Maintz Gisela,,"D,0059,D,0059,,",
9079,0.0052,48187.325,s,vis,Maintz Gisela,,"D,0059,D,0059,,",
9082,0.004,48188.286,s,vis,Seifert K,,"D,0059,D,0059,,",
9890,0.004,48447.4269,s,vis,Petrik K,,"C,0031,C,0031,,",
9890,0.0047,48447.4276,s,vis,Maturkanic M,,"C,0031,C,0031,,",
9890,0.0068,48447.4297,s,vis,Kundrat M,,"C,0031,C,0031,,",
9890,0.0075,48447.4304,s,vis,Egyhazi Z,,"C,0031,C,0031,,",
9897,0.0184,48449.5263,p,vis,Louzilova P,,"C,0031,C,0031,,",
9900,0.0028,48450.4729,p,vis,Kundrat M,,"C,0031,C,0031,,",
9900,0.0049,48450.475,p,vis,Egyhazi Z,,"C,0031,C,0031,,",
9912,-0.0017,48454.477,s,vis,Seifert K,,"D,0060,D,0060,,",
9943,0.001,48464.422,s,vis,Seifert K,,"D,0060,D,0060,,",
9981,0.0116,48476.4599,p,vis,Honzik L,,"C,0031,C,0031,,",
9981,0.0165,48476.4648,p,vis,Louzilova P,,"C,0031,C,0031,,",
9981,0.0193,48476.4676,p,vis,Rottenborn M,,"C,0031,C,0031,,",
9984,0.0127,48477.4232,p,vis,Sojka J,,,"C,0031,C,0031,,"
10009,0.0021,48485.4306,p,vis,Junasek I,,"C,   0,C,   0,,",
10009,0.0025,48485.431,p,vis,Girrbach D,,"D,0060,D,0060,,",
10009,0.0076,48485.4361,p,vis,Cervinka T,,"C,   0,C,   0,,",
10024,-0.0013,48490.398,s,vis,Seifert K,,"D,0060,D,0060,,",
10049,0.0035,48498.4207,s,vis,Polak J,,,"C,   0,C,   0,,"
10052,0.017,48499.3964,s,vis,Rottenborn M,,"C,0031,C,0031,,",
10055,0.0015,48500.183,p,V,Hipparcos,,"0,Hipp,0,Hipp,,",
10059,0.0064,48501.4708,p,vis,Polak J,,,"C,0031,C,0031,,"
10065,0.0036,48503.3923,p,vis,Polak J,,,"C,0031,C,0031,,"
10068,0.0021,48504.353,p,vis,Seifert K,,"D,0060,D,0060,,",
10068,0.0023,48504.3532,p,pe,Guerol B,,"I,4380,I,4380,,",
10068,0.0007,48504.5116,s,pe,Guerol B,,"I,4380,I,4380,,",
10071,-0.0028,48505.3102,p,pe,Mueyesseroglu Z,,"I,4380,I,4380,,",
10071,0.0016,48505.4746,s,V,Mueyesseroglu Z,,"I,4380,I,4380,,",
10093,0.0062,48512.3751,p,vis,Polak J,,,"C,0031,C,0031,,"
10093,0.0132,48512.3821,p,vis,Kratochvil A,,"C,   0,C,   0,,",
10121,0.004,48521.353,p,vis,Seifert K,,"D,0060,D,0060,,",
10158,0.0054,48533.381,s,vis,Girrbach D,,"D,0060,D,0060,,",
10162,-0.0005,48534.498,p,vis,Polak J,,,"C,0031,C,0031,,"
10162,0.0009,48534.4994,p,vis,Vetrovcova M,,"C,0031,C,0031,,",
10162,0.003,48534.5015,p,vis,Kratochvil A,,"C,0031,C,0031,,",
10162,0.0044,48534.5029,p,vis,Vosmik R,,"C,0031,C,0031,,",
10162,0.0072,48534.5057,p,vis,Honzik L,,"C,0031,C,0031,,",
10162,0.01,48534.5085,p,vis,Zibar M,,,"C,0031,C,0031,,"
10165,0.0013,48535.4619,p,vis,Polak J,,,"C,0031,C,0031,,"
10165,0.0125,48535.4731,p,vis,Vetrovcova M,,"C,0031,C,0031,,",
10171,0.004,48537.3889,p,pe,Oezdemir S,,"I,4380,I,4380,,",
10196,0.0041,48545.567,s,vis,Samolyk Gerry,,"A,0021,A,0021,AVSJ 7.29,",
10217,0.004,48552.302,s,vis,Peter H,,,"B,0099,B,0099,,"
10230,-0.0023,48556.3051,p,vis,Polak J,,,"C,0031,C,0031,,"
10230,0.0019,48556.3093,p,vis,Vetrovcova M,,"C,0031,C,0031,,",
10230,0.0051,48556.4725,s,vis,Polak J,,,"C,0031,C,0031,,"
10230,0.0085,48556.4759,s,vis,Zibar M,,,"C,0031,C,0031,,"
10230,0.0169,48556.4843,s,vis,Vetrovcova M,,"C,0031,C,0031,,",
10233,0.0054,48557.4349,s,vis,Polak J,,,"C,0031,C,0031,,"
10233,0.0096,48557.4391,s,vis,Vetrovcova M,,"C,0031,C,0031,,",
10233,0.0159,48557.4454,s,vis,Zibar M,,,"C,0031,C,0031,,"
10249,0.0053,48562.4063,p,vis,Rehor M,,,"C,   0,C,   0,,"
10268,0.0083,48568.663,s,vis,Samolyk Gerry,,"A,0021,A,0021,AVSJ 7.29,",
10426,0.0021,48619.3304,s,pe,Blaettler Ernst,,"B,0099,B,0099,,",
10879,0.0083,48764.4623,p,vis,Kratochvil A,,"C,0031,C,0031,,",
10901,0.0037,48771.5135,p,vis,Polak J,,,"C,0031,C,0031,,"
10901,0.0037,48771.5135,p,vis,Kratochvil A,,"C,0031,C,0031,,",
10994,0.0043,48801.501,s,vis,Polak J,,,"C,0031,C,0031,,"
10994,0.0057,48801.5024,s,vis,Kratochvil A,,"C,0031,C,0031,,",
10994,0.0105,48801.5072,s,vis,Rottenborn M,,"C,0031,C,0031,,",
10994,0.0154,48801.5121,s,vis,Zibar M,,,"C,0031,C,0031,,"
10994,0.0196,48801.5163,s,vis,Louzilova P,,"C,0031,C,0031,,",
11063,-0.0005,48823.4658,p,vis,Kratochvil A,,"C,0031,C,0031,,",
11063,0.005,48823.4713,p,vis,Polak J,,,"C,0031,C,0031,,"
11075,-0.006,48827.4689,s,vis,Zibar M,,,"C,0031,C,0031,,"
11075,-0.0005,48827.4744,s,vis,Kratochvil A,,"C,0031,C,0031,,",
11075,0.0106,48827.4855,s,vis,Polak J,,,"C,0031,C,0031,,"
11078,-0.005,48828.4321,s,vis,Rehor M,,,"C,0031,C,0031,,"
11085,0.0046,48830.5267,p,vis,Rehor M,,,"C,0031,C,0031,,"
11085,0.0081,48830.5302,p,vis,Honzik L,,"C,0031,C,0031,,",
11085,0.0102,48830.5323,p,vis,Kratochvil A,,"C,0031,C,0031,,",
11091,0.0158,48832.4622,p,vis,Galia R,,,"C,0031,C,0031,,"
11093,0.003,48833.0909,p,V,Zhang R X,,"I,3772,I,3772,,",
11093,0.0038,48833.0917,p,B,Zhang R X,,"I,3772,I,3772,,",
11094,0.0272,48833.4358,p,vis,Kucera Petr ZD,,"C,0031,C,0031,,",
11096,0.0027,48834.2127,s,V,Zhang R X,,"I,3772,I,3772,,",
11096,0.003,48834.213,s,V,Zhang R X,,"I,3772,I,3772,,",
11101,-0.0016,48835.812,s,vis,Samolyk Gerry,,"A,0021,A,0021,AVSJ 7.29,",
11184,0.0046,48862.4379,s,vis,Vyboch R,,"C,0031,C,0031,,",
11184,0.013,48862.4463,s,vis,Stolarik J,,"C,0031,C,0031,,",
11225,0.0003,48875.4231,p,vis,Kratochvil A,,"C,0031,C,0031,,",
11225,0.0023,48875.4251,p,vis,Polak J,,,"C,0031,C,0031,,"
11226,0.0075,48875.751,p,vis,Hill R,,,"A,0023,A,0023,JRAC 73.321,"
11262,0.0027,48887.2921,p,pe,Oezdemir S,,"I,4380,I,4380,,",
11262,0.0017,48887.4511,s,pe,Oezdemir S,,"I,4380,I,4380,,",
11278,0.0016,48892.4225,p,vis,Polak J,,,"C,0031,C,0031,,"
11278,0.0051,48892.426,p,vis,Dahm Michael,,"D,0062,D,0062,,",
11278,0.0099,48892.4308,p,vis,Zibar M,,,"C,0031,C,0031,,"
11327,0.0079,48908.304,s,vis,Seifert K,,"D,0062,D,0062,,",
11356,-0.001,48917.596,s,vis,Samolyk Gerry,,"A,0023,A,0023,JRAC 73.321,",
11471,0.0011,48954.3207,p,vis,Rottenborn M,,"C,0031,C,0031,,",
11472,0.0036,48954.644,p,vis,Samolyk Gerry,,"A,0023,A,0023,JRAC 73.321,",
11567,0.0059,48985.2746,s,vis,Zibar M,,,"C,0031,C,0031,,"
12274,0.043,49212.06,s,V,Nagai Kazuo,,"J,0047,,,,",
12294,0.0083,49218.4397,s,vis,Polak J,,,"C,0031,C,0031,,"
12314,-0.0028,49224.683,p,vis,Cook Stephen,,"A,0023,A,0023,JRAC 73.321,",
12317,-0.0009,49225.647,p,vis,Cook Stephen,,"A,0023,A,0023,JRAC 73.321,",
12367,-0.0109,49241.673,p,vis,Samolyk Gerry,,"A,0023,A,0023,JRAC 73.321,",
12367,-0.0039,49241.68,p,vis,Williams D,,"A,0023,A,0023,JRAC 73.321,",
12369,-0.0004,49242.3249,p,pe,Oezeren F,,"I,4380,I,4380,,",
12369,-0.0015,49242.4838,s,pe,Oezeren F,,"I,4380,I,4380,,",
12438,0.0011,49264.616,s,vis,Samolyk Gerry,,"A,0023,A,0023,JRAC 73.321,",
12448,-0.0061,49267.656,p,vis,Cook Stephen,,"A,0023,A,0023,JRAC 73.321,",
12466,0.0059,49273.601,s,vis,Samolyk Gerry,,"A,0023,A,0023,JRAC 73.321,",
12478,0.0063,49277.29,p,vis,Seifert K,,"D,0068,D,0068,,",
12481,0.0162,49278.262,p,vis,Seifert K,,"D,0068,D,0068,,",
12482,0.0044,49278.571,p,vis,Samolyk Gerry,,"A,0023,A,0023,JRAC 73.321,",
12487,0.0058,49280.336,s,vis,Seifert K,,"D,0068,D,0068,,",
12585,-0.0056,49311.755,s,vis,Samolyk Gerry,,"A,0023,A,0023,JRAC 73.321,",
12651,-0.0081,49332.92,s,V,Nagai Kazuo,,"J,0047,,,,",
13286,0.0171,49536.4417,p,vis,Fedorisin J,,"C,0031,C,0031,,",
13286,0.0219,49536.4465,p,vis,Vanko M,,,"C,0031,C,0031,,"
13286,0.0261,49536.4507,p,vis,Stefanco M,,"C,0031,C,0031,,",
13286,0.0282,49536.4528,p,vis,Parada M,,"C,   0,C,   0,,",
13286,0.0289,49536.4535,p,vis,Rusinko J,,"C,0031,C,0031,,",
13289,0.0208,49537.4076,p,vis,Vanko M,,,"C,   0,C,   0,,"
13289,0.0229,49537.4097,p,vis,Fedorisin J,,"C,0031,C,0031,,",
13289,0.0271,49537.4139,p,vis,Rusnak M,,"C,0031,C,0031,,",
13289,0.0354,49537.4222,p,vis,Stano S,,,"C,0031,C,0031,,"
13385,0.0082,49568.184,p,vis,Naito Ryosuke,,"J,0047,,,,",
13404,-0.0025,49574.427,s,vis,Seifert K,,"D,0079,D,0079,,",
13451,-0.006,49589.4973,s,B,Heckert P,,"I,4127,I,4127,,",
13451,-0.0044,49589.4989,s,V,Heckert P,,"I,4127,I,4127,,",
13452,-0.006,49589.658,p,ccd,Cook Stephen,,"A,0023,A,0023,JRAC 73.321,",
13467,-0.0074,49594.4674,p,V,Heckert P,,"I,4127,I,4127,,",
13467,-0.0052,49594.4696,p,B,Heckert P,,"I,4127,I,4127,,",
13476,-0.0056,49597.5156,s,B,Heckert P,,"I,4127,I,4127,,",
13476,-0.0053,49597.5159,s,V,Heckert P,,"I,4127,I,4127,,",
13561,-0.0154,49624.607,p,vis,Samolyk Gerry,,"A,0023,A,0023,JRAC 73.321,",
13613,-0.0007,49641.299,p,vis,Gensler Jan,,"D,0079,D,0079,,",
13732,0.0007,49679.626,s,vis,Samolyk Gerry,,"A,0023,A,0023,JRAC 73.321,",
13797,-0.007,49700.305,p,pe,Diethelm Roger,,"B,0108,B,0108,,",
14499,-0.0164,49925.4404,p,vis,Zibar M,,,"C,0032,,,,SB"
14499,-0.0157,49925.4411,p,vis,Netolicky M,,"C,0032,,,,DB",
14499,-0.0143,49925.4425,p,vis,Dedoch A,,"C,0032,,,,SB",
14499,-0.0095,49925.4473,p,vis,Polak J,,,"C,0032,,,,SB"
14499,-0.0088,49925.448,p,vis,Brat Lubos,,"C,0032,,,,SB",
14499,-0.0067,49925.4501,p,vis,Hajek P,,,"C,0032,,,,SM"
14499,-0.0032,49925.4536,p,vis,Strobl J,,"C,0032,,,,DB",
14499,-0.0031,49925.4537,p,vis,Honzik L,,"C,0032,C,0032,,",
14499,-0.0025,49925.4543,p,vis,Vetrovcova M,,"C,0032,,,,SB",
14499,0.0026,49925.4594,p,vis,Rottenborn M,,"C,0032,D,Lich,,",
14508,-0.0057,49928.4976,s,ccd,Birkner C,,"D,0090,I,4382,,",
14511,-0.0087,49929.4567,s,ccd,Birkner C,,"D,0090,I,4382,,",
14511,-0.006,49929.4594,s,vis,Rottenborn M,,"C,0032,,,,SM",
14527,-0.0078,49934.4291,p,vis,Kratochvil A,,"C,0032,,,,SB",
14527,-0.0049,49934.432,p,vis,Polak J,,,"C,0032,C,0032,,"
14527,0.0103,49934.4472,p,vis,Rottenborn M,,"C,0032,,,,SM",
14530,-0.0051,49935.394,p,vis,Dedoch A,,"B,0110,B,0110,,",
14530,0.0009,49935.4,p,vis,Vetrovcova M,,"C,0032,,,,SB",
14537,-0.0071,49937.637,p,ccd,Cook Stephen,,"A,0023,A,0023,JRAC 73.321,",
14552,-0.0066,49942.4483,p,vis,Vetrovcova M,,"C,0032,,,,RF70",
14592,-0.0086,49955.435,s,vis,Marcin L,,"C,0032,C,0032,,",
14592,0.0005,49955.4441,s,vis,Parada M,,"C,0032,C,0032,,",
14592,0.004,49955.4476,s,vis,Stano S,,,"C,0032,C,0032,,"
14592,0.0185,49955.4621,s,vis,Sura F,,,"C,0032,C,0032,,"
14654,-0.0073,49975.3209,s,pe,Mueyesseroglu Z,,"I,4380,I,4380,,",
14655,-0.0086,49975.4803,p,pe,Mueyesseroglu Z,,"I,4380,I,4380,,",
14667,-0.0089,49979.3287,p,B,Essam Ahmed,,",,,,NRIAG PP.17,74in+EMI9862",
14667,-0.0087,49979.3289,p,V,Essam Ahmed,,",,,,NRIAG PP.17,74in+EMI9862",
14667,-0.0117,49979.4858,s,V,Essam Ahmed,,",,,,NRIAG PP.17,74in+EMI9862",
14667,-0.0114,49979.4861,s,B,Essam Ahmed,,",,,,NRIAG PP.17,74in+EMI9862",
14670,-0.008,49980.2917,p,B,Essam Ahmed,,",,,,NRIAG PP.17,74in+EMI9862",
14670,-0.0078,49980.2919,p,V,Essam Ahmed,,",,,,NRIAG PP.17,74in+EMI9862",
14673,-0.008,49981.2539,p,V,Essam Ahmed,,",,,,NRIAG PP.17,74in+EMI9862",
14673,-0.0074,49981.2545,p,B,Essam Ahmed,,",,,,NRIAG PP.17,74in+EMI9862",
14673,-0.0094,49981.4125,s,V,Essam Ahmed,,",,,,NRIAG PP.17,74in+EMI9862",
14673,-0.0085,49981.4134,s,B,Essam Ahmed,,",,,,NRIAG PP.17,74in+EMI9862",
14676,-0.0087,49982.3753,s,B,Essam Ahmed,,",,,,NRIAG PP.17,74in+EMI9862",
14676,-0.0084,49982.3757,s,V,Essam Ahmed,,",,,,NRIAG PP.17,74in+EMI9862",
14677,-0.0114,49982.5334,p,B,Essam Ahmed,,",,,,NRIAG PP.17,74in+EMI9862",
14677,-0.0088,49982.536,p,V,Essam Ahmed,,",,,,NRIAG PP.17,74in+EMI9862",
14680,-0.0169,49983.65,s,vis,Samolyk Gerry,,"A,0023,A,0023,JRAC 73.321,",
14685,-0.0094,49985.2611,s,B,Essam Ahmed,,",,,,NRIAG PP.17,74in+EMI9862",
14685,-0.009,49985.2615,s,V,Essam Ahmed,,",,,,NRIAG PP.17,74in+EMI9862",
14686,-0.0075,49985.4237,p,V,Essam Ahmed,,",,,,NRIAG PP.17,74in+EMI9862",
14686,-0.0068,49985.4245,p,B,Essam Ahmed,,",,,,NRIAG PP.17,74in+EMI9862",
14696,-0.0084,49988.63,p,vis,Samolyk Gerry,,"A,0023,A,0023,JRAC 73.321,",
14701,0.004,49990.406,s,vis,Martignoni Max,,"B,0113,B,0113,,",
14702,0.0033,49990.566,p,vis,Martignoni Max,,"B,0113,B,0113,,",
14708,-0.0171,49992.63,s,vis,Samolyk Gerry,,"A,0023,A,0023,JRAC 73.321,",
14763,-0.0089,50010.2777,s,ccd,Mueyesseroglu Z,,"I,4380,I,4380,,",
14773,-0.0093,50013.4845,s,ccd,Frank Peter,,"D,0090,I,4382,,",
14774,-0.0096,50013.6449,p,ccd,Frank Peter,,"D,0090,I,4382,,",
14867,-0.0044,50043.637,s,vis,Samolyk Gerry,,"A,0023,A,0023,JRAC 73.321,",
15612,0.0055,50282.4225,p,vis,Bilansky M,,"C,0032,,,,SB",
15612,0.0055,50282.4225,p,vis,Sura F,,,"C,0032,,,,SB"
15627,0.0004,50287.3882,s,vis,Vetrovcova M,,"C,0032,C,0032,,",
15687,-0.0145,50306.4565,p,vis,Minar J,,,"C,0032,,,,SM"
15687,-0.0124,50306.4586,p,vis,Vetrovcova M,,"C,0032,,,,RF70",
15687,0.0008,50306.4718,p,vis,Rottenborn M,,"C,0032,,,,SM",
15702,-0.0244,50311.4173,s,vis,Rottenborn M,,"C,0032,C,0032,,",
15702,-0.0202,50311.4215,s,vis,Vetrovcova M,,"C,0032,C,0032,,",
15702,-0.0161,50311.4256,s,vis,Mocek J,,,"C,0032,C,0032,,"
15712,0.0083,50314.4972,p,vis,Vetrovcova M,,"C,0032,,,,RF70",
15731,-0.0126,50320.73,s,vis,Samolyk,,,"A,A005,,,,"
15740,-0.009,50323.4601,p,vis,Dedoch A,,"C,0032,,,,SM",
15793,-0.0114,50340.4558,p,pe,Gough M,,,"R,0016,R,0016,,"
15806,-0.0055,50344.631,p,vis,Samolyk,,,"A,A005,,,,"
15887,-0.0138,50370.601,p,vis,Samolyk,,,"A,A005,,,,"
15923,-0.0112,50382.3094,s,vis,Vetrovcova M,,"C,0032,,,,SM",
15940,-0.0099,50387.603,p,vis,Samolyk,,,"A,A005,,,,"
15952,-0.0105,50391.611,s,vis,Samolyk,,,"A,A005,,,,"
16152,-0.0173,50455.588,p,vis,Samolyk,,,"A,A005,,,,"
16622,-0.0233,50606.4799,s,vis,Rottenborn M,,"C,0032,,,,SM",
16622,-0.0219,50606.4813,s,vis,Vetrovcova M,,"C,0032,,,,SM",
16691,-0.0232,50628.4496,p,vis,Lenart R.,,"C,0032,,,,SB",
16691,-0.0163,50628.4565,p,vis,Bilansky M,,"C,0032,,,,SB",
16691,-0.0135,50628.4593,p,vis,Harmanos R,,"C,0032,,,,SB",
16691,-0.0107,50628.4621,p,vis,Stefanco M,,"C,0032,,,,SB",
16691,-0.0093,50628.4635,p,vis,Harmanos P,,"C,0032,,,,SB",
16691,-0.0087,50628.4641,p,vis,Citriak P,,"C,0032,,,,SB",
16694,-0.0173,50629.4177,p,vis,Lenart R.,,"C,0032,,,,SB",
16694,-0.0131,50629.4219,p,vis,Bilansky M,,"C,0032,,,,SB",
16694,-0.0083,50629.4267,p,vis,Parada M,,"C,0032,,,,SB",
16694,-0.0076,50629.4274,p,vis,Harmanos P,,"C,0032,,,,SB",
16694,-0.0076,50629.4274,p,vis,Kocan P,,,"C,0032,,,,SB"
16694,-0.0076,50629.4274,p,vis,Kacmar S,,"C,0032,,,,SB",
16694,-0.0069,50629.4281,p,vis,Harmanos R,,"C,0032,,,,SB",
16694,-0.0055,50629.4295,p,vis,Voloch M,,"C,0032,,,,SB",
16694,-0.0013,50629.4337,p,vis,Benko Juraj,,"C,0032,,,,SB",
16694,0.0014,50629.4364,p,vis,Kocanova L,,"C,0032,,,,SB",
16694,0.0021,50629.4371,p,vis,Dzurnakova P,,"C,0032,,,,SB",
16709,0.0032,50634.409,s,vis,Kacmar S,,"C,0032,,,,SB",
16750,-0.0167,50647.3785,p,UBV,Muyesseroglu S,,"I,4670,I,4670,,",
16756,-0.0172,50649.3023,p,BV,Muyesseroglu S,,"I,4670,I,4670,,",
16756,-0.0123,50649.4673,s,UBV,Muyesseroglu S,,"I,4670,I,4670,,",
16784,-0.0171,50658.4426,s,vis,Hajek P,,,"C,0032,,,,RL310"
16784,-0.0143,50658.4454,s,vis,Novak L.,,"C,0032,,,,SB",
16784,-0.0088,50658.4509,s,vis,Fedorova P,,"C,0032,,,,SB",
16809,-0.0201,50666.4576,s,vis,Major M,,,"C,0032,,,,SB"
16809,-0.0187,50666.459,s,vis,Suchan P,,"C,0032,,,,SB",
16809,-0.0097,50666.468,s,vis,Dedoch A,,"C,0032,,,,SB",
16809,-0.0062,50666.4715,s,vis,Skuta J,,,"C,0032,,,,SB"
16812,-0.0203,50667.4195,s,vis,Dedoch A,,"C,0032,,,,SB",
16812,-0.0203,50667.4195,s,vis,Jindra J,,"C,0032,,,,SB",
16812,-0.0134,50667.4264,s,vis,Suchan P,,"C,0032,,,,SB",
16812,-0.012,50667.4278,s,vis,Major M,,,"C,0032,,,,SB"
16812,-0.0092,50667.4306,s,vis,Kohout T,,"C,0032,,,,SB",
16815,-0.0047,50668.3973,s,vis,Rottenborn M,,"C,0032,,,,M70",
16815,0.0023,50668.4043,s,vis,Vetrovcova M,,"C,0032,,,,M70",
16819,-0.0079,50669.677,s,vis,Samolyk,,,"A,A005,,,,"
16831,-0.012,50673.3615,p,vis,Rottenborn M,,"C,0032,,,,SM",
16831,0.0046,50673.3781,p,vis,Vetrovcova M,,"C,0032,,,,M70",
16863,-0.0045,50683.632,p,vis,Samolyk,,,"A,A005,,,,"
16891,-0.0236,50692.753,s,vis,Samolyk,,,"A,A005,,,,"
16896,-0.016,50694.3642,s,ccd,Kiss L,,,"I,4681,I,4681,,"
16906,-0.0144,50697.573,s,vis,Sizensky,,"A,A005,,,,",
16906,-0.0004,50697.587,s,vis,Stephan,,,"A,A005,,,,"
16915,-0.0174,50700.2965,p,ccd,Kiss L,,,"I,4681,I,4681,,"
16934,-0.0135,50706.394,p,vis,Maintz Gisela,,"D,0113,D,0113,,",
16947,-0.0179,50710.559,p,vis,Chaple,,,"A,A005,,,,"
16966,-0.0196,50716.651,p,vis,Samolyk,,,"A,A005,,,,"
16997,-0.0098,50726.603,p,vis,Samolyk,,,"A,A005,,,,"
17043,-0.0199,50741.346,p,ccd,Maintz Gisela,,"D,0128,I,4912,,LC14",
17074,-0.0022,50751.306,p,vis,Meyer R,,,"D,0113,D,0113,,"
17134,-0.0103,50770.541,p,vis,Samolyk,,,"A,A005,,,,"
17162,-0.0215,50779.67,s,vis,Samolyk,,,"A,A005,,,,"
17224,-0.0141,50799.562,s,vis,Samolyk,,,"A,A005,,,,"
17301,0.0046,50824.276,s,vis,Meyer R,,,"D,0113,D,0113,,"
17323,-0.0137,50831.3135,s,vis,Vetrovcova M,,"C,0032,,,,SM",
17729,-0.0212,50961.518,s,V,Biro Imre Barna,,"I,4633,I,4633,,Baja 50 cm",
17807,-0.0194,50986.5358,s,V,Biro Imre Barna,,"I,4633,I,4633,,Baja 50 cm",
17870,-0.0175,51006.743,s,vis,Samolyk,,,"A,A005,,,,"
17889,-0.0212,51012.833,s,vis,Samolyk,,,"A,A005,,,,"
17894,-0.0078,51014.45,s,vis,Meyer R,,,"D,0112,D,0112,,"
17904,-0.0219,51017.4831,p,V,Borkovits Tamas,,"I,4633,I,4633,,Baja 50 cm",
17960,-0.0222,51035.443,p,ccd,Kiss L,,,"I,4681,I,4681,,"
18003,-0.0091,51049.4071,s,vis,Stano S,,,"C,0032,,,,SB"
18003,-0.0077,51049.4085,s,vis,Parimucha S,,"C,0032,,,,SB",
18003,-0.0042,51049.412,s,vis,Bilansky M,,"C,0032,,,,SB",
18003,-0.0028,51049.4134,s,vis,Citriak P,,"C,0032,,,,SB",
18003,-0.0028,51049.4134,s,vis,Surova L,,"C,0032,,,,SB",
18003,-0.0021,51049.4141,s,vis,Fedorisin J,,"C,0032,,,,SB",
18020,-0.0254,51054.683,p,vis,Samolyk,,,"A,A005,,,,"
18032,-0.015,51058.702,s,vis,Berg Ray,,"A,A005,,,,",
18060,-0.0161,51067.681,s,vis,Berg Ray,,"A,A005,,,,",
18067,-0.0232,51069.759,p,vis,Samolyk,,,"A,A005,,,,"
18088,-0.0183,51076.659,s,vis,Williams,,"A,A005,,,,",
18103,-0.0241,51081.304,p,vis,Meyer R,,,"D,0112,D,0112,,"
18147,-0.0087,51095.591,s,vis,Samolyk,,,"A,A005,,,,"
18154,-0.0207,51097.664,p,vis,Samolyk,,,"A,A005,,,,"
18175,-0.0238,51104.556,s,vis,Stephan,,,"A,A005,,,,"
18181,-0.0211,51106.323,p,vis,Meyer R,,,"D,0112,D,0112,,"
18281,-0.03,51138.546,s,vis,Stephan,,,"A,A005,,,,"
18337,-0.0173,51156.519,s,vis,Samolyk,,,"A,A005,,,,"
18394,-0.0253,51174.632,p,vis,Samolyk,,,"A,A005,,,,"
18461,-0.0205,51196.285,s,vis,Meyer R,,,"D,0112,D,0112,,"
18992,-0.0234,51366.4238,p,vis,Sura F,,,"C,0032,,,,SB"
18992,-0.0216,51366.4256,p,vis,Citriak P,,"C,0032,D,Lich,,",
19020,-0.019,51375.4084,p,vis,Motl D,,,"C,0032,,,,SM"
19020,0.0039,51375.4313,p,vis,Lutcha P,,"C,0032,,,,SM",
19036,-0.0199,51380.699,s,vis,Stephan,,,"A,A007,,,,"
19064,-0.0259,51389.5131,p,V,Pribulla Theodor,"I,5056,,,,60cm, Stara",,
19064,-0.0259,51389.5131,p,B,Pribulla Theodor,"I,5056,,,,60cm, Stara",,
19064,-0.0259,51389.5132,p,U,Pribulla Theodor,"I,5056,,,,60cm, Stara",,
19073,-0.0188,51392.4067,p,vis,Brhel M,,,"C,0032,,,,RL153"
19095,-0.0221,51399.4592,p,vis,Brhel M,,,"C,0032,,,,RL153"
19113,-0.0248,51405.3894,s,vis,Brhel M,,,"C,0032,,,,RL153"
19133,-0.0206,51411.648,p,vis,Samolyk,,,"A,A007,,,,"
19138,-0.0252,51413.407,s,vis,Meyer R,,,"D,0131,D,0131,,"
19165,-0.0316,51421.9,p,ccd,Paschke Anton,,"0,home,,,,Rotse",
19176,-0.0219,51425.5976,s,vis,Stephan Chris,,"W,0009,W,0009,,",
19176,-0.0155,51425.604,s,vis,Stephan,,,"A,A007,,,,"
19179,-0.0297,51426.392,p,ccd,Maintz Gisela,,"D,0133,I,5017,,6",
19182,-0.0279,51427.356,p,vis,Braune Werner,,"D,0131,D,0131,,",
19191,-0.0303,51430.4,s,vis,Abe A,,,"D,0131,D,0131,,"
19270,-0.0255,51455.7416,s,ccd,Nelson Robert,,"I,4840,I,4840,,",
19286,-0.0356,51460.703,p,vis,Samolyk,,,"A,A007,,,,"
19313,-0.0256,51469.5324,s,vis,Stephan Chris,,"W,0053,W,0053,,",
19313,-0.019,51469.539,s,vis,Stephan,,,"A,A007,,,,"
19369,-0.0283,51487.33,p,vis,Bannuscher Dietm,"D,0131,D,0131,,",,
19373,-0.0362,51488.605,p,vis,Samolyk,,,"A,A007,,,,"
19416,-0.0101,51502.582,s,vis,Stephan,,,"A,A007,,,,"
19416,-0.0031,51502.589,s,vis,Stephan Chris,,"W,0091,W,0091,,",
19441,-0.0251,51510.585,s,vis,Stephan,,,"A,A007,,,,"
19441,-0.0251,51510.585,s,vis,Stephan Chris,,"W,0096,W,0096,,",
19444,-0.0282,51511.544,s,vis,Stephan Chris,,"W,0102,W,0102,,",
19444,-0.0272,51511.545,s,vis,Stephan,,,"A,A007,,,,"
19458,-0.041,51515.8613,p,ccd,Nelson Robert,,"I,4840,I,4840,,",
19521,-0.0276,51536.24,s,B,Pribulla Theodor,"I,5056,,,,60cm, Skal.P",,
19521,-0.0276,51536.24,s,R,Pribulla Theodor,"I,5056,,,,60cm, Skal.P",,
19521,-0.0275,51536.2401,s,V,Pribulla Theodor,"I,5056,,,,60cm, Skal.P",,
20097,-0.0387,51720.803,p,vis,Samolyk,,,"A,A007,,,,"
20152,-0.0329,51738.4484,p,U,Adah E,,,"I,5069,,,,"
20152,-0.0322,51738.4491,p,V,Adah E,,,"I,5069,,,,"
20152,-0.032,51738.4492,p,B,Adah E,,,"I,5069,,,,"
20245,-0.0325,51768.4357,s,vis,Odvarkova D,,"C,0034,E,0074,,SB",
20245,-0.0311,51768.4371,s,vis,Fidorova P,,"C,0034,E,0074,,SB",
20245,-0.0221,51768.4461,s,vis,Sobotka P,,"C,0034,E,0074,,SB",
20249,-0.025,51769.726,s,vis,Williams,,"A,A007,,,,",
20258,-0.033,51772.4445,p,B,Pribulla Theodor,"I,5056,,,,60cm, Stara",,
20258,-0.0327,51772.4448,p,V,Pribulla Theodor,"I,5056,,,,60cm, Stara",,
20276,-0.0367,51778.3737,s,ccd,Borkovits Tamas,,"I,4967,I,4967,,AP7",
20277,-0.0387,51778.5325,p,ccd,Borkovits Tamas,,"I,4967,I,4967,,AP7",
20286,-0.0326,51781.425,p,vis,Meyer Ralf,,"D,0143,D,0143,,",
20293,-0.0397,51783.663,p,vis,Samolyk,,,"A,A007,,,,"
20324,-0.033,51793.612,p,vis,Samolyk,,,"A,A007,,,,"
20398,-0.012,51817.3662,p,vis,Sedivcova T,,"C,0034,E,0074,,SB",
20445,-0.023,51832.589,s,vis,Stephan,,,"A,A007,,,,"
20458,-0.0293,51836.592,p,vis,Samolyk,,,"A,A007,,,,"
20473,-0.0301,51841.562,s,vis,Stephan,,,"A,A007,,,,"
20473,-0.0291,51841.563,s,vis,Stephan Chris,,"W,0244,W,0244,,",
20532,-0.0345,51860.32,p,V,Pribulla Theodor,"I,5056,,,,60cm, Stara",,
20532,-0.0342,51860.3203,p,B,Pribulla Theodor,"I,5056,,,,60cm, Stara",,
20573,-0.041,51873.623,s,vis,Samolyk,,,"A,A007,,,,"
20575,-0.0329,51874.2725,s,U,Naymaz N,,"I,5069,,,,",
20575,-0.0321,51874.2733,s,V,Naymaz N,,"I,5069,,,,",
20575,-0.032,51874.2734,s,B,Naymaz N,,"I,5069,,,,",
20582,-0.0215,51876.529,s,vis,Stephan,,,"A,A007,,,,"
20582,-0.0205,51876.53,s,vis,Stephan Chris,,"W,0261,W,0261,,",
20597,-0.0334,51881.3278,s,V,Tinaz E,,,"I,5069,,,,"
20597,-0.0334,51881.3279,s,B,Tinaz E,,,"I,5069,,,,"
20597,-0.0323,51881.329,s,U,Tinaz,,,"I,5069,,,,"
20598,-0.0342,51881.6478,s,ccd,Dvorak,,,"A,A007,,,,"
20619,-0.0352,51888.2219,p,V,Dengiz,,,"I,5069,,,,"
20619,-0.0351,51888.2219,p,B,Dengiz,,,"I,5069,,,,"
20619,-0.035,51888.2221,p,U,Dengiz,,,"I,5069,,,,"
20653,-0.0395,51899.282,s,vis,Abe A,,,"D,0143,D,0143,,"
20653,-0.0295,51899.292,s,vis,Meyer Ralf,,"D,0143,D,0143,,",
20676,-0.03,51906.668,s,vis,Samolyk,,,"A,A007,,,,"
20731,-0.035,51924.3026,s,-Ir,Maintz Gisela,,"D,0152,I,5296,,LC14",
21185,-0.032,52069.752,p,vis,Samolyk,,,"A,A007,,,,"
21221,-0.0349,52081.455,s,vis,Meyer Ralf,,"D,0154,,,,",
21231,-0.0351,52084.502,p,vis,Meyer Ralf,,"D,0154,,,,",
21337,-0.0413,52118.652,s,vis,Stephan,,,"A,A007,,,,"
21337,-0.0413,52118.652,s,vis,Stephan Chris,,"W,0373,W,0373,,",
21359,-0.0391,52125.71,s,vis,Samolyk,,,"A,A007,,,,"
21384,-0.0371,52133.73,s,vis,Manske,,,"A,A007,,,,"
21393,-0.0346,52136.459,p,vis,Proksch Willi,,"D,0154,,,,",
21396,-0.0357,52137.42,p,vis,Proksch Willi,,"D,0154,,,,",
21425,-0.0216,52146.735,p,vis,Samolyk,,,"A,A007,,,,"
21455,-0.041,52156.3371,p,UBV,Pribulla Theodor,"I,5341,,,,Stara Lesna",,
21494,-0.0372,52169.009,s,vis,Hirosawa K,,"W,0386,J,0039,,20cm",
21527,-0.0369,52179.593,s,vis,Samolyk,,,"A,A007,,,,"
21546,-0.0407,52185.6829,s,ccd,Dvorak,,,"A,A007,,,,"
21555,-0.0417,52188.4083,p,BV,Tanriverdi T,,"I,5300,,,,",
21559,-0.0449,52189.688,p,vis,Samolyk,,,"A,A007,,,,"
21561,-0.0418,52190.3326,p,V,Derekas A,,"I,5255,I,5255,,",
21561,-0.0415,52190.3329,p,I,Derekas A,,"I,5255,I,5255,,",
21561,-0.0413,52190.3331,p,R,Derekas A,,"I,5255,I,5255,,",
21561,-0.0412,52190.4932,s,I,Derekas A,,"I,5255,I,5255,,",
21561,-0.0408,52190.4936,s,V,Derekas A,,"I,5255,I,5255,,",
21561,-0.0407,52190.4937,s,R,Derekas A,,"I,5255,I,5255,,",
21564,-0.0415,52191.455,s,UV,Pribulla Theodor,"I,5341,,,,Stara Lesna",,
21576,-0.0414,52195.3037,s,V,Derekas A,,"I,5255,I,5255,,",
21576,-0.0411,52195.304,s,R,Derekas A,,"I,5255,I,5255,,",
21576,-0.0408,52195.3043,s,I,Derekas A,,"I,5255,I,5255,,",
21576,-0.0396,52195.3055,s,BV,Tanriverdi T,,"I,5300,,,,",
21577,-0.0423,52195.4636,p,I,Derekas A,,"I,5255,I,5255,,",
21577,-0.0422,52195.4637,p,V,Derekas A,,"I,5255,I,5255,,",
21577,-0.0418,52195.4641,p,BV,Tanriverdi T,,"I,5300,,,,",
21577,-0.0408,52195.4651,p,R,Derekas A,,"I,5255,I,5255,,",
21579,-0.042,52196.2653,s,I,Derekas A,,"I,5255,I,5255,,",
21579,-0.0413,52196.266,s,V,Derekas A,,"I,5255,I,5255,,",
21579,-0.0411,52196.2662,s,R,Derekas A,,"I,5255,I,5255,,",
21580,-0.0425,52196.4255,p,I,Derekas A,,"I,5255,I,5255,,",
21580,-0.0424,52196.4256,p,V,Derekas A,,"I,5255,I,5255,,",
21580,-0.0414,52196.4266,p,R,Derekas A,,"I,5255,I,5255,,",
21580,-0.045,52196.583,s,vis,Stephan,,,"A,A007,,,,"
21580,-0.045,52196.583,s,vis,Stephan Chris,,"W,0406,W,0406,,",
21582,-0.0421,52197.2274,s,V,Derekas A,,"I,5255,I,5255,,",
21582,-0.0416,52197.2279,s,R,Derekas A,,"I,5255,I,5255,,",
21582,-0.0415,52197.228,s,I,Derekas A,,"I,5255,I,5255,,",
21583,-0.0433,52197.3869,p,V,Derekas A,,"I,5255,I,5255,,",
21583,-0.0422,52197.388,p,R,Derekas A,,"I,5255,I,5255,,",
21583,-0.0417,52197.3885,p,I,Derekas A,,"I,5255,I,5255,,",
21624,-0.0317,52210.708,s,vis,Samolyk,,,"A,A007,,,,"
21658,-0.0421,52221.602,s,vis,Stephan,,,"A,A007,,,,"
21658,-0.0421,52221.602,s,vis,Stephan Chris,,"W,0417,W,0417,,",
21671,-0.0354,52225.618,p,vis,Samolyk,,,"A,A007,,,,"
21686,-0.0382,52230.586,s,vis,Stephan,,,"A,A007,,,,"
21686,-0.0372,52230.587,s,vis,Stephan Chris,,"W,0430,W,0430,,",
21689,-0.0514,52231.535,s,vis,Stephan,,,"A,A007,,,,"
21702,-0.0277,52235.568,p,vis,Samolyk,,,"A,A007,,,,"
21711,-0.041,52238.6012,s,ccd,Dvorak,,,"A,A007,,,,"
21714,-0.0384,52239.566,s,vis,Stephan Chris,,"W,0439,W,0439,,",
21714,-0.0374,52239.567,s,vis,Stephan,,,"A,A007,,,,"
21761,-0.0342,52254.644,s,vis,Samolyk,,,"A,A008,,,,"
21767,-0.0475,52256.555,s,vis,Stephan Chris,,"W,0456,A,A008,,",
21789,-0.0393,52263.619,s,vis,Samolyk,,,"A,A008,,,,"
21795,-0.0416,52265.541,s,vis,Stephan Chris,,"W,0466,A,A008,,",
21861,-0.0301,52286.56,p,vis,Samolyk,,,"A,A008,,,,"
22372,-0.0459,52450.4316,p,BV,Bulca I,,,"I,5300,,,,"
22413,-0.0389,52463.748,s,vis,Stephan Chris,,"W,0635,,,,",
22503,-0.0452,52492.4465,p,vis,Fidorova P,,"C,0034,E,0074,,SB",
22537,-0.0447,52503.5114,s,BV,Tanriverdi T,,"I,5407,,,,",
22543,-0.0453,52505.4351,s,BV,Pribulla Theodor,"I,5341,,,,Stara Lesna",,
22547,-0.0443,52506.719,s,vis,Simonsen,,"A,A008,,,,",
22563,-0.0328,52511.702,p,vis,Simonsen,,"W,0656,A,A008,,",
22581,-0.046,52517.4617,p,BV,Tanriverdi T,,"I,5407,,,,",
22584,-0.0459,52518.424,p,R,Borkovits Tamas,,"I,5434,,,,Ba50",
22587,-0.0411,52519.391,p,vis,Braune Werner,,"D,0157,,,,",
22607,-0.0384,52525.808,p,vis,Samolyk,,,"A,A008,,,,"
22646,-0.0463,52538.3082,p,BV,Tanriverdi T,,"I,5407,,,,",
22646,-0.0445,52538.47,s,BV,Tanriverdi T,,"I,5407,,,,",
22654,-0.0444,52541.0358,s,V,Nakajima Kazuhir,"W,0674,J,0040,,",,
22655,-0.0448,52541.1961,p,V,Nakajima Kazuhir,"W,0674,J,0040,,",,
22690,-0.0461,52552.58,s,vis,Stephan Chris,,"W,0681,W,0681,,",
22709,-0.0454,52558.6744,s,ccd,Nicholas,,"A,A008,,,,",
22728,-0.0453,52564.7681,s,ccd,Dvorak,,,"A,A008,,,,"
22734,-0.0449,52566.6928,s,ccd,Nicholas,,"A,A008,,,,",
22764,-0.0403,52576.319,s,vis,Meyer Ralf,,"D,0157,,,,",
22790,-0.0469,52584.4911,p,ccd,Achterberg Herbe,"D,0158,I,5484,,",,
22796,-0.0454,52586.5769,s,ccd,Dvorak,,,"A,A008,,,,"
22796,-0.0393,52586.583,s,vis,Stephan Chris,,"W,0746,W,0746,,",
22799,-0.0435,52587.541,s,vis,Stephan Chris,,"W,0748,W,0748,,",
22846,-0.0523,52602.606,s,vis,Stephan Chris,,"W,0774,,,,",
22862,-0.047,52607.5828,p,I,Nelson Robert,,"I,5371,,,,",
22955,-0.0386,52637.578,s,vis,Samolyk,,,"A,A008,,,,"
23651,-0.048,52860.7891,s,ccd,Samolyk,,,"A,A010,,,,"
23660,-0.0493,52863.5142,p,UBV,Senavci H V,,"I,5471,,,,",
23672,-0.0498,52867.3623,p,ccd,Ehrenberger R,,"C,0034,E,0074,,RL100",
23690,-0.0487,52873.2964,s,V,Nakajima Kazuhir,"J,0042,J,0042,,25SC+CV-04",,
23696,-0.0483,52875.2211,s,ccd,Maehara Hiroyuki,"W,1049,J,0042,,",,
23722,-0.0495,52883.3986,p,ccd,Krajci T,,"I,5592,,,,",
23722,-0.0301,52883.578,s,vis,Stephan Chris,,"W,1053,,,,",
23766,-0.0498,52897.67,s,vis,Stephan Chris,,"W,1051,,,,",
23784,-0.0492,52903.2835,p,UBVR,Baran Andrzej,,"I,5623,,,,",
23785,-0.0497,52903.6037,p,UBVR,Baran Andrzej,,"I,5623,,,,",
23787,-0.0488,52904.4061,s,UBVR,Baran Andrzej,,"I,5623,,,,",
23788,-0.0499,52904.5657,p,UBVR,Baran Andrzej,,"I,5623,,,,",
23790,-0.0489,52905.3681,s,BV,Pribulla Theodor,"I,5668,,,,G2",,
23803,-0.0487,52909.5377,s,BV,Senavci H V,,"I,5471,,,,",
23812,-0.0499,52912.2629,p,BV,Tanriverdi T,,"I,5471,,,,",
23812,-0.0485,52912.4243,s,BV,Tanriverdi T,,"I,5471,,,,",
23832,-0.0462,52918.681,p,vis,Stephan,,,"A,A010,,,,"
23832,-0.0462,52918.681,p,vis,Stephan Chris,,"W,1094,,,,",
23834,-0.0499,52919.3187,p,V,Borkovits Tamas,,"I,5579,,,,Ba50",
23834,-0.0488,52919.4798,s,V,Borkovits Tamas,,"I,5579,,,,Ba50",
23847,-0.045,52923.653,s,vis,Stephan Chris,,"W,1099,,,,",
23859,-0.0476,52927.339,p,vis,Meyer Ralf,,"D,0171,,,,",
23869,-0.0458,52930.708,s,vis,Stephan Chris,,"W,1104,A,A010,,",
23897,-0.0496,52939.5243,p,ccd,Frank Peter,,"D,0172,I,5643,,",
23897,-0.0529,52939.681,s,vis,Stephan Chris,,"W,1121,A,A010,,",
23946,-0.0492,52955.2399,p,ccdC,Ehrenberger R,,"C,0034,E,0074,,RL100",
23956,-0.0491,52958.4473,p,BV,Tanriverdi T,,"I,5588,,,,",
24033,-0.0484,52983.3034,s,ccdC,Ehrenberger R,,"C,0034,E,0074,,RL100",
24789,-0.0453,53225.77,s,vis,Stephan Chris,,"W,1371,,,,",
24813,-0.0586,53233.454,s,vis,Rusnak M,,"C,0034,E,0074,,RL150",
24826,-0.0712,53237.4507,p,vis,Rusnak M,,"C,0034,E,0074,,RL150",
24829,-0.0444,53238.4396,p,vis,Machon M,,"C,0034,E,0074,,RL114",
24848,-0.0512,53244.5265,p,BV,Engin M,,,"I,5588,,,,"
24863,-0.0505,53249.338,p,ccdR,Ehrenberger R,,"C,0034,E,0074,,RL100",
24866,-0.0511,53250.4596,s,ccd,Jungbluth Hans,,"D,0173,I,5657,,",
24866,-0.0487,53250.462,s,vis,Braune Werner,,"D,0174,,,,",
24866,-0.0487,53250.462,s,vis,Flechsig GerdUwe,"D,0174,,,,",,
24869,-0.0558,53251.417,s,vis,Meyer Ralf,,"D,0174,,,,",
24888,-0.0425,53257.364,p,vis,Braune Werner,,"D,0174,,,,",
24889,-0.0402,53257.687,p,vis,Manske,,,"A,A010,,,,"
24913,-0.0507,53265.3737,p,ccdC,Ehrenberger R,,"C,0034,E,0074,,RL100",
24942,-0.0443,53274.681,p,vis,Williams,,"A,A010,,,,",
24959,-0.0521,53280.2854,s,BV,Tanriverdi,,"I,5754,,,,",
24960,-0.051,53280.4472,p,UBV,Toprakci S,,"I,5649,,,,",
24964,-0.051,53281.7301,p,ccd,Samolyk,,,"A,A010,,,,"
24991,-0.0513,53290.3892,p,UBV,Yilmaz M,,"I,5649,,,,",
25016,-0.0513,53298.4072,p,UBV,Aksu O,,,"I,5649,,,,"
25031,-0.0516,53303.3777,s,ccd,Schmidt Ulrich,,"D,0173,I,5657,,",
25090,-0.0515,53322.3002,s,BV,Tanriverdi T,,"I,5649,,,,",
25110,-0.0521,53328.714,s,ccd,Cook,,,"A,A010,,,,"
25125,-0.0515,53333.3654,p,ccd,Coloma,,,"A,A010,,,,"
25160,-0.0515,53344.5905,p,ccd,Samolyk,,,"A,A010,,,,"
25809,-0.0551,53552.8936,s,R,Cook J,,,"I,5636,,,,"
25812,-0.0554,53553.8554,s,R,Cook J,,,"I,5636,,,,"
25825,-0.0519,53557.8683,p,ccd,Samolyk,,,"A,A010,,,,"
25894,-0.0514,53580.1584,s,V,Kubotera Katsua,,"J,0044,,,,16L+BJ41L",
25911,-0.0501,53585.4519,p,vis,Rebic Matus,,"C,0035,E,0094,,SB 25x100",
25911,-0.0404,53585.4616,p,vis,Pauco Martin,,"C,0035,E,0094,,SB 25x100",
25912,-0.0467,53585.776,p,vis,Stephan,,,"A,A010,,,,"
25923,-0.053,53589.4576,s,V,Borkovits Tamas,,"I,5979,,,,Pi100",
25945,-0.0538,53596.5127,s,R,Borkovits Tamas,,"I,5753,,,,Ba50",
25945,-0.0529,53596.5136,s,V,Borkovits Tamas,,"I,5753,,,,Ba50",
25995,-0.0534,53612.389,p,vis,Flechsig Gerd U,,"D,0179,,,,",
25998,-0.0544,53613.5102,s,vis,Cermak M,,"C,0034,E,0074,,SB",
25998,-0.0537,53613.5109,s,vis,Polster J,,"C,0034,E,0074,,SB",
25998,-0.0481,53613.5164,s,vis,Zampachova E,,"C,0034,E,0074,,SB",
26001,-0.0507,53614.316,p,BV,Bakis Volkan,,"I,5662,,,,CUG40",
26026,-0.0521,53622.3326,p,BV,Bakirci M,,"I,5754,,,,",
26026,-0.0505,53622.4942,s,BV,Bakirci M,,"I,5754,,,,",
26029,-0.0503,53623.4566,s,BV,Tanriverdi,,"I,5754,,,,",
26032,-0.0519,53624.4171,s,UBV,Torun E,,,"I,5754,,,,"
26033,-0.0537,53624.576,p,UBV,Torun E,,,"I,5754,,,,"
26051,-0.0497,53630.353,p,BV,Bakis Volkan,,"I,5662,,,,CUG40",
26057,-0.0517,53632.4353,s,ccd,Jungbluth Helmut,"D,0178,I,5731,,",,
26067,-0.0502,53635.644,s,ccd,Cook S,,,"A,0012,,,,"
26070,-0.0513,53636.445,p,ccd,Jungbluth Helmut,"D,0178,I,5731,,",,
26107,-0.051,53648.4719,s,BV,Salman G,,"I,5754,,,,",
26132,-0.0512,53656.3297,p,V,Agerer Franz,,"D,0178,I,5731,,",
26132,-0.0503,53656.4906,s,V,Agerer Franz,,"D,0178,I,5731,,",
26133,-0.0509,53656.6507,p,V,Agerer Franz,,"D,0178,I,5731,,",
26138,-0.0503,53658.2549,p,BV,Sakalli,,,"I,5754,,,,"
26160,-0.0503,53665.3107,p,BV,Tanriverdi,,"I,5754,,,,",
26160,-0.0518,53665.4692,s,BV,Yelkenci K,,"I,5754,,,,",
26216,-0.0515,53683.4298,s,ccd,Achterberg Herbe,"D,0178,I,5731,,",,
26228,-0.0524,53687.2775,s,ccd,Dietrich M,,"D,0178,I,5731,,",
26248,-0.0503,53693.694,s,vis,Stephan Chris,,"A,0012,,,,",
26313,-0.0518,53714.5392,s,ccd,Samolyk G,,"A,0012,,,,",
26469,-0.0518,53764.5714,s,ccd,Petriew V,,"A,0012,,,,",
26925,-0.0504,53910.8207,s,ccd,Samolyk G,,"A,0012,,,,",
27176,-0.0506,53991.3209,s,ccdR,Ehrenberger R,,"C,0034,E,0074,,RL96/400",
27183,-0.05,53993.4066,p,ccd,Dogru S S,,"I,5746,,,,UG301",
27186,-0.0497,53994.369,p,BV,Tanriverdi,,"I,5754,,,,",
27246,-0.0497,54013.6122,p,R,Lubcke G,,"A,0042,,,JAAVSO 42,",
27251,-0.05,54015.3755,s,V,Borkovits Tamas,,"I,5753,,,,BART1",
27355,-0.0612,54048.559,p,vis,Stephan Chris,,"A,0012,,,,",
27395,-0.052,54061.557,s,vis,Stephan Chris,,"A,0012,,,,",
27413,-0.0495,54067.3324,s,ccd,Dogru S S,,"I,5795,,,,30cm+ST237",
27416,-0.0495,54068.2946,s,BV,Colak T,,,"I,5754,,,,"
28151,-0.05,54303.8626,p,ccd,Samolyk G,,"A,0012,,,,",
28224,-0.051,54327.4341,s,ccd,Marino G,,"I,5917,,,,SC23/ST7",
28225,-0.0503,54327.5955,p,ccd,Marino G,,"I,5917,,,,SC23/ST7",
28259,-0.0485,54338.5017,p,BV,Altuntas B,,"I,5801,,,,",
28283,-0.051,54346.3565,s,BV,Senavci H V,,"I,5801,,,,",
28284,-0.0498,54346.5184,p,BV,Tanriverdi T,,"I,5801,,,,",
28299,-0.0503,54351.4887,s,BV,Sipahioglu S,,"I,5801,,,,",
28318,-0.0501,54357.4225,p,BV,Celik A,,,"I,5801,,,,"
28336,-0.0501,54363.3555,s,BV,Bastuerk Oe,,"I,5801,,,,",
28337,-0.05,54363.5163,p,BV,Yilmaz M,,"I,5801,,,,",
28339,-0.0509,54364.3168,s,BV,Senavci H V,,"I,5801,,,,",
28340,-0.05,54364.4785,p,BV,Tanriverdi T,,"I,5801,,,,",
28390,-0.0515,54380.6729,s,ccd,Samolyk G,,"A,0079,,,,",
28405,-0.0525,54385.4827,s,BV,Elmasli A,,"I,5887,,,,",
29198,-0.0498,54639.8156,s,ccd,Menzies K,,"A,0086,,,,",
29263,-0.0499,54660.5022,p,BV,Bingol A,,"I,5887,,,,",
29266,-0.0504,54661.4639,p,BV,Oetztuerk M,,"I,5887,,,,",
29278,-0.0508,54665.4721,s,BV,Yazici G,,"I,5887,,,,",
29303,-0.049,54673.4919,s,BV,Avci Z,,,"I,5887,,,,"
29309,-0.0507,54675.4145,s,BV,Koesemen S,,"I,5887,,,,",
29313,-0.0494,54676.6986,s,ccd,Samolyk G,,"A,0086,,,,",
29328,-0.0502,54681.3486,p,BV,Kilic C,,,"I,5887,,,,"
29328,-0.0491,54681.5097,s,BV,Kalkan L,,"I,5887,,,,",
29343,-0.0486,54686.321,s,BV,Goekay G,,"I,5887,,,,",
29381,-0.053,54698.5039,s,BV,Yilmaz M,,"I,5887,,,,",
29397,-0.0494,54703.479,p,BV,Karafil D,,"I,5887,,,,",
29398,-0.05,54703.7992,p,ccd,Menzies K,,"A,0086,,,,",
29437,-0.0493,54716.4679,s,BV,Terziouglu Z,,"I,5887,,,,",
29443,-0.0498,54718.3917,s,ccd,Arena C,,,"I,5917,,,,NW20/ST7"
29447,-0.0493,54719.5151,p,BV,Sahin Z,,,"I,5887,,,,"
29540,-0.0496,54749.3417,p,V,Dubovsky Pavol,,"I,5898,,,,70/400mm",
29562,-0.0497,54756.3974,p,BV,Bastuerk Oe,,"I,5887,,,,",
29565,-0.0509,54757.3583,p,BV,Elmasli A,,"I,5887,,,,",
29836,-0.048,54844.2761,p,V,Agerer Franz,,"D,0209,I,5918,,Sig 1603",
30416,-0.0495,55030.4516,s,R,Smelcer L,,"C,0037,E,0137,,280mm+ST7",
30416,-0.0493,55030.4518,s,V,Smelcer L,,"C,0037,E,0137,,280mm+ST7",
30416,-0.0493,55030.4518,s,I,Smelcer L,,"C,0037,E,0137,,280mm+ST7",
30458,-0.0496,55043.7617,p,ccd,Samolyk G,,"A,0109,,,,",
30507,-0.0486,55059.4779,p,ccd,Brettel G,,"D,0212,I,5941,,EOS 450D",
30544,-0.0496,55071.5035,s,-Ir,Frank Peter,,"D,0212,I,5941,,Sigma 1603",
30547,-0.0497,55072.4656,s,V,Pagel L,,,"D,0212,I,5941,,Artemis 4021"
30578,-0.0489,55082.4087,s,-Ir,Frank Peter,,"D,0212,I,5941,,Sigma 1603",
30579,-0.049,55082.5693,p,-Ir,Frank Peter,,"D,0212,I,5941,,Sigma 1603",
30709,-0.0485,55124.2633,p,BVRI,Liakos A,,"I,5943,,,,20cm+ST-8",
31420,-0.0479,55352.4551,s,V,Pagel Lienhard,,"D,0214,I,5959,,Arte 4021",
31509,-0.0482,55380.8388,p,ccd,Samolyk G,,"A,0130,,,,",
31539,-0.0474,55390.4611,p,R,Parimucha Stefan,"I,5980,,,,lens+StarLig",,
31701,-0.047,55442.418,p,R,Borkovits Tamas,,"I,5979,,,,Ba50",
31735,-0.0467,55453.3228,p,R,Parimucha Stefan,"I,5980,,,,lens+StarLig",,
31819,-0.0473,55480.2626,p,C,Kasai Kiyoshi,,"J,0051,,,,28SC+ST-7XME",
31875,-0.0481,55498.382,s,R,Parimucha Stefan,"I,5980,,,,lens+StarLig",,
32030,-0.0468,55547.9348,p,cG,Hirosawa Kenji,,"J,0051,,,,EosKissX3",
32630,-0.0443,55740.5287,s,-Ir,Frank Peter,,"D,0225,I,6026,,Sigma 1603",
32633,-0.0435,55741.4916,s,V,Pagel Lienhard,,"D,0225,I,6026,,QHY8",
32811,-0.0435,55798.4196,p,V,Parimucha S,,"I,6044,,,,K1-M",
32823,-0.0444,55802.4273,s,R,Honkova Katerina,"C,0038,E,0165,,20cm+ST8XME",,
32895,-0.0474,55825.3561,p,ccd,Dietrich M,,"D,0225,I,6026,,EOS450D",
32900,-0.0442,55827.1229,s,Rc,Shiokawa Kazuhik,"J,0053,,,,35SC+ST-9E",,
32908,-0.0433,55829.5296,p,V,Honkova Katerina,"C,0038,E,0160,,20cm+ST8XME",,
32908,-0.0433,55829.5296,p,I,Honkova Katerina,"C,0038,E,0160,,20cm+ST8XME",,
32908,-0.0433,55829.5296,p,R,Honkova Katerina,"C,0038,E,0160,,20cm+ST8XME",,
32923,-0.0427,55834.3409,p,V,Pagel Lienhard,,"D,0225,I,6026,,Artemis4021",
32976,-0.0424,55851.3393,p,V,Agerer Franz,,"D,0225,I,6026,,Sigma 1603",
32976,-0.044,55851.4977,s,V,Agerer Franz,,"D,0225,I,6026,,Sigma 1603",
33083,-0.0557,55885.643,p,vis,Stephan Chris,,"J,0053,,,,",
33883,-0.0394,56142.3945,s,I,Vrastak M,,"C,0038,E,0165,,15cm+G2",
33883,-0.0393,56142.3946,s,R,Vrastak M,,"C,0038,E,0165,,15cm+G2",
33883,-0.0388,56142.395,s,V,Vrastak M,,"C,0038,E,0160,,15cm+G2",
33924,-0.0404,56155.383,p,ccd,Dietrich M,,"D,0231,I,6070,,Atik 314L",
33936,-0.0364,56159.3956,s,ccd,Frank Peter,,"D,0228,I,6048,,EOS 450D",
33937,-0.0395,56159.5532,p,ccd,Frank Peter,,"D,0228,I,6048,,EOS 450D",
33937,-0.0393,56159.5534,p,R,Parimucha S,,"I,6044,,,,K1-G",
33946,-0.0395,56162.4397,p,R,Parimucha S,,"I,6044,,,,K1-G",
34008,-0.0403,56182.3235,p,R,Smelcer L.,,"C,0038,E,0160,,35cm+G2",
34008,-0.0396,56182.3242,p,I,Smelcer L.,,"C,0038,E,0160,,35cm+G2",
34008,-0.0391,56182.3247,p,V,Smelcer L.,,"C,0038,E,0160,,35cm+G2",
34083,-0.0385,56206.3792,p,-I,Agerer Franz,,"D,0231,I,6070,,Sigma1603",
34130,-0.0385,56221.613,s,vis,Chris Stephan,,"J,0055,,,,",
34171,-0.0369,56234.604,p,vis,Chris Stephan,,"J,0055,,,,",
35025,-0.0333,56508.6617,s,V,Samolyk G,,"A,0042,,,JAAVSO 42,",
35059,-0.0339,56519.5655,s,V,Corp L,,,"A,0042,,,JAAVSO 42,"
35068,-0.0322,56522.4537,s,vis,Kamenec M.,,"C,0038,E,0160,,15cm",
35106,-0.0322,56534.641,s,vis,Chris Stephan,,"J,0056,,,,",
35107,-0.0335,56534.8004,p,V,Sabo R,,,"A,0042,,,JAAVSO 42,"
35121,-0.0315,56539.4525,s,-I,Agerer Franz,,"D,0234,I,6118,,Sigma 1603",
35122,-0.0339,56539.6108,p,-I,Agerer Franz,,"D,0234,I,6118,,Sigma 1603",
35197,-0.0329,56563.6657,p,V,Samolyk G,,"A,0042,,,JAAVSO 42,",
35200,-0.0323,56564.7885,s,V,Menzies K,,"A,0042,,,JAAVSO 42,",
35228,-0.0329,56573.608,p,V,Samolyk G,,"A,,,,JAAVSO 62,",
35302,-0.0318,56597.3423,p,ccd,Dietrich Manfred,"D,0234,I,6118,,Atik 314 L+",,
35918,-0.0292,56794.9078,p,VRI,Nelson Robert,,"I,6131,,,,33cm+ST10",
36047,-0.0278,56836.442,s,DSLR,Medulka T,,"C,0039,E,0168,,Canon 450D",
36135,-0.0281,56864.5049,p,R,group Upice,,"C,0039,E,0168,,15cm+G2-402",
36262,-0.0288,56905.3956,s,-I,Agerer Franz,,"D,0239,I,6152,,Sigma 1603",
36263,-0.0263,56905.5588,p,-I,Agerer Franz,,"D,0239,I,6152,,Sigma 1603",
36322,-0.0298,56924.6377,s,V,Samolyk G,,"A,,,,JAAVSO 62,",
36325,-0.0257,56925.604,s,vis,Chris Stephan,,"J,0059,,,,",
36396,-0.0281,56948.3726,s,V,Corp L,,,",,,,,"
36397,-0.0254,56948.536,p,V,Corp L,,,",,,,,"
36556,-0.0254,56999.5304,p,V,Menzies K,,",,,,,",
37198,-0.0233,57205.4341,p,-I,Agerer Franz,,"D,0241,I,6157,,Sigma 1603",
37226,-0.022,57214.4155,p,-I,Agerer Franz,,"D,0241,I,6157,,Sigma 1603",
37354,-0.0223,57255.6272,s,V,Samolyk G,,",,,,JAAVSO-43,",
37355,-0.0212,57255.789,p,V,Samolyk G,,",,,,JAAVSO-43,",
37357,-0.0204,57256.4313,p,V,Corp L,,,",,,,JAAVSO-43,"
37357,-0.0214,57256.5903,s,V,Corp L,,,",,,,JAAVSO-43,"
37385,-0.0211,57265.4108,p,ccd,Smelcer L,,"C,0040,E,0179,,Celestron SC",
37385,-0.021,57265.4108,p,R,Smelcer L,,"C,0040,E,0179,,Celestron SC",
37385,-0.0209,57265.411,p,I,Smelcer L,,"C,0040,E,0179,,Celestron SC",
37402,-0.0206,57270.8634,p,V,Menzies K,,",,,,JAAVSO-43,",
37451,-0.0205,57286.5788,p,V,Menzies K,,",,,,JAAVSO-43,",
37490,-0.0208,57299.0865,p,V,Itoh Hiroshi,,"J,0061,,,,10L+DSI-II",
37490,-0.0227,57299.2446,s,V,Itoh Hiroshi,,"J,0061,,,,10L+DSI-II",
37531,-0.0217,57312.3951,s,V,Corp L,,,",,,,JAAVSO-43,"
37581,-0.0194,57328.2733,p,ccd,Dietrich M,,"D,0244,I,6196,,EOS 70D",
37582,-0.0207,57328.5928,p,V,Samolyk G,,",,,,JAAVSO-44,",
37585,-0.0236,57329.552,p,vis,Stephan Chris,,"J,0061,,,,",
38366,0.0118,57580.069,p,vis,Stephan Chris,,"J,0063,,,,",
38417,-0.0154,57596.5584,s,ccd,Upice,,,"C,0040,E,0179,,NWT 150/750"
38485,-0.0143,57618.3684,s,BVRI,Yazgan Murat,,"I,6209,,,,14in+Alta",
38502,-0.0079,57623.667,p,vis,Stephan Chris,,"J,0063,,,,",
38598,-0.0118,57654.4522,p,ccd,Školník V.,,"C,0040,E,0179,,Tamron LNS 4",
38651,-0.0127,57671.6094,s,V,Persha G.,,"C,0040,E,0179,,Meade RCT 25",
38654,-0.0112,57672.573,s,vis,Stephan Chris,,"J,0063,,,,",
38661,-0.0127,57674.6566,p,R,Nelson Robert,,"I,6195,,,,33cm+ST10XME",
38666,-0.0127,57676.2601,p,BVRI,Uzundaug Murat,,"I,6209,,,,14in+Alta",
39546,-0.0069,57958.4987,p,R,Smelcer L,,"C,0041,E,0194,,25cm+G2-402",
39546,-0.0069,57958.4987,p,V,Smelcer L,,"C,0041,E,0194,,25cm+G2-402",
39577,-0.007,57968.4409,p,-Ir,Agerer Franz,,"D,0247,I,6244,,1603",
39679,-0.006,58001.3152,s,-Ir,Agerer Franz,,"D,0247,I,6244,,1603",
39680,-0.0063,58001.4756,p,-Ir,Agerer Franz,,"D,0247,I,6244,,1603",
39718,-0.0052,58013.664,p,vis,Chris Stephan,,"J,0064,,,,",
39736,-0.0053,58019.4369,p,-Ir,Agerer Franz,,"D,0247,I,6244,,1603",
39761,-0.0054,58027.4548,p,V,Arranz  T.,,"A,0461,,,,",
39761,-0.0072,58027.613,s,vis,Chris Stephan,,"J,0064,,,,",
39795,-0.0047,58038.3599,p,V,Corp    L.,,"A,0461,,,,",
39817,-0.0056,58045.5748,s,V,Menzies K.,,"A,0461,,,,",
39886,-0.001,58067.549,p,vis,Chris Stephan,,"J,0064,,,,",
40653,0.0005,58313.542,p,BVRI,Oezavci I,,"E,0203,,,,35cm+Apogee",
40653,0.0006,58313.5421,p,-Ir,Agerer Franz,,"D,0033,,,,Sigma 1603",
40653,0.0006,58313.5421,p,-Ir,Agerer Franz,,"D,0033,,,,Sigma 1603",
40699,-0.0005,58328.4541,s,BVRI,Oezavci I,,"E,0203,,,,35cm+Apogee",
40728,-0.0003,58337.7551,s,V,Samolyk G.,,"A,0462,,,,",
40843,0.0001,58374.6382,s,V,Samolyk G,,"A,,,,JAAVSO 47,",
40871,0.0021,58383.4603,p,V,Arranz T,,"A,,,,JAAVSO 47,",
40914,0.001,58397.4101,s,BVRI,Oezavci I,,"E,0203,,,,35cm+Apogee",
40917,0.0007,58398.3721,s,BVRI,Oezavci I,,"E,0203,,,,35cm+Apogee",
40921,0.0022,58399.4964,p,BVRI,Oezavci I,,"E,0203,,,,35cm+Apogee",
40964,0.0028,58413.2879,p,V,Corp L,,,"A,,,,JAAVSO 47,"
40965,0.0017,58413.6075,p,V,Samolyk G,,"A,,,,JAAVSO 47,",
41070,0.003,58447.2844,p,BVRI,Oezavci I,,"E,0203,,,,35cm+Apogee",
41104,0.0022,58458.348,s,V,Arranz T,,"A,,,,JAAVSO 47,",
41956,0.0097,58731.4481,p,-Ir,Agerer Franz,,"D,0033,,,,Sigma 1603",
41956,0.0097,58731.4481,p,-Ir,Agerer Franz,,"D,0033,,,,Sigma 1603",
41956,0.0074,58731.6058,s,-Ir,Agerer Franz,,"D,0033,,,,Sigma 1603",
41956,0.0074,58731.6058,s,-Ir,Agerer Franz,,"D,0033,,,,Sigma 1603",
41991,0.0075,58742.671,p,vis,Chris Stephan,,"J,0067,,,,",
42025,0.013,58753.581,p,vis,Chris Stephan,,"J,0067,,,,",
43074,0.0082,59090.0104,p,V,Mizutani Masanor,"J,0069,,,,20RC+G2-8300",,
43107,0.0131,59100.599,p,vis,Chris Stephan,,"J,0069,,,,",
43112,0.0081,59102.3576,s,cG,Kasai Kiyoshi,,"J,0069,,,,10L+EOS.Kiss",
43144,0.0035,59112.616,s,vis,Chris Stephan,,"J,0069,,,,",
43150,0.0079,59114.3847,p,cG,Kasai Kiyoshi,,"J,0069,,,,10L+EOS.Kiss",
43197,0.0014,59129.612,s,vis,Chris Stephan,,"J,0069,,,,",
43352,0.0058,59179.3279,s,cG,Kasai Kiyoshi,,"J,0069,,,,10L+EOS.Kiss",
43368,0.0062,59184.2998,p,cG,Kasai Kiyoshi,,"J,0069,,,,10L+EOS.Kiss",
43936,0.0008,59366.4627,p,V,Dufoer Sjoerd,,"D,0055,,,,20cm+ST8",
